date,origin,destination,cargo,vessel_type,quantity_mt,freight_rate,fuel_price,commodity_price,port_congestion,demand_index,supply_index
2023-01-01,South Africa,Kakinada,Bauxite,Panamax,80263,93.82,631.09,177.57,54.72,95.35,56.49
2023-01-01,South Africa,Krishnapatnam,Iron Ore,Panamax,84925,94.26,631.09,177.57,54.72,95.35,56.49
2023-01-01,Russia,Paradip,Fertilizer,Handymax,48693,84.29,631.09,177.57,54.72,95.35,56.49
2023-01-01,Russia,Chennai,Coal,Handysize,45658,83.18,631.09,177.57,54.72,95.35,56.49
2023-01-01,Brazil,Kakinada,Fertilizer,Panamax,51551,91.19,631.09,177.57,54.72,95.35,56.49
2023-01-01,Australia,Kakinada,Bauxite,Supramax,61606,89.52,631.09,177.57,54.72,95.35,56.49
2023-01-01,Russia,Visakhapatnam,Fertilizer,Panamax,43483,93.08,631.09,177.57,54.72,95.35,56.49
2023-01-01,Brazil,Krishnapatnam,Wheat,Handysize,112067,85.37,631.09,177.57,54.72,95.35,56.49
2023-01-02,Russia,Kakinada,Fertilizer,Supramax,90592,75.89,648.8,103.29,34.43,65.58,61.0
2023-01-02,Australia,Chennai,Iron Ore,Handysize,109135,79.63,648.8,103.29,34.43,65.58,61.0
2023-01-02,Russia,Visakhapatnam,Iron Ore,Handysize,72251,77.09,648.8,103.29,34.43,65.58,61.0
2023-01-02,Brazil,Kakinada,Wheat,Handysize,53159,72.8,648.8,103.29,34.43,65.58,61.0
2023-01-02,Brazil,Paradip,Bauxite,Capesize,94065,89.0,648.8,103.29,34.43,65.58,61.0
2023-01-02,Russia,Visakhapatnam,Coal,Panamax,59099,78.93,648.8,103.29,34.43,65.58,61.0
2023-01-02,Indonesia,Visakhapatnam,Fertilizer,Handymax,57065,74.57,648.8,103.29,34.43,65.58,61.0
2023-01-02,Russia,Paradip,Coal,Handysize,82592,74.16,648.8,103.29,34.43,65.58,61.0
2023-01-03,South Africa,Visakhapatnam,Fertilizer,Handysize,64262,82.5,634.02,179.67,52.02,83.54,48.3
2023-01-03,South Africa,Kakinada,Coal,Capesize,117504,96.93,634.02,179.67,52.02,83.54,48.3
2023-01-03,South Africa,Paradip,Fertilizer,Capesize,75016,96.26,634.02,179.67,52.02,83.54,48.3
2023-01-03,Brazil,Chennai,Fertilizer,Panamax,45939,89.83,634.02,179.67,52.02,83.54,48.3
2023-01-03,Russia,Kakinada,Coal,Panamax,74268,94.12,634.02,179.67,52.02,83.54,48.3
2023-01-03,Russia,Kakinada,Bauxite,Panamax,75820,93.4,634.02,179.67,52.02,83.54,48.3
2023-01-03,South Africa,Paradip,Iron Ore,Handymax,43419,85.7,634.02,179.67,52.02,83.54,48.3
2023-01-03,South Africa,Kakinada,Fertilizer,Handymax,84044,84.39,634.02,179.67,52.02,83.54,48.3
2023-01-04,Australia,Paradip,Iron Ore,Panamax,103211,93.78,830.02,114.82,32.97,100.0,62.62
2023-01-04,Australia,Krishnapatnam,Coal,Handysize,46736,78.78,830.02,114.82,32.97,100.0,62.62
2023-01-04,Indonesia,Visakhapatnam,Fertilizer,Capesize,58623,93.1,830.02,114.82,32.97,100.0,62.62
2023-01-04,Indonesia,Krishnapatnam,Fertilizer,Handymax,46309,83.72,830.02,114.82,32.97,100.0,62.62
2023-01-04,Brazil,Kakinada,Wheat,Handysize,45342,79.81,830.02,114.82,32.97,100.0,62.62
2023-01-04,Indonesia,Kakinada,Coal,Handysize,62107,85.39,830.02,114.82,32.97,100.0,62.62
2023-01-04,South Africa,Krishnapatnam,Wheat,Panamax,22811,84.31,830.02,114.82,32.97,100.0,62.62
2023-01-04,Brazil,Paradip,Coal,Handymax,31111,83.79,830.02,114.82,32.97,100.0,62.62
2023-01-05,Indonesia,Visakhapatnam,Wheat,Capesize,114179,82.62,548.13,116.61,39.65,80.84,75.66
2023-01-05,Australia,Chennai,Wheat,Supramax,65525,74.33,548.13,116.61,39.65,80.84,75.66
2023-01-05,Russia,Chennai,Wheat,Handysize,90271,73.43,548.13,116.61,39.65,80.84,75.66
2023-01-05,South Africa,Paradip,Wheat,Handysize,88497,74.01,548.13,116.61,39.65,80.84,75.66
2023-01-05,Australia,Chennai,Bauxite,Capesize,49855,82.76,548.13,116.61,39.65,80.84,75.66
2023-01-05,South Africa,Kakinada,Wheat,Panamax,26295,80.32,548.13,116.61,39.65,80.84,75.66
2023-01-05,Australia,Chennai,Fertilizer,Handysize,22049,71.86,548.13,116.61,39.65,80.84,75.66
2023-01-05,Australia,Chennai,Wheat,Handysize,52711,72.03,548.13,116.61,39.65,80.84,75.66
2023-01-06,Indonesia,Krishnapatnam,Coal,Panamax,59790,84.92,840.55,121.81,32.76,76.65,72.41
2023-01-06,Russia,Kakinada,Fertilizer,Supramax,93744,84.68,840.55,121.81,32.76,76.65,72.41
2023-01-06,Brazil,Chennai,Bauxite,Capesize,63525,92.6,840.55,121.81,32.76,76.65,72.41
2023-01-06,Russia,Kakinada,Fertilizer,Handysize,85726,80.99,840.55,121.81,32.76,76.65,72.41
2023-01-06,Russia,Krishnapatnam,Coal,Supramax,46641,85.76,840.55,121.81,32.76,76.65,72.41
2023-01-06,Indonesia,Kakinada,Iron Ore,Handymax,76958,84.43,840.55,121.81,32.76,76.65,72.41
2023-01-06,South Africa,Visakhapatnam,Iron Ore,Handymax,86320,85.43,840.55,121.81,32.76,76.65,72.41
2023-01-06,Indonesia,Visakhapatnam,Wheat,Handymax,49592,82.99,840.55,121.81,32.76,76.65,72.41
2023-01-07,Indonesia,Paradip,Bauxite,Capesize,23343,92.78,714.03,90.66,36.66,70.58,36.59
2023-01-07,Russia,Paradip,Iron Ore,Handymax,36896,81.65,714.03,90.66,36.66,70.58,36.59
2023-01-07,South Africa,Paradip,Wheat,Panamax,45945,83.2,714.03,90.66,36.66,70.58,36.59
2023-01-07,Brazil,Krishnapatnam,Iron Ore,Panamax,103613,91.61,714.03,90.66,36.66,70.58,36.59
2023-01-07,Brazil,Krishnapatnam,Fertilizer,Capesize,78335,92.94,714.03,90.66,36.66,70.58,36.59
2023-01-07,Indonesia,Visakhapatnam,Coal,Panamax,90313,84.58,714.03,90.66,36.66,70.58,36.59
2023-01-07,South Africa,Paradip,Iron Ore,Capesize,42677,94.09,714.03,90.66,36.66,70.58,36.59
2023-01-07,Brazil,Krishnapatnam,Coal,Capesize,23051,89.68,714.03,90.66,36.66,70.58,36.59
2023-01-08,South Africa,Krishnapatnam,Coal,Capesize,81389,94.7,652.49,155.5,48.4,73.8,51.11
2023-01-08,Brazil,Paradip,Bauxite,Handymax,43049,84.35,652.49,155.5,48.4,73.8,51.11
2023-01-08,Russia,Chennai,Iron Ore,Panamax,60158,97.04,652.49,155.5,48.4,73.8,51.11
2023-01-08,Russia,Chennai,Iron Ore,Handysize,69115,83.1,652.49,155.5,48.4,73.8,51.11
2023-01-08,South Africa,Chennai,Fertilizer,Handymax,31938,79.59,652.49,155.5,48.4,73.8,51.11
2023-01-08,South Africa,Kakinada,Bauxite,Panamax,117856,95.62,652.49,155.5,48.4,73.8,51.11
2023-01-08,Australia,Visakhapatnam,Wheat,Panamax,40764,85.11,652.49,155.5,48.4,73.8,51.11
2023-01-08,Russia,Visakhapatnam,Iron Ore,Handymax,96797,86.18,652.49,155.5,48.4,73.8,51.11
2023-01-09,Brazil,Kakinada,Iron Ore,Capesize,109112,92.61,785.06,110.69,50.36,62.11,73.49
2023-01-09,Brazil,Kakinada,Bauxite,Panamax,80566,86.32,785.06,110.69,50.36,62.11,73.49
2023-01-09,Russia,Kakinada,Wheat,Handysize,99459,76.42,785.06,110.69,50.36,62.11,73.49
2023-01-09,Brazil,Krishnapatnam,Coal,Supramax,56939,83.08,785.06,110.69,50.36,62.11,73.49
2023-01-09,Russia,Chennai,Coal,Capesize,63286,87.05,785.06,110.69,50.36,62.11,73.49
2023-01-09,Australia,Kakinada,Coal,Handysize,34397,71.71,785.06,110.69,50.36,62.11,73.49
2023-01-09,Brazil,Visakhapatnam,Bauxite,Handysize,55735,74.69,785.06,110.69,50.36,62.11,73.49
2023-01-09,Brazil,Paradip,Bauxite,Capesize,112920,92.59,785.06,110.69,50.36,62.11,73.49
2023-01-10,South Africa,Visakhapatnam,Fertilizer,Handysize,43625,83.38,825.83,179.92,48.74,77.37,85.13
2023-01-10,Russia,Visakhapatnam,Coal,Handymax,108858,88.32,825.83,179.92,48.74,77.37,85.13
2023-01-10,Indonesia,Visakhapatnam,Bauxite,Capesize,74693,100.44,825.83,179.92,48.74,77.37,85.13
2023-01-10,Australia,Krishnapatnam,Fertilizer,Panamax,55909,90.61,825.83,179.92,48.74,77.37,85.13
2023-01-10,Brazil,Kakinada,Bauxite,Panamax,46790,95.01,825.83,179.92,48.74,77.37,85.13
2023-01-10,South Africa,Krishnapatnam,Bauxite,Handymax,29435,86.45,825.83,179.92,48.74,77.37,85.13
2023-01-10,Indonesia,Chennai,Fertilizer,Capesize,45470,97.79,825.83,179.92,48.74,77.37,85.13
2023-01-10,Russia,Chennai,Coal,Panamax,48016,93.87,825.83,179.92,48.74,77.37,85.13
2023-01-11,Indonesia,Kakinada,Bauxite,Handysize,85545,80.35,529.01,135.34,65.38,68.2,60.68
2023-01-11,Russia,Krishnapatnam,Wheat,Capesize,65445,83.4,529.01,135.34,65.38,68.2,60.68
2023-01-11,Russia,Paradip,Fertilizer,Supramax,67605,83.9,529.01,135.34,65.38,68.2,60.68
2023-01-11,Indonesia,Chennai,Iron Ore,Panamax,47355,83.76,529.01,135.34,65.38,68.2,60.68
2023-01-11,Brazil,Visakhapatnam,Fertilizer,Panamax,49703,83.84,529.01,135.34,65.38,68.2,60.68
2023-01-11,Australia,Krishnapatnam,Wheat,Handysize,27114,75.15,529.01,135.34,65.38,68.2,60.68
2023-01-11,Brazil,Kakinada,Wheat,Panamax,91726,86.07,529.01,135.34,65.38,68.2,60.68
2023-01-11,Russia,Krishnapatnam,Wheat,Panamax,41732,82.45,529.01,135.34,65.38,68.2,60.68
2023-01-12,South Africa,Kakinada,Coal,Capesize,40384,80.74,845.55,97.54,37.96,46.8,80.31
2023-01-12,Australia,Krishnapatnam,Fertilizer,Handysize,80100,72.03,845.55,97.54,37.96,46.8,80.31
2023-01-12,Russia,Kakinada,Bauxite,Capesize,89172,87.48,845.55,97.54,37.96,46.8,80.31
2023-01-12,Australia,Kakinada,Bauxite,Capesize,77091,84.54,845.55,97.54,37.96,46.8,80.31
2023-01-12,Australia,Paradip,Iron Ore,Panamax,27239,83.24,845.55,97.54,37.96,46.8,80.31
2023-01-12,South Africa,Kakinada,Iron Ore,Panamax,62944,83.47,845.55,97.54,37.96,46.8,80.31
2023-01-12,Brazil,Krishnapatnam,Wheat,Handysize,108464,74.97,845.55,97.54,37.96,46.8,80.31
2023-01-12,Indonesia,Kakinada,Wheat,Panamax,26949,81.98,845.55,97.54,37.96,46.8,80.31
2023-01-13,Indonesia,Krishnapatnam,Bauxite,Handysize,36907,81.09,712.83,146.16,31.97,74.25,65.4
2023-01-13,Indonesia,Krishnapatnam,Iron Ore,Supramax,43954,84.2,712.83,146.16,31.97,74.25,65.4
2023-01-13,Australia,Kakinada,Wheat,Supramax,89724,83.56,712.83,146.16,31.97,74.25,65.4
2023-01-13,Indonesia,Visakhapatnam,Coal,Handymax,101818,80.54,712.83,146.16,31.97,74.25,65.4
2023-01-13,Brazil,Krishnapatnam,Iron Ore,Capesize,25569,92.83,712.83,146.16,31.97,74.25,65.4
2023-01-13,Russia,Krishnapatnam,Fertilizer,Handymax,75479,81.07,712.83,146.16,31.97,74.25,65.4
2023-01-13,Australia,Chennai,Iron Ore,Supramax,63088,89.22,712.83,146.16,31.97,74.25,65.4
2023-01-13,Russia,Kakinada,Wheat,Supramax,26254,78.47,712.83,146.16,31.97,74.25,65.4
2023-01-14,Australia,Paradip,Wheat,Capesize,107731,95.53,805.75,174.59,48.21,70.82,56.69
2023-01-14,Indonesia,Chennai,Iron Ore,Capesize,24621,95.68,805.75,174.59,48.21,70.82,56.69
2023-01-14,South Africa,Kakinada,Wheat,Supramax,58638,85.81,805.75,174.59,48.21,70.82,56.69
2023-01-14,Australia,Krishnapatnam,Fertilizer,Handymax,21062,81.71,805.75,174.59,48.21,70.82,56.69
2023-01-14,Australia,Paradip,Iron Ore,Panamax,24632,94.57,805.75,174.59,48.21,70.82,56.69
2023-01-14,Brazil,Visakhapatnam,Wheat,Handysize,46734,84.62,805.75,174.59,48.21,70.82,56.69
2023-01-14,Brazil,Visakhapatnam,Coal,Panamax,92274,91.12,805.75,174.59,48.21,70.82,56.69
2023-01-14,Brazil,Visakhapatnam,Iron Ore,Supramax,95703,90.99,805.75,174.59,48.21,70.82,56.69
2023-01-15,Indonesia,Krishnapatnam,Iron Ore,Panamax,59809,81.36,674.39,115.53,35.74,53.62,77.83
2023-01-15,South Africa,Chennai,Bauxite,Supramax,67362,78.11,674.39,115.53,35.74,53.62,77.83
2023-01-15,Brazil,Paradip,Iron Ore,Capesize,21917,83.41,674.39,115.53,35.74,53.62,77.83
2023-01-15,Russia,Visakhapatnam,Fertilizer,Handysize,21342,72.24,674.39,115.53,35.74,53.62,77.83
2023-01-15,South Africa,Paradip,Iron Ore,Supramax,99239,81.87,674.39,115.53,35.74,53.62,77.83
2023-01-15,Indonesia,Chennai,Fertilizer,Supramax,107886,76.47,674.39,115.53,35.74,53.62,77.83
2023-01-15,Australia,Kakinada,Wheat,Capesize,96323,83.19,674.39,115.53,35.74,53.62,77.83
2023-01-15,Indonesia,Kakinada,Bauxite,Panamax,26469,81.46,674.39,115.53,35.74,53.62,77.83
2023-01-16,Australia,Paradip,Iron Ore,Capesize,56455,92.37,708.47,129.66,56.57,45.95,44.51
2023-01-16,South Africa,Krishnapatnam,Coal,Handysize,39096,76.55,708.47,129.66,56.57,45.95,44.51
2023-01-16,Indonesia,Chennai,Coal,Capesize,102985,93.69,708.47,129.66,56.57,45.95,44.51
2023-01-16,South Africa,Kakinada,Iron Ore,Panamax,100910,86.16,708.47,129.66,56.57,45.95,44.51
2023-01-16,Brazil,Krishnapatnam,Wheat,Handysize,78596,75.58,708.47,129.66,56.57,45.95,44.51
2023-01-16,Australia,Visakhapatnam,Fertilizer,Supramax,25415,79.75,708.47,129.66,56.57,45.95,44.51
2023-01-16,Australia,Krishnapatnam,Fertilizer,Panamax,62929,85.82,708.47,129.66,56.57,45.95,44.51
2023-01-16,Russia,Krishnapatnam,Bauxite,Supramax,43930,82.65,708.47,129.66,56.57,45.95,44.51
2023-01-17,Australia,Chennai,Iron Ore,Handymax,63872,89.41,807.52,132.04,52.19,96.25,74.55
2023-01-17,Russia,Chennai,Bauxite,Panamax,60631,99.22,807.52,132.04,52.19,96.25,74.55
2023-01-17,Russia,Chennai,Fertilizer,Capesize,40609,94.64,807.52,132.04,52.19,96.25,74.55
2023-01-17,South Africa,Kakinada,Wheat,Panamax,119097,90.08,807.52,132.04,52.19,96.25,74.55
2023-01-17,South Africa,Visakhapatnam,Iron Ore,Supramax,22443,87.24,807.52,132.04,52.19,96.25,74.55
2023-01-17,Indonesia,Krishnapatnam,Iron Ore,Handysize,35328,85.33,807.52,132.04,52.19,96.25,74.55
2023-01-17,Brazil,Krishnapatnam,Bauxite,Handymax,47632,87.94,807.52,132.04,52.19,96.25,74.55
2023-01-17,Brazil,Visakhapatnam,Coal,Supramax,64327,88.33,807.52,132.04,52.19,96.25,74.55
2023-01-18,Brazil,Visakhapatnam,Bauxite,Handysize,90480,74.21,557.93,101.13,37.95,65.4,74.28
2023-01-18,Australia,Paradip,Bauxite,Supramax,44442,77.83,557.93,101.13,37.95,65.4,74.28
2023-01-18,Brazil,Paradip,Coal,Panamax,72853,78.64,557.93,101.13,37.95,65.4,74.28
2023-01-18,Australia,Chennai,Bauxite,Handysize,57148,74.65,557.93,101.13,37.95,65.4,74.28
2023-01-18,Indonesia,Paradip,Wheat,Panamax,69688,75.07,557.93,101.13,37.95,65.4,74.28
2023-01-18,Indonesia,Kakinada,Iron Ore,Handymax,28666,72.43,557.93,101.13,37.95,65.4,74.28
2023-01-18,South Africa,Kakinada,Fertilizer,Supramax,99026,78.55,557.93,101.13,37.95,65.4,74.28
2023-01-18,South Africa,Krishnapatnam,Coal,Capesize,117416,84.99,557.93,101.13,37.95,65.4,74.28
2023-01-19,South Africa,Visakhapatnam,Coal,Supramax,68302,85.1,779.92,117.44,78.85,63.9,76.29
2023-01-19,Indonesia,Visakhapatnam,Fertilizer,Handysize,46737,82.43,779.92,117.44,78.85,63.9,76.29
2023-01-19,Brazil,Paradip,Bauxite,Supramax,98623,87.76,779.92,117.44,78.85,63.9,76.29
2023-01-19,Indonesia,Visakhapatnam,Wheat,Handymax,72603,83.46,779.92,117.44,78.85,63.9,76.29
2023-01-19,South Africa,Kakinada,Bauxite,Handysize,105230,78.65,779.92,117.44,78.85,63.9,76.29
2023-01-19,Russia,Kakinada,Wheat,Handysize,105595,79.31,779.92,117.44,78.85,63.9,76.29
2023-01-19,South Africa,Chennai,Fertilizer,Capesize,106925,92.59,779.92,117.44,78.85,63.9,76.29
2023-01-19,Indonesia,Visakhapatnam,Coal,Capesize,73394,95.78,779.92,117.44,78.85,63.9,76.29
2023-01-20,Brazil,Krishnapatnam,Coal,Capesize,94182,101.61,818.72,144.98,59.37,87.58,52.39
2023-01-20,Russia,Visakhapatnam,Bauxite,Supramax,101182,94.37,818.72,144.98,59.37,87.58,52.39
2023-01-20,Indonesia,Paradip,Bauxite,Handysize,98411,91.49,818.72,144.98,59.37,87.58,52.39
2023-01-20,Indonesia,Krishnapatnam,Wheat,Handymax,81268,87.24,818.72,144.98,59.37,87.58,52.39
2023-01-20,South Africa,Chennai,Fertilizer,Capesize,53572,99.92,818.72,144.98,59.37,87.58,52.39
2023-01-20,Australia,Visakhapatnam,Wheat,Handysize,48529,88.59,818.72,144.98,59.37,87.58,52.39
2023-01-20,Indonesia,Krishnapatnam,Fertilizer,Supramax,37771,85.61,818.72,144.98,59.37,87.58,52.39
2023-01-20,Australia,Kakinada,Fertilizer,Handymax,96908,90.07,818.72,144.98,59.37,87.58,52.39
2023-01-21,Indonesia,Paradip,Iron Ore,Handymax,21524,85.27,700.65,166.31,66.06,65.07,32.18
2023-01-21,Indonesia,Paradip,Wheat,Supramax,48145,88.87,700.65,166.31,66.06,65.07,32.18
2023-01-21,Australia,Paradip,Bauxite,Supramax,103559,89.61,700.65,166.31,66.06,65.07,32.18
2023-01-21,South Africa,Paradip,Wheat,Capesize,58890,91.89,700.65,166.31,66.06,65.07,32.18
2023-01-21,South Africa,Paradip,Wheat,Capesize,31555,92.13,700.65,166.31,66.06,65.07,32.18
2023-01-21,Australia,Kakinada,Wheat,Handymax,73302,82.66,700.65,166.31,66.06,65.07,32.18
2023-01-21,South Africa,Visakhapatnam,Bauxite,Capesize,73002,96.5,700.65,166.31,66.06,65.07,32.18
2023-01-21,Russia,Paradip,Iron Ore,Panamax,94478,97.21,700.65,166.31,66.06,65.07,32.18
2023-01-22,South Africa,Paradip,Bauxite,Handysize,69481,79.07,595.25,141.52,59.59,61.59,56.29
2023-01-22,Brazil,Kakinada,Bauxite,Handysize,21750,81.09,595.25,141.52,59.59,61.59,56.29
2023-01-22,Russia,Paradip,Iron Ore,Handysize,97454,79.91,595.25,141.52,59.59,61.59,56.29
2023-01-22,Indonesia,Visakhapatnam,Coal,Handymax,76276,80.08,595.25,141.52,59.59,61.59,56.29
2023-01-22,Indonesia,Krishnapatnam,Coal,Supramax,100559,83.17,595.25,141.52,59.59,61.59,56.29
2023-01-22,Russia,Visakhapatnam,Fertilizer,Supramax,57265,79.34,595.25,141.52,59.59,61.59,56.29
2023-01-22,South Africa,Visakhapatnam,Coal,Supramax,55435,80.13,595.25,141.52,59.59,61.59,56.29
2023-01-22,Brazil,Paradip,Fertilizer,Capesize,35317,90.17,595.25,141.52,59.59,61.59,56.29
2023-01-23,Australia,Paradip,Coal,Panamax,117419,90.35,611.56,145.09,49.01,85.84,61.23
2023-01-23,Brazil,Chennai,Wheat,Panamax,101470,87.98,611.56,145.09,49.01,85.84,61.23
2023-01-23,South Africa,Krishnapatnam,Iron Ore,Handysize,44262,77.96,611.56,145.09,49.01,85.84,61.23
2023-01-23,Indonesia,Krishnapatnam,Coal,Handysize,110093,80.1,611.56,145.09,49.01,85.84,61.23
2023-01-23,South Africa,Kakinada,Fertilizer,Capesize,49629,92.32,611.56,145.09,49.01,85.84,61.23
2023-01-23,Australia,Visakhapatnam,Coal,Panamax,32676,87.82,611.56,145.09,49.01,85.84,61.23
2023-01-23,Australia,Krishnapatnam,Bauxite,Panamax,32984,84.48,611.56,145.09,49.01,85.84,61.23
2023-01-23,Australia,Paradip,Wheat,Capesize,53933,90.89,611.56,145.09,49.01,85.84,61.23
2023-01-24,Indonesia,Kakinada,Bauxite,Capesize,93781,83.12,542.12,87.19,37.44,66.26,58.44
2023-01-24,Indonesia,Visakhapatnam,Coal,Supramax,48831,72.17,542.12,87.19,37.44,66.26,58.44
2023-01-24,South Africa,Krishnapatnam,Bauxite,Handysize,79720,66.95,542.12,87.19,37.44,66.26,58.44
2023-01-24,South Africa,Chennai,Bauxite,Handysize,37602,68.42,542.12,87.19,37.44,66.26,58.44
2023-01-24,Australia,Visakhapatnam,Fertilizer,Handymax,49192,71.54,542.12,87.19,37.44,66.26,58.44
2023-01-24,South Africa,Kakinada,Iron Ore,Panamax,53742,79.26,542.12,87.19,37.44,66.26,58.44
2023-01-24,South Africa,Krishnapatnam,Iron Ore,Handymax,114661,77.3,542.12,87.19,37.44,66.26,58.44
2023-01-24,South Africa,Visakhapatnam,Wheat,Capesize,119616,81.71,542.12,87.19,37.44,66.26,58.44
2023-01-25,Brazil,Visakhapatnam,Fertilizer,Supramax,70192,91.35,807.52,162.24,58.99,78.83,66.08
2023-01-25,Brazil,Krishnapatnam,Bauxite,Panamax,92595,96.08,807.52,162.24,58.99,78.83,66.08
2023-01-25,Russia,Kakinada,Wheat,Handymax,107272,86.77,807.52,162.24,58.99,78.83,66.08
2023-01-25,Australia,Paradip,Iron Ore,Panamax,57311,94.27,807.52,162.24,58.99,78.83,66.08
2023-01-25,South Africa,Krishnapatnam,Iron Ore,Panamax,68845,96.1,807.52,162.24,58.99,78.83,66.08
2023-01-25,South Africa,Chennai,Bauxite,Supramax,69708,91.5,807.52,162.24,58.99,78.83,66.08
2023-01-25,South Africa,Krishnapatnam,Coal,Capesize,106206,100.36,807.52,162.24,58.99,78.83,66.08
2023-01-25,Russia,Krishnapatnam,Fertilizer,Handymax,107263,87.46,807.52,162.24,58.99,78.83,66.08
2023-01-26,Brazil,Krishnapatnam,Fertilizer,Capesize,64064,90.92,665.75,88.29,59.65,100.0,48.9
2023-01-26,South Africa,Kakinada,Iron Ore,Handymax,31745,79.14,665.75,88.29,59.65,100.0,48.9
2023-01-26,Indonesia,Krishnapatnam,Fertilizer,Handysize,109186,78.08,665.75,88.29,59.65,100.0,48.9
2023-01-26,Russia,Krishnapatnam,Wheat,Panamax,70975,86.03,665.75,88.29,59.65,100.0,48.9
2023-01-26,Indonesia,Chennai,Wheat,Supramax,72930,84.75,665.75,88.29,59.65,100.0,48.9
2023-01-26,Russia,Kakinada,Fertilizer,Supramax,83416,84.56,665.75,88.29,59.65,100.0,48.9
2023-01-26,Russia,Kakinada,Wheat,Handysize,32857,76.76,665.75,88.29,59.65,100.0,48.9
2023-01-26,Russia,Kakinada,Coal,Handysize,102711,82.05,665.75,88.29,59.65,100.0,48.9
2023-01-27,Indonesia,Kakinada,Bauxite,Handysize,84288,83.93,628.98,168.94,52.58,72.07,64.05
2023-01-27,Brazil,Chennai,Coal,Handymax,94663,81.61,628.98,168.94,52.58,72.07,64.05
2023-01-27,Australia,Paradip,Fertilizer,Handysize,72269,81.38,628.98,168.94,52.58,72.07,64.05
2023-01-27,Russia,Paradip,Bauxite,Handymax,46589,86.85,628.98,168.94,52.58,72.07,64.05
2023-01-27,Russia,Kakinada,Iron Ore,Panamax,59110,89.84,628.98,168.94,52.58,72.07,64.05
2023-01-27,Australia,Paradip,Fertilizer,Panamax,54531,88.58,628.98,168.94,52.58,72.07,64.05
2023-01-27,Australia,Paradip,Fertilizer,Capesize,69268,88.69,628.98,168.94,52.58,72.07,64.05
2023-01-27,South Africa,Krishnapatnam,Fertilizer,Capesize,25655,90.68,628.98,168.94,52.58,72.07,64.05
2023-01-28,Indonesia,Visakhapatnam,Iron Ore,Handymax,88577,78.81,622.72,85.82,45.56,69.81,49.02
2023-01-28,South Africa,Krishnapatnam,Wheat,Supramax,21925,75.06,622.72,85.82,45.56,69.81,49.02
2023-01-28,Australia,Paradip,Coal,Handymax,110827,78.06,622.72,85.82,45.56,69.81,49.02
2023-01-28,Brazil,Kakinada,Wheat,Panamax,118511,82.86,622.72,85.82,45.56,69.81,49.02
2023-01-28,Brazil,Visakhapatnam,Iron Ore,Supramax,76446,84.71,622.72,85.82,45.56,69.81,49.02
2023-01-28,South Africa,Visakhapatnam,Fertilizer,Panamax,21560,79.99,622.72,85.82,45.56,69.81,49.02
2023-01-28,Russia,Kakinada,Iron Ore,Supramax,40022,83.49,622.72,85.82,45.56,69.81,49.02
2023-01-28,Russia,Krishnapatnam,Wheat,Panamax,40049,78.74,622.72,85.82,45.56,69.81,49.02
2023-01-29,Brazil,Visakhapatnam,Iron Ore,Panamax,65350,82.8,507.3,147.83,52.59,42.54,47.35
2023-01-29,Brazil,Visakhapatnam,Fertilizer,Handymax,53142,72.77,507.3,147.83,52.59,42.54,47.35
2023-01-29,Indonesia,Krishnapatnam,Coal,Supramax,39975,74.69,507.3,147.83,52.59,42.54,47.35
2023-01-29,Indonesia,Kakinada,Wheat,Handymax,62229,70.9,507.3,147.83,52.59,42.54,47.35
2023-01-29,Indonesia,Paradip,Wheat,Handysize,92099,72.18,507.3,147.83,52.59,42.54,47.35
2023-01-29,Brazil,Chennai,Fertilizer,Panamax,119259,85.31,507.3,147.83,52.59,42.54,47.35
2023-01-29,Australia,Chennai,Coal,Capesize,79321,85.0,507.3,147.83,52.59,42.54,47.35
2023-01-29,South Africa,Kakinada,Bauxite,Capesize,36309,85.65,507.3,147.83,52.59,42.54,47.35
2023-01-30,Australia,Chennai,Iron Ore,Handysize,81272,79.11,653.01,92.24,42.87,96.65,35.31
2023-01-30,Brazil,Chennai,Bauxite,Supramax,72233,87.75,653.01,92.24,42.87,96.65,35.31
2023-01-30,South Africa,Visakhapatnam,Bauxite,Handymax,96619,82.64,653.01,92.24,42.87,96.65,35.31
2023-01-30,Brazil,Kakinada,Fertilizer,Handysize,102495,81.81,653.01,92.24,42.87,96.65,35.31
2023-01-30,Brazil,Chennai,Coal,Supramax,75204,85.53,653.01,92.24,42.87,96.65,35.31
2023-01-30,Australia,Paradip,Fertilizer,Panamax,103310,83.06,653.01,92.24,42.87,96.65,35.31
2023-01-30,Brazil,Kakinada,Bauxite,Panamax,40337,85.0,653.01,92.24,42.87,96.65,35.31
2023-01-30,Russia,Krishnapatnam,Wheat,Capesize,49856,90.02,653.01,92.24,42.87,96.65,35.31
2023-01-31,Australia,Krishnapatnam,Bauxite,Handysize,59882,76.25,677.53,86.66,47.09,79.29,58.0
2023-01-31,Russia,Krishnapatnam,Coal,Handymax,28125,78.81,677.53,86.66,47.09,79.29,58.0
2023-01-31,Brazil,Visakhapatnam,Bauxite,Panamax,111749,88.11,677.53,86.66,47.09,79.29,58.0
2023-01-31,South Africa,Paradip,Fertilizer,Handysize,51890,75.53,677.53,86.66,47.09,79.29,58.0
2023-01-31,Russia,Visakhapatnam,Coal,Handymax,108009,77.89,677.53,86.66,47.09,79.29,58.0
2023-01-31,Russia,Chennai,Iron Ore,Handymax,102811,81.59,677.53,86.66,47.09,79.29,58.0
2023-01-31,South Africa,Visakhapatnam,Fertilizer,Panamax,59062,84.9,677.53,86.66,47.09,79.29,58.0
2023-01-31,Indonesia,Visakhapatnam,Coal,Handymax,56487,78.4,677.53,86.66,47.09,79.29,58.0
2023-02-01,Australia,Krishnapatnam,Coal,Panamax,29108,89.12,807.26,116.05,42.92,69.54,74.22
2023-02-01,Australia,Paradip,Coal,Supramax,42443,80.45,807.26,116.05,42.92,69.54,74.22
2023-02-01,Indonesia,Kakinada,Wheat,Handymax,45537,75.36,807.26,116.05,42.92,69.54,74.22
2023-02-01,Indonesia,Visakhapatnam,Fertilizer,Capesize,84732,90.67,807.26,116.05,42.92,69.54,74.22
2023-02-01,Indonesia,Paradip,Fertilizer,Capesize,101889,89.29,807.26,116.05,42.92,69.54,74.22
2023-02-01,Brazil,Kakinada,Iron Ore,Panamax,98714,91.8,807.26,116.05,42.92,69.54,74.22
2023-02-01,South Africa,Krishnapatnam,Bauxite,Supramax,89967,88.71,807.26,116.05,42.92,69.54,74.22
2023-02-01,Australia,Chennai,Wheat,Supramax,65379,84.02,807.26,116.05,42.92,69.54,74.22
2023-02-02,Brazil,Visakhapatnam,Wheat,Panamax,27227,89.34,827.05,119.49,44.49,60.07,46.94
2023-02-02,Australia,Krishnapatnam,Iron Ore,Handysize,54084,85.05,827.05,119.49,44.49,60.07,46.94
2023-02-02,Russia,Chennai,Coal,Handymax,57384,82.07,827.05,119.49,44.49,60.07,46.94
2023-02-02,Russia,Visakhapatnam,Wheat,Capesize,100758,96.22,827.05,119.49,44.49,60.07,46.94
2023-02-02,Russia,Visakhapatnam,Fertilizer,Panamax,32149,88.88,827.05,119.49,44.49,60.07,46.94
2023-02-02,Indonesia,Visakhapatnam,Coal,Capesize,43171,93.95,827.05,119.49,44.49,60.07,46.94
2023-02-02,South Africa,Krishnapatnam,Fertilizer,Supramax,74691,84.74,827.05,119.49,44.49,60.07,46.94
2023-02-02,Brazil,Visakhapatnam,Bauxite,Handysize,110025,87.4,827.05,119.49,44.49,60.07,46.94
2023-02-03,Australia,Kakinada,Fertilizer,Handymax,114880,81.28,768.33,99.3,53.55,57.2,56.25
2023-02-03,Russia,Kakinada,Fertilizer,Supramax,77993,83.28,768.33,99.3,53.55,57.2,56.25
2023-02-03,Australia,Krishnapatnam,Bauxite,Handysize,27421,78.15,768.33,99.3,53.55,57.2,56.25
2023-02-03,Russia,Visakhapatnam,Wheat,Handymax,52117,77.38,768.33,99.3,53.55,57.2,56.25
2023-02-03,Russia,Paradip,Coal,Supramax,82438,86.76,768.33,99.3,53.55,57.2,56.25
2023-02-03,Brazil,Visakhapatnam,Iron Ore,Capesize,74253,92.39,768.33,99.3,53.55,57.2,56.25
2023-02-03,Brazil,Krishnapatnam,Coal,Panamax,34210,82.85,768.33,99.3,53.55,57.2,56.25
2023-02-03,Australia,Chennai,Bauxite,Handysize,84315,78.22,768.33,99.3,53.55,57.2,56.25
2023-02-04,Russia,Chennai,Fertilizer,Handysize,117912,75.58,523.66,164.37,48.51,50.99,64.96
2023-02-04,Brazil,Visakhapatnam,Bauxite,Panamax,25782,82.55,523.66,164.37,48.51,50.99,64.96
2023-02-04,Indonesia,Paradip,Bauxite,Panamax,85061,86.44,523.66,164.37,48.51,50.99,64.96
2023-02-04,Brazil,Kakinada,Bauxite,Panamax,75922,83.19,523.66,164.37,48.51,50.99,64.96
2023-02-04,Indonesia,Chennai,Iron Ore,Handysize,29686,75.82,523.66,164.37,48.51,50.99,64.96
2023-02-04,Brazil,Visakhapatnam,Fertilizer,Capesize,62828,87.12,523.66,164.37,48.51,50.99,64.96
2023-02-04,Brazil,Krishnapatnam,Iron Ore,Supramax,94069,85.83,523.66,164.37,48.51,50.99,64.96
2023-02-04,Russia,Paradip,Iron Ore,Handysize,88619,81.63,523.66,164.37,48.51,50.99,64.96
2023-02-05,Brazil,Visakhapatnam,Fertilizer,Handymax,110373,76.85,530.67,178.03,25.03,46.79,67.62
2023-02-05,Brazil,Krishnapatnam,Fertilizer,Handymax,117518,78.75,530.67,178.03,25.03,46.79,67.62
2023-02-05,Australia,Visakhapatnam,Iron Ore,Capesize,54594,88.93,530.67,178.03,25.03,46.79,67.62
2023-02-05,South Africa,Chennai,Coal,Capesize,44226,89.88,530.67,178.03,25.03,46.79,67.62
2023-02-05,Indonesia,Kakinada,Iron Ore,Supramax,92909,82.44,530.67,178.03,25.03,46.79,67.62
2023-02-05,Australia,Visakhapatnam,Coal,Capesize,84309,87.42,530.67,178.03,25.03,46.79,67.62
2023-02-05,Australia,Chennai,Coal,Capesize,31138,83.88,530.67,178.03,25.03,46.79,67.62
2023-02-05,Russia,Visakhapatnam,Fertilizer,Handysize,51822,73.8,530.67,178.03,25.03,46.79,67.62
2023-02-06,South Africa,Chennai,Bauxite,Capesize,96373,99.14,837.09,139.28,43.94,81.63,60.97
2023-02-06,Indonesia,Krishnapatnam,Fertilizer,Capesize,100354,102.3,837.09,139.28,43.94,81.63,60.97
2023-02-06,South Africa,Chennai,Coal,Panamax,66851,92.3,837.09,139.28,43.94,81.63,60.97
2023-02-06,Australia,Krishnapatnam,Fertilizer,Panamax,88828,94.38,837.09,139.28,43.94,81.63,60.97
2023-02-06,Indonesia,Kakinada,Iron Ore,Capesize,112062,104.06,837.09,139.28,43.94,81.63,60.97
2023-02-06,Indonesia,Chennai,Wheat,Supramax,99364,89.27,837.09,139.28,43.94,81.63,60.97
2023-02-06,Indonesia,Krishnapatnam,Fertilizer,Capesize,97866,93.7,837.09,139.28,43.94,81.63,60.97
2023-02-06,Australia,Kakinada,Coal,Supramax,81588,90.43,837.09,139.28,43.94,81.63,60.97
2023-02-07,Russia,Paradip,Bauxite,Capesize,79353,91.11,776.62,142.54,29.3,59.43,68.69
2023-02-07,Brazil,Kakinada,Bauxite,Panamax,49300,88.13,776.62,142.54,29.3,59.43,68.69
2023-02-07,Indonesia,Chennai,Iron Ore,Panamax,57487,89.09,776.62,142.54,29.3,59.43,68.69
2023-02-07,Australia,Krishnapatnam,Fertilizer,Capesize,39877,93.34,776.62,142.54,29.3,59.43,68.69
2023-02-07,Indonesia,Krishnapatnam,Iron Ore,Capesize,73352,94.5,776.62,142.54,29.3,59.43,68.69
2023-02-07,Australia,Paradip,Iron Ore,Panamax,23631,86.96,776.62,142.54,29.3,59.43,68.69
2023-02-07,Russia,Paradip,Iron Ore,Handymax,40281,84.54,776.62,142.54,29.3,59.43,68.69
2023-02-07,Brazil,Kakinada,Iron Ore,Supramax,108789,86.56,776.62,142.54,29.3,59.43,68.69
2023-02-08,Indonesia,Visakhapatnam,Bauxite,Panamax,45227,90.32,722.83,145.72,45.48,63.03,66.9
2023-02-08,South Africa,Visakhapatnam,Bauxite,Capesize,59071,95.08,722.83,145.72,45.48,63.03,66.9
2023-02-08,Australia,Paradip,Iron Ore,Handymax,111074,84.64,722.83,145.72,45.48,63.03,66.9
2023-02-08,Australia,Chennai,Fertilizer,Handysize,79560,80.15,722.83,145.72,45.48,63.03,66.9
2023-02-08,Brazil,Kakinada,Fertilizer,Supramax,84027,87.94,722.83,145.72,45.48,63.03,66.9
2023-02-08,South Africa,Paradip,Bauxite,Supramax,109570,86.5,722.83,145.72,45.48,63.03,66.9
2023-02-08,Australia,Krishnapatnam,Bauxite,Handysize,114294,81.89,722.83,145.72,45.48,63.03,66.9
2023-02-08,South Africa,Kakinada,Iron Ore,Capesize,96295,97.7,722.83,145.72,45.48,63.03,66.9
2023-02-09,Australia,Paradip,Wheat,Panamax,69145,88.34,729.77,97.14,53.9,82.68,56.84
2023-02-09,Brazil,Krishnapatnam,Fertilizer,Supramax,118989,86.98,729.77,97.14,53.9,82.68,56.84
2023-02-09,Australia,Krishnapatnam,Wheat,Handymax,68758,80.47,729.77,97.14,53.9,82.68,56.84
2023-02-09,Indonesia,Krishnapatnam,Bauxite,Capesize,35997,94.29,729.77,97.14,53.9,82.68,56.84
2023-02-09,Brazil,Kakinada,Wheat,Handysize,63541,82.48,729.77,97.14,53.9,82.68,56.84
2023-02-09,Indonesia,Krishnapatnam,Bauxite,Panamax,44858,90.06,729.77,97.14,53.9,82.68,56.84
2023-02-09,Indonesia,Kakinada,Fertilizer,Capesize,23754,92.43,729.77,97.14,53.9,82.68,56.84
2023-02-09,South Africa,Kakinada,Bauxite,Panamax,29496,90.7,729.77,97.14,53.9,82.68,56.84
2023-02-10,Russia,Chennai,Coal,Panamax,56060,85.28,766.39,100.34,41.24,74.04,72.43
2023-02-10,Russia,Visakhapatnam,Fertilizer,Panamax,53848,81.83,766.39,100.34,41.24,74.04,72.43
2023-02-10,Brazil,Chennai,Iron Ore,Supramax,43705,82.21,766.39,100.34,41.24,74.04,72.43
2023-02-10,South Africa,Kakinada,Bauxite,Handymax,29596,78.41,766.39,100.34,41.24,74.04,72.43
2023-02-10,Brazil,Paradip,Coal,Handymax,60372,77.64,766.39,100.34,41.24,74.04,72.43
2023-02-10,Indonesia,Krishnapatnam,Wheat,Supramax,96865,85.03,766.39,100.34,41.24,74.04,72.43
2023-02-10,Australia,Chennai,Wheat,Handymax,88056,77.52,766.39,100.34,41.24,74.04,72.43
2023-02-10,Brazil,Chennai,Iron Ore,Handymax,30805,80.44,766.39,100.34,41.24,74.04,72.43
2023-02-11,Indonesia,Visakhapatnam,Wheat,Panamax,48731,91.31,702.99,140.48,47.77,100.0,78.13
2023-02-11,South Africa,Krishnapatnam,Fertilizer,Handymax,57861,81.56,702.99,140.48,47.77,100.0,78.13
2023-02-11,Russia,Chennai,Wheat,Capesize,114947,95.84,702.99,140.48,47.77,100.0,78.13
2023-02-11,Australia,Visakhapatnam,Fertilizer,Handysize,104730,82.65,702.99,140.48,47.77,100.0,78.13
2023-02-11,Brazil,Kakinada,Wheat,Handysize,53787,79.53,702.99,140.48,47.77,100.0,78.13
2023-02-11,Brazil,Chennai,Wheat,Panamax,77418,88.91,702.99,140.48,47.77,100.0,78.13
2023-02-11,Australia,Visakhapatnam,Bauxite,Handysize,115804,87.58,702.99,140.48,47.77,100.0,78.13
2023-02-11,Russia,Paradip,Wheat,Capesize,104530,98.16,702.99,140.48,47.77,100.0,78.13
2023-02-12,Brazil,Paradip,Bauxite,Panamax,79063,93.77,829.24,110.26,60.49,71.41,54.47
2023-02-12,South Africa,Paradip,Bauxite,Panamax,37073,91.28,829.24,110.26,60.49,71.41,54.47
2023-02-12,Indonesia,Visakhapatnam,Coal,Capesize,69733,94.85,829.24,110.26,60.49,71.41,54.47
2023-02-12,Australia,Kakinada,Iron Ore,Supramax,86707,94.06,829.24,110.26,60.49,71.41,54.47
2023-02-12,Brazil,Chennai,Fertilizer,Handysize,27710,83.53,829.24,110.26,60.49,71.41,54.47
2023-02-12,Brazil,Visakhapatnam,Wheat,Handysize,22839,82.63,829.24,110.26,60.49,71.41,54.47
2023-02-12,Australia,Krishnapatnam,Iron Ore,Capesize,46201,98.33,829.24,110.26,60.49,71.41,54.47
2023-02-12,Brazil,Paradip,Fertilizer,Capesize,100797,97.94,829.24,110.26,60.49,71.41,54.47
2023-02-13,Brazil,Chennai,Wheat,Handymax,36994,81.3,775.7,146.77,39.35,80.46,59.93
2023-02-13,Australia,Visakhapatnam,Iron Ore,Handymax,96943,92.71,775.7,146.77,39.35,80.46,59.93
2023-02-13,Indonesia,Paradip,Iron Ore,Capesize,103457,102.99,775.7,146.77,39.35,80.46,59.93
2023-02-13,Brazil,Visakhapatnam,Wheat,Handysize,75718,83.29,775.7,146.77,39.35,80.46,59.93
2023-02-13,Russia,Chennai,Coal,Capesize,110536,95.43,775.7,146.77,39.35,80.46,59.93
2023-02-13,Australia,Visakhapatnam,Bauxite,Panamax,111006,95.86,775.7,146.77,39.35,80.46,59.93
2023-02-13,Australia,Paradip,Bauxite,Capesize,27521,95.19,775.7,146.77,39.35,80.46,59.93
2023-02-13,Russia,Kakinada,Iron Ore,Capesize,117239,97.24,775.7,146.77,39.35,80.46,59.93
2023-02-14,Indonesia,Visakhapatnam,Fertilizer,Panamax,105445,87.84,518.18,162.96,35.31,62.34,52.76
2023-02-14,Australia,Chennai,Bauxite,Capesize,27239,88.04,518.18,162.96,35.31,62.34,52.76
2023-02-14,South Africa,Chennai,Iron Ore,Panamax,53243,84.96,518.18,162.96,35.31,62.34,52.76
2023-02-14,Brazil,Visakhapatnam,Wheat,Capesize,85794,92.77,518.18,162.96,35.31,62.34,52.76
2023-02-14,South Africa,Chennai,Coal,Handymax,61971,83.01,518.18,162.96,35.31,62.34,52.76
2023-02-14,South Africa,Krishnapatnam,Coal,Handymax,59961,82.57,518.18,162.96,35.31,62.34,52.76
2023-02-14,Brazil,Krishnapatnam,Fertilizer,Panamax,20781,80.83,518.18,162.96,35.31,62.34,52.76
2023-02-14,South Africa,Chennai,Coal,Supramax,99025,82.83,518.18,162.96,35.31,62.34,52.76
2023-02-15,Russia,Chennai,Wheat,Handysize,82987,73.17,511.68,120.7,47.74,86.06,68.52
2023-02-15,Australia,Krishnapatnam,Bauxite,Capesize,76481,91.98,511.68,120.7,47.74,86.06,68.52
2023-02-15,Brazil,Chennai,Iron Ore,Supramax,28438,83.03,511.68,120.7,47.74,86.06,68.52
2023-02-15,South Africa,Paradip,Fertilizer,Handysize,112051,75.21,511.68,120.7,47.74,86.06,68.52
2023-02-15,Indonesia,Visakhapatnam,Bauxite,Supramax,35036,78.93,511.68,120.7,47.74,86.06,68.52
2023-02-15,Indonesia,Kakinada,Fertilizer,Panamax,50090,80.88,511.68,120.7,47.74,86.06,68.52
2023-02-15,Indonesia,Chennai,Fertilizer,Handysize,63732,76.78,511.68,120.7,47.74,86.06,68.52
2023-02-15,Brazil,Chennai,Iron Ore,Capesize,105751,90.44,511.68,120.7,47.74,86.06,68.52
2023-02-16,Brazil,Chennai,Fertilizer,Handysize,73798,80.41,530.51,156.24,57.86,71.8,48.24
2023-02-16,South Africa,Kakinada,Wheat,Supramax,103297,86.23,530.51,156.24,57.86,71.8,48.24
2023-02-16,Russia,Kakinada,Coal,Capesize,70100,90.31,530.51,156.24,57.86,71.8,48.24
2023-02-16,Brazil,Krishnapatnam,Wheat,Supramax,91678,84.01,530.51,156.24,57.86,71.8,48.24
2023-02-16,South Africa,Chennai,Coal,Panamax,48795,88.69,530.51,156.24,57.86,71.8,48.24
2023-02-16,South Africa,Kakinada,Wheat,Handysize,78067,78.0,530.51,156.24,57.86,71.8,48.24
2023-02-16,South Africa,Paradip,Coal,Capesize,75915,94.13,530.51,156.24,57.86,71.8,48.24
2023-02-16,Australia,Kakinada,Fertilizer,Handymax,107960,81.68,530.51,156.24,57.86,71.8,48.24
2023-02-17,Brazil,Paradip,Bauxite,Capesize,27368,86.55,514.71,158.32,30.86,71.0,66.33
2023-02-17,South Africa,Visakhapatnam,Bauxite,Capesize,70500,87.66,514.71,158.32,30.86,71.0,66.33
2023-02-17,Australia,Krishnapatnam,Coal,Panamax,74306,86.19,514.71,158.32,30.86,71.0,66.33
2023-02-17,Australia,Chennai,Wheat,Panamax,70139,83.12,514.71,158.32,30.86,71.0,66.33
2023-02-17,Russia,Kakinada,Coal,Supramax,112493,81.43,514.71,158.32,30.86,71.0,66.33
2023-02-17,Brazil,Paradip,Coal,Handysize,97175,78.74,514.71,158.32,30.86,71.0,66.33
2023-02-17,Brazil,Kakinada,Fertilizer,Capesize,99676,87.1,514.71,158.32,30.86,71.0,66.33
2023-02-17,Australia,Kakinada,Wheat,Supramax,41778,80.19,514.71,158.32,30.86,71.0,66.33
2023-02-18,South Africa,Krishnapatnam,Fertilizer,Handysize,26796,89.38,818.37,151.25,54.8,100.0,32.85
2023-02-18,Indonesia,Kakinada,Wheat,Panamax,49033,94.4,818.37,151.25,54.8,100.0,32.85
2023-02-18,Indonesia,Paradip,Bauxite,Panamax,48933,99.78,818.37,151.25,54.8,100.0,32.85
2023-02-18,Russia,Paradip,Coal,Supramax,114611,97.56,818.37,151.25,54.8,100.0,32.85
2023-02-18,Brazil,Chennai,Fertilizer,Capesize,28770,98.4,818.37,151.25,54.8,100.0,32.85
2023-02-18,Russia,Kakinada,Fertilizer,Handysize,98002,91.83,818.37,151.25,54.8,100.0,32.85
2023-02-18,Brazil,Paradip,Wheat,Handymax,108668,91.63,818.37,151.25,54.8,100.0,32.85
2023-02-18,Brazil,Visakhapatnam,Iron Ore,Supramax,31190,99.49,818.37,151.25,54.8,100.0,32.85
2023-02-19,Indonesia,Chennai,Coal,Panamax,36977,86.65,780.9,141.53,33.72,46.2,61.73
2023-02-19,Russia,Paradip,Fertilizer,Handymax,66737,81.0,780.9,141.53,33.72,46.2,61.73
2023-02-19,Australia,Krishnapatnam,Iron Ore,Panamax,23321,89.23,780.9,141.53,33.72,46.2,61.73
2023-02-19,Brazil,Paradip,Coal,Panamax,64409,85.45,780.9,141.53,33.72,46.2,61.73
2023-02-19,South Africa,Kakinada,Bauxite,Capesize,81440,95.56,780.9,141.53,33.72,46.2,61.73
2023-02-19,South Africa,Paradip,Bauxite,Supramax,119821,89.41,780.9,141.53,33.72,46.2,61.73
2023-02-19,Australia,Paradip,Bauxite,Handysize,24648,79.16,780.9,141.53,33.72,46.2,61.73
2023-02-19,Russia,Krishnapatnam,Bauxite,Panamax,92124,87.5,780.9,141.53,33.72,46.2,61.73
2023-02-20,Russia,Visakhapatnam,Iron Ore,Supramax,96917,89.31,612.38,159.32,71.73,58.35,72.13
2023-02-20,Australia,Paradip,Fertilizer,Supramax,39539,86.64,612.38,159.32,71.73,58.35,72.13
2023-02-20,Russia,Kakinada,Iron Ore,Handysize,48669,83.77,612.38,159.32,71.73,58.35,72.13
2023-02-20,Brazil,Kakinada,Wheat,Handysize,68438,77.75,612.38,159.32,71.73,58.35,72.13
2023-02-20,Russia,Paradip,Coal,Handysize,27461,79.8,612.38,159.32,71.73,58.35,72.13
2023-02-20,Brazil,Krishnapatnam,Wheat,Handymax,56268,78.59,612.38,159.32,71.73,58.35,72.13
2023-02-20,Indonesia,Chennai,Fertilizer,Handymax,37858,78.74,612.38,159.32,71.73,58.35,72.13
2023-02-20,South Africa,Chennai,Fertilizer,Handysize,88670,80.29,612.38,159.32,71.73,58.35,72.13
2023-02-21,South Africa,Kakinada,Iron Ore,Supramax,46417,88.59,684.03,135.5,39.82,81.06,44.56
2023-02-21,South Africa,Krishnapatnam,Bauxite,Handymax,22169,85.47,684.03,135.5,39.82,81.06,44.56
2023-02-21,Brazil,Visakhapatnam,Fertilizer,Handysize,38800,79.91,684.03,135.5,39.82,81.06,44.56
2023-02-21,Indonesia,Krishnapatnam,Wheat,Supramax,90188,85.25,684.03,135.5,39.82,81.06,44.56
2023-02-21,South Africa,Paradip,Coal,Capesize,99239,92.92,684.03,135.5,39.82,81.06,44.56
2023-02-21,Brazil,Kakinada,Wheat,Supramax,114333,86.52,684.03,135.5,39.82,81.06,44.56
2023-02-21,Russia,Paradip,Coal,Panamax,91442,91.26,684.03,135.5,39.82,81.06,44.56
2023-02-21,Brazil,Paradip,Fertilizer,Handysize,103820,81.35,684.03,135.5,39.82,81.06,44.56
2023-02-22,Russia,Kakinada,Wheat,Supramax,29569,82.17,530.87,145.02,44.73,80.29,40.98
2023-02-22,Russia,Kakinada,Iron Ore,Handysize,20340,78.12,530.87,145.02,44.73,80.29,40.98
2023-02-22,Brazil,Kakinada,Fertilizer,Supramax,105376,83.46,530.87,145.02,44.73,80.29,40.98
2023-02-22,Brazil,Krishnapatnam,Wheat,Capesize,78478,89.34,530.87,145.02,44.73,80.29,40.98
2023-02-22,Russia,Paradip,Wheat,Panamax,77169,87.48,530.87,145.02,44.73,80.29,40.98
2023-02-22,Australia,Visakhapatnam,Wheat,Capesize,78342,89.45,530.87,145.02,44.73,80.29,40.98
2023-02-22,Australia,Krishnapatnam,Fertilizer,Supramax,95774,84.69,530.87,145.02,44.73,80.29,40.98
2023-02-22,South Africa,Krishnapatnam,Iron Ore,Supramax,46421,88.6,530.87,145.02,44.73,80.29,40.98
2023-02-23,Russia,Chennai,Iron Ore,Handysize,72887,83.71,545.73,163.38,46.47,78.37,54.85
2023-02-23,Russia,Visakhapatnam,Bauxite,Supramax,56674,84.86,545.73,163.38,46.47,78.37,54.85
2023-02-23,South Africa,Kakinada,Bauxite,Capesize,45518,91.48,545.73,163.38,46.47,78.37,54.85
2023-02-23,South Africa,Chennai,Bauxite,Supramax,39503,83.85,545.73,163.38,46.47,78.37,54.85
2023-02-23,South Africa,Krishnapatnam,Wheat,Handymax,41083,79.4,545.73,163.38,46.47,78.37,54.85
2023-02-23,South Africa,Paradip,Wheat,Supramax,32991,88.13,545.73,163.38,46.47,78.37,54.85
2023-02-23,Brazil,Chennai,Fertilizer,Handymax,92805,80.15,545.73,163.38,46.47,78.37,54.85
2023-02-23,Brazil,Paradip,Iron Ore,Panamax,33893,89.47,545.73,163.38,46.47,78.37,54.85
2023-02-24,Russia,Krishnapatnam,Fertilizer,Handysize,31390,81.07,756.57,137.19,43.14,68.98,50.79
2023-02-24,Australia,Chennai,Wheat,Handymax,35038,81.75,756.57,137.19,43.14,68.98,50.79
2023-02-24,Brazil,Kakinada,Wheat,Supramax,61869,83.84,756.57,137.19,43.14,68.98,50.79
2023-02-24,Brazil,Krishnapatnam,Bauxite,Handymax,87628,86.44,756.57,137.19,43.14,68.98,50.79
2023-02-24,Indonesia,Paradip,Iron Ore,Handymax,76699,88.27,756.57,137.19,43.14,68.98,50.79
2023-02-24,Brazil,Visakhapatnam,Iron Ore,Handymax,66092,84.53,756.57,137.19,43.14,68.98,50.79
2023-02-24,Indonesia,Kakinada,Wheat,Capesize,43782,93.33,756.57,137.19,43.14,68.98,50.79
2023-02-24,Russia,Paradip,Coal,Handysize,42173,82.13,756.57,137.19,43.14,68.98,50.79
2023-02-25,Brazil,Chennai,Iron Ore,Supramax,63148,82.54,625.23,149.11,49.16,29.04,62.76
2023-02-25,South Africa,Paradip,Coal,Supramax,52402,81.98,625.23,149.11,49.16,29.04,62.76
2023-02-25,Russia,Chennai,Coal,Capesize,61627,91.99,625.23,149.11,49.16,29.04,62.76
2023-02-25,Russia,Visakhapatnam,Iron Ore,Handysize,47990,74.78,625.23,149.11,49.16,29.04,62.76
2023-02-25,Brazil,Paradip,Coal,Handysize,109081,76.85,625.23,149.11,49.16,29.04,62.76
2023-02-25,Indonesia,Chennai,Iron Ore,Handymax,93463,79.03,625.23,149.11,49.16,29.04,62.76
2023-02-25,Brazil,Krishnapatnam,Fertilizer,Capesize,76378,90.16,625.23,149.11,49.16,29.04,62.76
2023-02-25,Indonesia,Chennai,Fertilizer,Panamax,20159,75.83,625.23,149.11,49.16,29.04,62.76
2023-02-26,Australia,Visakhapatnam,Bauxite,Capesize,118538,93.91,647.83,122.06,47.77,81.24,71.07
2023-02-26,Russia,Krishnapatnam,Coal,Panamax,118826,88.87,647.83,122.06,47.77,81.24,71.07
2023-02-26,Australia,Krishnapatnam,Fertilizer,Supramax,25842,82.3,647.83,122.06,47.77,81.24,71.07
2023-02-26,Brazil,Krishnapatnam,Iron Ore,Handysize,37508,75.41,647.83,122.06,47.77,81.24,71.07
2023-02-26,Australia,Kakinada,Iron Ore,Supramax,25355,84.83,647.83,122.06,47.77,81.24,71.07
2023-02-26,Australia,Chennai,Coal,Capesize,22257,85.47,647.83,122.06,47.77,81.24,71.07
2023-02-26,Indonesia,Paradip,Coal,Supramax,54773,86.45,647.83,122.06,47.77,81.24,71.07
2023-02-26,Australia,Chennai,Bauxite,Capesize,103692,91.76,647.83,122.06,47.77,81.24,71.07
2023-02-27,Russia,Paradip,Coal,Handymax,71955,89.3,728.07,158.19,38.73,90.46,39.47
2023-02-27,South Africa,Krishnapatnam,Iron Ore,Supramax,71374,93.42,728.07,158.19,38.73,90.46,39.47
2023-02-27,Brazil,Paradip,Fertilizer,Handymax,75243,86.91,728.07,158.19,38.73,90.46,39.47
2023-02-27,Australia,Chennai,Fertilizer,Capesize,81610,101.03,728.07,158.19,38.73,90.46,39.47
2023-02-27,Indonesia,Kakinada,Coal,Supramax,71813,93.54,728.07,158.19,38.73,90.46,39.47
2023-02-27,Russia,Visakhapatnam,Bauxite,Capesize,38199,99.91,728.07,158.19,38.73,90.46,39.47
2023-02-27,Australia,Paradip,Iron Ore,Capesize,82507,98.41,728.07,158.19,38.73,90.46,39.47
2023-02-27,Russia,Chennai,Coal,Panamax,80948,93.43,728.07,158.19,38.73,90.46,39.47
2023-02-28,South Africa,Paradip,Wheat,Handysize,47606,83.07,724.65,141.4,73.24,86.12,75.42
2023-02-28,Australia,Krishnapatnam,Wheat,Panamax,65671,91.15,724.65,141.4,73.24,86.12,75.42
2023-02-28,Brazil,Chennai,Iron Ore,Panamax,41607,91.35,724.65,141.4,73.24,86.12,75.42
2023-02-28,Australia,Krishnapatnam,Fertilizer,Handymax,81215,86.41,724.65,141.4,73.24,86.12,75.42
2023-02-28,South Africa,Visakhapatnam,Fertilizer,Handymax,97240,86.0,724.65,141.4,73.24,86.12,75.42
2023-02-28,Indonesia,Paradip,Iron Ore,Supramax,109388,95.47,724.65,141.4,73.24,86.12,75.42
2023-02-28,Brazil,Kakinada,Wheat,Handysize,53840,83.12,724.65,141.4,73.24,86.12,75.42
2023-02-28,Brazil,Chennai,Coal,Handysize,56081,85.96,724.65,141.4,73.24,86.12,75.42
2023-03-01,South Africa,Krishnapatnam,Wheat,Capesize,48001,87.73,674.06,108.03,47.98,73.49,51.84
2023-03-01,South Africa,Visakhapatnam,Iron Ore,Panamax,86155,87.31,674.06,108.03,47.98,73.49,51.84
2023-03-01,Brazil,Kakinada,Iron Ore,Handysize,25451,79.88,674.06,108.03,47.98,73.49,51.84
2023-03-01,Indonesia,Visakhapatnam,Bauxite,Handymax,28199,84.97,674.06,108.03,47.98,73.49,51.84
2023-03-01,Russia,Chennai,Bauxite,Supramax,28811,85.72,674.06,108.03,47.98,73.49,51.84
2023-03-01,Indonesia,Visakhapatnam,Bauxite,Supramax,57853,86.07,674.06,108.03,47.98,73.49,51.84
2023-03-01,South Africa,Visakhapatnam,Bauxite,Handymax,47076,83.68,674.06,108.03,47.98,73.49,51.84
2023-03-01,Brazil,Chennai,Coal,Panamax,79234,89.08,674.06,108.03,47.98,73.49,51.84
2023-03-02,Brazil,Paradip,Bauxite,Handymax,38020,81.4,770.58,116.0,41.39,51.82,68.43
2023-03-02,Brazil,Chennai,Iron Ore,Supramax,44532,83.37,770.58,116.0,41.39,51.82,68.43
2023-03-02,Indonesia,Kakinada,Bauxite,Supramax,105867,83.43,770.58,116.0,41.39,51.82,68.43
2023-03-02,Russia,Krishnapatnam,Iron Ore,Panamax,43816,87.73,770.58,116.0,41.39,51.82,68.43
2023-03-02,Australia,Krishnapatnam,Coal,Supramax,29171,83.53,770.58,116.0,41.39,51.82,68.43
2023-03-02,Brazil,Krishnapatnam,Wheat,Supramax,23696,76.73,770.58,116.0,41.39,51.82,68.43
2023-03-02,Australia,Visakhapatnam,Bauxite,Panamax,24956,85.33,770.58,116.0,41.39,51.82,68.43
2023-03-02,Brazil,Krishnapatnam,Wheat,Handymax,83811,77.33,770.58,116.0,41.39,51.82,68.43
2023-03-03,Russia,Krishnapatnam,Bauxite,Handysize,69976,82.61,834.71,99.82,56.19,58.72,70.63
2023-03-03,Indonesia,Chennai,Wheat,Handymax,47056,76.72,834.71,99.82,56.19,58.72,70.63
2023-03-03,Russia,Chennai,Iron Ore,Capesize,39991,93.33,834.71,99.82,56.19,58.72,70.63
2023-03-03,South Africa,Chennai,Iron Ore,Supramax,66976,90.41,834.71,99.82,56.19,58.72,70.63
2023-03-03,Russia,Paradip,Wheat,Panamax,113688,88.25,834.71,99.82,56.19,58.72,70.63
2023-03-03,Russia,Krishnapatnam,Fertilizer,Handymax,28275,77.81,834.71,99.82,56.19,58.72,70.63
2023-03-03,South Africa,Krishnapatnam,Fertilizer,Handymax,65607,82.05,834.71,99.82,56.19,58.72,70.63
2023-03-03,Brazil,Krishnapatnam,Wheat,Supramax,69812,87.2,834.71,99.82,56.19,58.72,70.63
2023-03-04,Russia,Krishnapatnam,Fertilizer,Supramax,77727,83.04,706.65,91.13,65.5,62.34,51.27
2023-03-04,South Africa,Chennai,Fertilizer,Panamax,105029,89.66,706.65,91.13,65.5,62.34,51.27
2023-03-04,Australia,Krishnapatnam,Bauxite,Handymax,77649,85.89,706.65,91.13,65.5,62.34,51.27
2023-03-04,Russia,Paradip,Wheat,Supramax,36589,81.27,706.65,91.13,65.5,62.34,51.27
2023-03-04,Brazil,Krishnapatnam,Bauxite,Handysize,77615,79.57,706.65,91.13,65.5,62.34,51.27
2023-03-04,South Africa,Visakhapatnam,Iron Ore,Supramax,50881,87.25,706.65,91.13,65.5,62.34,51.27
2023-03-04,South Africa,Visakhapatnam,Coal,Handysize,114019,84.11,706.65,91.13,65.5,62.34,51.27
2023-03-04,Brazil,Paradip,Wheat,Capesize,31108,88.89,706.65,91.13,65.5,62.34,51.27
2023-03-05,South Africa,Paradip,Coal,Handysize,30578,75.09,678.11,121.93,30.66,91.23,74.93
2023-03-05,Indonesia,Krishnapatnam,Fertilizer,Supramax,104892,87.37,678.11,121.93,30.66,91.23,74.93
2023-03-05,South Africa,Kakinada,Fertilizer,Supramax,38919,83.87,678.11,121.93,30.66,91.23,74.93
2023-03-05,Russia,Kakinada,Wheat,Panamax,72815,84.6,678.11,121.93,30.66,91.23,74.93
2023-03-05,Australia,Paradip,Fertilizer,Capesize,54998,86.61,678.11,121.93,30.66,91.23,74.93
2023-03-05,Russia,Chennai,Fertilizer,Capesize,21538,90.45,678.11,121.93,30.66,91.23,74.93
2023-03-05,South Africa,Paradip,Iron Ore,Capesize,39873,91.85,678.11,121.93,30.66,91.23,74.93
2023-03-05,Indonesia,Chennai,Fertilizer,Handymax,61328,81.55,678.11,121.93,30.66,91.23,74.93
2023-03-06,South Africa,Paradip,Bauxite,Supramax,31889,82.14,546.1,171.53,37.82,62.06,70.4
2023-03-06,South Africa,Kakinada,Iron Ore,Panamax,57327,86.91,546.1,171.53,37.82,62.06,70.4
2023-03-06,Brazil,Krishnapatnam,Wheat,Capesize,117562,88.65,546.1,171.53,37.82,62.06,70.4
2023-03-06,Brazil,Paradip,Coal,Capesize,30808,89.42,546.1,171.53,37.82,62.06,70.4
2023-03-06,South Africa,Paradip,Iron Ore,Handysize,101938,82.93,546.1,171.53,37.82,62.06,70.4
2023-03-06,Russia,Kakinada,Iron Ore,Panamax,66220,89.36,546.1,171.53,37.82,62.06,70.4
2023-03-06,South Africa,Krishnapatnam,Fertilizer,Capesize,75633,90.95,546.1,171.53,37.82,62.06,70.4
2023-03-06,Indonesia,Paradip,Coal,Handymax,74845,77.56,546.1,171.53,37.82,62.06,70.4
2023-03-07,Indonesia,Krishnapatnam,Fertilizer,Handysize,22642,83.23,839.74,96.33,46.16,97.7,50.8
2023-03-07,Australia,Kakinada,Fertilizer,Supramax,71707,94.4,839.74,96.33,46.16,97.7,50.8
2023-03-07,Indonesia,Krishnapatnam,Iron Ore,Supramax,54510,89.3,839.74,96.33,46.16,97.7,50.8
2023-03-07,Brazil,Visakhapatnam,Coal,Capesize,61243,98.37,839.74,96.33,46.16,97.7,50.8
2023-03-07,Indonesia,Chennai,Iron Ore,Handymax,117718,91.34,839.74,96.33,46.16,97.7,50.8
2023-03-07,Indonesia,Visakhapatnam,Coal,Supramax,61167,89.51,839.74,96.33,46.16,97.7,50.8
2023-03-07,Indonesia,Chennai,Coal,Handysize,107728,84.22,839.74,96.33,46.16,97.7,50.8
2023-03-07,Brazil,Chennai,Wheat,Panamax,46990,91.76,839.74,96.33,46.16,97.7,50.8
2023-03-08,Australia,Kakinada,Iron Ore,Handymax,86897,85.93,719.62,123.56,46.04,85.84,71.37
2023-03-08,Russia,Kakinada,Iron Ore,Supramax,93788,87.07,719.62,123.56,46.04,85.84,71.37
2023-03-08,Australia,Krishnapatnam,Fertilizer,Handysize,108056,80.37,719.62,123.56,46.04,85.84,71.37
2023-03-08,South Africa,Chennai,Wheat,Capesize,96162,95.79,719.62,123.56,46.04,85.84,71.37
2023-03-08,Brazil,Krishnapatnam,Wheat,Handysize,110009,83.02,719.62,123.56,46.04,85.84,71.37
2023-03-08,Indonesia,Kakinada,Fertilizer,Supramax,70516,85.92,719.62,123.56,46.04,85.84,71.37
2023-03-08,Australia,Visakhapatnam,Iron Ore,Supramax,104021,93.11,719.62,123.56,46.04,85.84,71.37
2023-03-08,South Africa,Chennai,Coal,Supramax,111176,90.02,719.62,123.56,46.04,85.84,71.37
2023-03-09,Australia,Krishnapatnam,Wheat,Handysize,102214,82.56,758.27,137.14,55.22,72.22,50.71
2023-03-09,Russia,Paradip,Iron Ore,Supramax,40025,88.5,758.27,137.14,55.22,72.22,50.71
2023-03-09,South Africa,Kakinada,Fertilizer,Handymax,69831,90.14,758.27,137.14,55.22,72.22,50.71
2023-03-09,Russia,Chennai,Iron Ore,Handymax,101982,88.59,758.27,137.14,55.22,72.22,50.71
2023-03-09,South Africa,Visakhapatnam,Coal,Capesize,108835,95.0,758.27,137.14,55.22,72.22,50.71
2023-03-09,South Africa,Chennai,Fertilizer,Handysize,45398,86.67,758.27,137.14,55.22,72.22,50.71
2023-03-09,South Africa,Visakhapatnam,Coal,Handysize,87173,85.12,758.27,137.14,55.22,72.22,50.71
2023-03-09,Russia,Paradip,Iron Ore,Panamax,38452,93.65,758.27,137.14,55.22,72.22,50.71
2023-03-10,Russia,Krishnapatnam,Fertilizer,Capesize,25520,98.4,761.37,157.06,41.87,94.02,58.44
2023-03-10,Australia,Kakinada,Iron Ore,Supramax,109037,96.29,761.37,157.06,41.87,94.02,58.44
2023-03-10,Russia,Chennai,Iron Ore,Handysize,84925,90.76,761.37,157.06,41.87,94.02,58.44
2023-03-10,Brazil,Kakinada,Coal,Handysize,113422,89.23,761.37,157.06,41.87,94.02,58.44
2023-03-10,Brazil,Paradip,Bauxite,Capesize,111683,98.97,761.37,157.06,41.87,94.02,58.44
2023-03-10,Indonesia,Paradip,Coal,Capesize,20136,100.89,761.37,157.06,41.87,94.02,58.44
2023-03-10,Indonesia,Paradip,Bauxite,Capesize,46489,101.35,761.37,157.06,41.87,94.02,58.44
2023-03-10,South Africa,Krishnapatnam,Wheat,Handysize,112789,87.34,761.37,157.06,41.87,94.02,58.44
2023-03-11,South Africa,Chennai,Wheat,Capesize,28328,83.42,703.75,96.84,31.78,64.96,44.69
2023-03-11,South Africa,Kakinada,Iron Ore,Handymax,28640,76.84,703.75,96.84,31.78,64.96,44.69
2023-03-11,Russia,Visakhapatnam,Iron Ore,Supramax,76053,84.3,703.75,96.84,31.78,64.96,44.69
2023-03-11,Russia,Paradip,Bauxite,Capesize,96700,91.75,703.75,96.84,31.78,64.96,44.69
2023-03-11,Indonesia,Paradip,Bauxite,Capesize,81744,93.38,703.75,96.84,31.78,64.96,44.69
2023-03-11,Russia,Paradip,Coal,Handysize,59082,78.94,703.75,96.84,31.78,64.96,44.69
2023-03-11,Australia,Kakinada,Bauxite,Supramax,60142,83.02,703.75,96.84,31.78,64.96,44.69
2023-03-11,Indonesia,Chennai,Coal,Panamax,62056,86.33,703.75,96.84,31.78,64.96,44.69
2023-03-12,Russia,Paradip,Fertilizer,Handysize,36633,88.54,687.48,168.61,50.42,80.08,28.71
2023-03-12,Australia,Paradip,Fertilizer,Panamax,37889,91.89,687.48,168.61,50.42,80.08,28.71
2023-03-12,South Africa,Visakhapatnam,Wheat,Supramax,84925,92.88,687.48,168.61,50.42,80.08,28.71
2023-03-12,South Africa,Chennai,Wheat,Panamax,107923,95.08,687.48,168.61,50.42,80.08,28.71
2023-03-12,South Africa,Kakinada,Bauxite,Handysize,62215,86.22,687.48,168.61,50.42,80.08,28.71
2023-03-12,Brazil,Chennai,Fertilizer,Handysize,96848,87.76,687.48,168.61,50.42,80.08,28.71
2023-03-12,Australia,Krishnapatnam,Wheat,Supramax,114636,92.1,687.48,168.61,50.42,80.08,28.71
2023-03-12,Russia,Visakhapatnam,Iron Ore,Capesize,71756,100.68,687.48,168.61,50.42,80.08,28.71
2023-03-13,Brazil,Kakinada,Iron Ore,Handymax,27485,89.78,622.57,152.75,86.25,85.03,46.23
2023-03-13,Brazil,Krishnapatnam,Iron Ore,Capesize,86458,99.45,622.57,152.75,86.25,85.03,46.23
2023-03-13,Australia,Paradip,Wheat,Supramax,113405,92.64,622.57,152.75,86.25,85.03,46.23
2023-03-13,Brazil,Visakhapatnam,Fertilizer,Supramax,41839,91.61,622.57,152.75,86.25,85.03,46.23
2023-03-13,South Africa,Krishnapatnam,Iron Ore,Panamax,86025,98.93,622.57,152.75,86.25,85.03,46.23
2023-03-13,Russia,Krishnapatnam,Iron Ore,Panamax,79049,101.57,622.57,152.75,86.25,85.03,46.23
2023-03-13,South Africa,Chennai,Coal,Panamax,54693,96.27,622.57,152.75,86.25,85.03,46.23
2023-03-13,South Africa,Paradip,Bauxite,Supramax,30625,91.52,622.57,152.75,86.25,85.03,46.23
2023-03-14,Brazil,Visakhapatnam,Bauxite,Panamax,20203,91.13,708.36,111.46,60.67,83.06,70.69
2023-03-14,Australia,Chennai,Coal,Capesize,86629,96.47,708.36,111.46,60.67,83.06,70.69
2023-03-14,Russia,Chennai,Iron Ore,Handysize,22103,82.26,708.36,111.46,60.67,83.06,70.69
2023-03-14,South Africa,Krishnapatnam,Bauxite,Handymax,117537,88.02,708.36,111.46,60.67,83.06,70.69
2023-03-14,Russia,Kakinada,Fertilizer,Panamax,61258,90.02,708.36,111.46,60.67,83.06,70.69
2023-03-14,Russia,Kakinada,Bauxite,Handymax,70626,84.93,708.36,111.46,60.67,83.06,70.69
2023-03-14,Australia,Kakinada,Fertilizer,Supramax,81114,85.43,708.36,111.46,60.67,83.06,70.69
2023-03-14,Russia,Kakinada,Wheat,Panamax,82767,86.42,708.36,111.46,60.67,83.06,70.69
2023-03-15,Australia,Paradip,Iron Ore,Supramax,115040,87.06,546.43,136.16,61.7,48.73,37.09
2023-03-15,Indonesia,Chennai,Iron Ore,Handysize,94102,81.29,546.43,136.16,61.7,48.73,37.09
2023-03-15,Brazil,Paradip,Fertilizer,Handymax,43470,80.18,546.43,136.16,61.7,48.73,37.09
2023-03-15,South Africa,Visakhapatnam,Wheat,Capesize,111051,93.86,546.43,136.16,61.7,48.73,37.09
2023-03-15,Indonesia,Krishnapatnam,Wheat,Handysize,104178,80.86,546.43,136.16,61.7,48.73,37.09
2023-03-15,South Africa,Visakhapatnam,Fertilizer,Capesize,88798,91.52,546.43,136.16,61.7,48.73,37.09
2023-03-15,South Africa,Paradip,Fertilizer,Capesize,91196,89.64,546.43,136.16,61.7,48.73,37.09
2023-03-15,Australia,Kakinada,Wheat,Capesize,72113,90.54,546.43,136.16,61.7,48.73,37.09
2023-03-16,Indonesia,Krishnapatnam,Bauxite,Handymax,45380,83.66,560.0,130.36,73.59,68.05,63.65
2023-03-16,Australia,Visakhapatnam,Fertilizer,Handymax,44519,80.59,560.0,130.36,73.59,68.05,63.65
2023-03-16,Brazil,Krishnapatnam,Iron Ore,Handysize,41119,79.42,560.0,130.36,73.59,68.05,63.65
2023-03-16,Brazil,Chennai,Wheat,Capesize,111066,90.86,560.0,130.36,73.59,68.05,63.65
2023-03-16,Russia,Paradip,Wheat,Supramax,62788,83.17,560.0,130.36,73.59,68.05,63.65
2023-03-16,Indonesia,Paradip,Coal,Capesize,89341,91.83,560.0,130.36,73.59,68.05,63.65
2023-03-16,Russia,Chennai,Coal,Handysize,55903,77.81,560.0,130.36,73.59,68.05,63.65
2023-03-16,Indonesia,Krishnapatnam,Wheat,Supramax,68225,82.56,560.0,130.36,73.59,68.05,63.65
2023-03-17,Australia,Chennai,Iron Ore,Supramax,74353,78.82,594.0,95.1,21.77,71.16,56.38
2023-03-17,Australia,Krishnapatnam,Coal,Handymax,48018,75.45,594.0,95.1,21.77,71.16,56.38
2023-03-17,Indonesia,Paradip,Iron Ore,Capesize,61185,89.57,594.0,95.1,21.77,71.16,56.38
2023-03-17,Indonesia,Kakinada,Fertilizer,Panamax,66525,80.34,594.0,95.1,21.77,71.16,56.38
2023-03-17,Brazil,Krishnapatnam,Bauxite,Panamax,64825,81.85,594.0,95.1,21.77,71.16,56.38
2023-03-17,Russia,Chennai,Iron Ore,Panamax,35408,81.76,594.0,95.1,21.77,71.16,56.38
2023-03-17,South Africa,Krishnapatnam,Coal,Panamax,95831,81.72,594.0,95.1,21.77,71.16,56.38
2023-03-17,Indonesia,Kakinada,Fertilizer,Capesize,67295,85.35,594.0,95.1,21.77,71.16,56.38
2023-03-18,Indonesia,Chennai,Wheat,Handysize,55303,85.47,664.8,150.61,72.64,83.8,47.98
2023-03-18,Russia,Krishnapatnam,Coal,Handysize,86788,91.21,664.8,150.61,72.64,83.8,47.98
2023-03-18,Brazil,Visakhapatnam,Fertilizer,Panamax,103494,95.4,664.8,150.61,72.64,83.8,47.98
2023-03-18,Australia,Krishnapatnam,Wheat,Panamax,101972,92.39,664.8,150.61,72.64,83.8,47.98
2023-03-18,Russia,Visakhapatnam,Bauxite,Handysize,45805,86.09,664.8,150.61,72.64,83.8,47.98
2023-03-18,South Africa,Visakhapatnam,Wheat,Supramax,92779,93.29,664.8,150.61,72.64,83.8,47.98
2023-03-18,Russia,Chennai,Coal,Handysize,112446,88.91,664.8,150.61,72.64,83.8,47.98
2023-03-18,Russia,Visakhapatnam,Fertilizer,Panamax,73772,97.06,664.8,150.61,72.64,83.8,47.98
2023-03-19,Brazil,Paradip,Coal,Panamax,55464,94.16,518.73,122.65,69.92,63.49,46.85
2023-03-19,Brazil,Paradip,Bauxite,Handysize,74200,77.62,518.73,122.65,69.92,63.49,46.85
2023-03-19,Australia,Chennai,Wheat,Supramax,33409,79.35,518.73,122.65,69.92,63.49,46.85
2023-03-19,Australia,Kakinada,Fertilizer,Handysize,51923,78.22,518.73,122.65,69.92,63.49,46.85
2023-03-19,South Africa,Krishnapatnam,Bauxite,Handysize,91128,78.91,518.73,122.65,69.92,63.49,46.85
2023-03-19,Russia,Visakhapatnam,Iron Ore,Handysize,72509,83.16,518.73,122.65,69.92,63.49,46.85
2023-03-19,Australia,Krishnapatnam,Coal,Handymax,91386,80.07,518.73,122.65,69.92,63.49,46.85
2023-03-19,Russia,Kakinada,Bauxite,Capesize,70799,91.04,518.73,122.65,69.92,63.49,46.85
2023-03-20,Australia,Visakhapatnam,Bauxite,Capesize,89460,99.27,566.2,177.24,58.22,98.34,88.69
2023-03-20,Indonesia,Krishnapatnam,Bauxite,Supramax,90453,90.08,566.2,177.24,58.22,98.34,88.69
2023-03-20,South Africa,Kakinada,Coal,Capesize,43666,94.23,566.2,177.24,58.22,98.34,88.69
2023-03-20,Indonesia,Kakinada,Fertilizer,Supramax,77616,86.0,566.2,177.24,58.22,98.34,88.69
2023-03-20,Brazil,Visakhapatnam,Bauxite,Supramax,76563,91.25,566.2,177.24,58.22,98.34,88.69
2023-03-20,Brazil,Visakhapatnam,Coal,Supramax,97475,91.77,566.2,177.24,58.22,98.34,88.69
2023-03-20,Brazil,Kakinada,Iron Ore,Panamax,45954,95.32,566.2,177.24,58.22,98.34,88.69
2023-03-20,South Africa,Chennai,Coal,Handymax,32497,84.87,566.2,177.24,58.22,98.34,88.69
2023-03-21,Indonesia,Krishnapatnam,Coal,Supramax,76683,96.18,844.7,178.9,48.45,54.17,56.74
2023-03-21,Russia,Visakhapatnam,Iron Ore,Panamax,45901,98.92,844.7,178.9,48.45,54.17,56.74
2023-03-21,Indonesia,Chennai,Fertilizer,Panamax,40566,91.51,844.7,178.9,48.45,54.17,56.74
2023-03-21,Brazil,Krishnapatnam,Bauxite,Handysize,65939,88.8,844.7,178.9,48.45,54.17,56.74
2023-03-21,South Africa,Kakinada,Bauxite,Supramax,39738,94.14,844.7,178.9,48.45,54.17,56.74
2023-03-21,South Africa,Paradip,Fertilizer,Capesize,117057,97.12,844.7,178.9,48.45,54.17,56.74
2023-03-21,Australia,Kakinada,Fertilizer,Handysize,64724,87.86,844.7,178.9,48.45,54.17,56.74
2023-03-21,Australia,Paradip,Iron Ore,Supramax,43929,95.59,844.7,178.9,48.45,54.17,56.74
2023-03-22,Australia,Chennai,Coal,Supramax,90204,96.69,756.55,150.87,73.64,87.15,56.75
2023-03-22,Russia,Visakhapatnam,Bauxite,Capesize,118614,102.36,756.55,150.87,73.64,87.15,56.75
2023-03-22,Russia,Krishnapatnam,Coal,Supramax,115745,95.24,756.55,150.87,73.64,87.15,56.75
2023-03-22,Australia,Chennai,Wheat,Supramax,38395,92.29,756.55,150.87,73.64,87.15,56.75
2023-03-22,Russia,Kakinada,Bauxite,Capesize,82901,102.11,756.55,150.87,73.64,87.15,56.75
2023-03-22,Brazil,Visakhapatnam,Coal,Handymax,108020,91.36,756.55,150.87,73.64,87.15,56.75
2023-03-22,Brazil,Paradip,Fertilizer,Handysize,74710,87.67,756.55,150.87,73.64,87.15,56.75
2023-03-22,Russia,Paradip,Coal,Handysize,68617,91.49,756.55,150.87,73.64,87.15,56.75
2023-03-23,Brazil,Kakinada,Iron Ore,Handymax,95139,90.95,787.24,132.74,37.93,55.69,39.04
2023-03-23,Indonesia,Chennai,Bauxite,Capesize,81584,93.92,787.24,132.74,37.93,55.69,39.04
2023-03-23,Brazil,Kakinada,Coal,Supramax,112050,90.49,787.24,132.74,37.93,55.69,39.04
2023-03-23,Russia,Chennai,Wheat,Supramax,35086,85.7,787.24,132.74,37.93,55.69,39.04
2023-03-23,Australia,Visakhapatnam,Iron Ore,Capesize,37369,96.23,787.24,132.74,37.93,55.69,39.04
2023-03-23,Russia,Kakinada,Bauxite,Capesize,69420,97.82,787.24,132.74,37.93,55.69,39.04
2023-03-23,Australia,Paradip,Iron Ore,Capesize,28848,94.64,787.24,132.74,37.93,55.69,39.04
2023-03-23,Australia,Krishnapatnam,Wheat,Panamax,114213,89.01,787.24,132.74,37.93,55.69,39.04
2023-03-24,Russia,Chennai,Wheat,Panamax,116143,98.91,814.74,181.23,68.94,69.65,95.0
2023-03-24,Brazil,Krishnapatnam,Iron Ore,Panamax,25313,93.25,814.74,181.23,68.94,69.65,95.0
2023-03-24,South Africa,Paradip,Bauxite,Handymax,72999,91.35,814.74,181.23,68.94,69.65,95.0
2023-03-24,Brazil,Kakinada,Iron Ore,Capesize,73218,101.17,814.74,181.23,68.94,69.65,95.0
2023-03-24,Indonesia,Krishnapatnam,Bauxite,Capesize,36806,98.42,814.74,181.23,68.94,69.65,95.0
2023-03-24,Brazil,Visakhapatnam,Wheat,Capesize,39094,97.0,814.74,181.23,68.94,69.65,95.0
2023-03-24,Indonesia,Krishnapatnam,Fertilizer,Panamax,23164,95.72,814.74,181.23,68.94,69.65,95.0
2023-03-24,Indonesia,Visakhapatnam,Iron Ore,Handysize,29417,84.77,814.74,181.23,68.94,69.65,95.0
2023-03-25,Indonesia,Chennai,Coal,Handymax,45553,76.34,513.74,112.2,56.4,73.58,66.29
2023-03-25,Indonesia,Visakhapatnam,Wheat,Supramax,70772,78.36,513.74,112.2,56.4,73.58,66.29
2023-03-25,Australia,Paradip,Wheat,Panamax,112207,85.92,513.74,112.2,56.4,73.58,66.29
2023-03-25,Russia,Paradip,Iron Ore,Handymax,111128,79.17,513.74,112.2,56.4,73.58,66.29
2023-03-25,Russia,Chennai,Coal,Panamax,54785,81.33,513.74,112.2,56.4,73.58,66.29
2023-03-25,South Africa,Krishnapatnam,Wheat,Handymax,74786,74.29,513.74,112.2,56.4,73.58,66.29
2023-03-25,Australia,Kakinada,Bauxite,Supramax,60469,81.18,513.74,112.2,56.4,73.58,66.29
2023-03-25,Australia,Chennai,Fertilizer,Handysize,82993,76.36,513.74,112.2,56.4,73.58,66.29
2023-03-26,Australia,Chennai,Wheat,Handymax,36459,71.45,517.72,88.94,16.36,94.77,61.09
2023-03-26,Brazil,Krishnapatnam,Fertilizer,Handymax,24922,77.79,517.72,88.94,16.36,94.77,61.09
2023-03-26,Brazil,Chennai,Bauxite,Supramax,85552,82.35,517.72,88.94,16.36,94.77,61.09
2023-03-26,Russia,Paradip,Fertilizer,Capesize,45095,79.56,517.72,88.94,16.36,94.77,61.09
2023-03-26,Brazil,Krishnapatnam,Iron Ore,Capesize,72347,86.13,517.72,88.94,16.36,94.77,61.09
2023-03-26,Russia,Krishnapatnam,Bauxite,Supramax,89518,81.21,517.72,88.94,16.36,94.77,61.09
2023-03-26,South Africa,Krishnapatnam,Iron Ore,Capesize,73311,82.64,517.72,88.94,16.36,94.77,61.09
2023-03-26,Russia,Kakinada,Fertilizer,Capesize,99507,83.49,517.72,88.94,16.36,94.77,61.09
2023-03-27,Brazil,Visakhapatnam,Iron Ore,Handymax,110071,88.24,642.7,97.56,64.12,80.79,54.18
2023-03-27,Russia,Kakinada,Coal,Supramax,53654,85.67,642.7,97.56,64.12,80.79,54.18
2023-03-27,Brazil,Kakinada,Bauxite,Handymax,80380,86.42,642.7,97.56,64.12,80.79,54.18
2023-03-27,Russia,Kakinada,Bauxite,Handymax,40666,86.52,642.7,97.56,64.12,80.79,54.18
2023-03-27,Brazil,Visakhapatnam,Bauxite,Handymax,59560,85.22,642.7,97.56,64.12,80.79,54.18
2023-03-27,Brazil,Paradip,Fertilizer,Handysize,103231,79.99,642.7,97.56,64.12,80.79,54.18
2023-03-27,Brazil,Chennai,Coal,Supramax,99762,85.99,642.7,97.56,64.12,80.79,54.18
2023-03-27,Russia,Kakinada,Iron Ore,Capesize,103829,96.81,642.7,97.56,64.12,80.79,54.18
2023-03-28,Australia,Chennai,Bauxite,Handymax,108774,75.3,534.84,145.32,19.96,77.4,47.01
2023-03-28,Indonesia,Visakhapatnam,Fertilizer,Panamax,30770,85.24,534.84,145.32,19.96,77.4,47.01
2023-03-28,Brazil,Kakinada,Iron Ore,Supramax,35216,84.48,534.84,145.32,19.96,77.4,47.01
2023-03-28,Indonesia,Paradip,Iron Ore,Panamax,35029,83.26,534.84,145.32,19.96,77.4,47.01
2023-03-28,Australia,Krishnapatnam,Iron Ore,Panamax,53065,86.06,534.84,145.32,19.96,77.4,47.01
2023-03-28,Australia,Krishnapatnam,Coal,Handymax,71502,81.81,534.84,145.32,19.96,77.4,47.01
2023-03-28,South Africa,Kakinada,Coal,Handymax,68287,80.22,534.84,145.32,19.96,77.4,47.01
2023-03-28,Indonesia,Paradip,Iron Ore,Panamax,25543,88.68,534.84,145.32,19.96,77.4,47.01
2023-03-29,Russia,Krishnapatnam,Wheat,Panamax,43382,83.79,794.71,133.27,52.17,85.34,76.6
2023-03-29,Brazil,Krishnapatnam,Wheat,Panamax,78255,91.04,794.71,133.27,52.17,85.34,76.6
2023-03-29,South Africa,Krishnapatnam,Wheat,Supramax,25060,86.91,794.71,133.27,52.17,85.34,76.6
2023-03-29,Russia,Chennai,Coal,Handysize,47564,85.02,794.71,133.27,52.17,85.34,76.6
2023-03-29,Brazil,Chennai,Bauxite,Panamax,27189,92.2,794.71,133.27,52.17,85.34,76.6
2023-03-29,Russia,Visakhapatnam,Bauxite,Handymax,79095,89.49,794.71,133.27,52.17,85.34,76.6
2023-03-29,Russia,Chennai,Fertilizer,Capesize,36663,94.12,794.71,133.27,52.17,85.34,76.6
2023-03-29,Brazil,Kakinada,Iron Ore,Handysize,25197,88.13,794.71,133.27,52.17,85.34,76.6
2023-03-30,South Africa,Chennai,Wheat,Capesize,68924,95.61,755.13,162.98,31.26,95.33,77.55
2023-03-30,Australia,Visakhapatnam,Bauxite,Capesize,104698,98.76,755.13,162.98,31.26,95.33,77.55
2023-03-30,Brazil,Chennai,Wheat,Supramax,69052,87.93,755.13,162.98,31.26,95.33,77.55
2023-03-30,Indonesia,Kakinada,Fertilizer,Supramax,38624,87.91,755.13,162.98,31.26,95.33,77.55
2023-03-30,Australia,Paradip,Iron Ore,Capesize,27493,94.11,755.13,162.98,31.26,95.33,77.55
2023-03-30,Russia,Kakinada,Coal,Supramax,67291,90.73,755.13,162.98,31.26,95.33,77.55
2023-03-30,Brazil,Chennai,Bauxite,Panamax,99526,93.21,755.13,162.98,31.26,95.33,77.55
2023-03-30,Brazil,Kakinada,Wheat,Supramax,26828,88.44,755.13,162.98,31.26,95.33,77.55
2023-03-31,Australia,Krishnapatnam,Coal,Capesize,106133,100.09,768.62,115.75,61.45,96.67,59.42
2023-03-31,Indonesia,Chennai,Wheat,Supramax,119956,94.52,768.62,115.75,61.45,96.67,59.42
2023-03-31,South Africa,Krishnapatnam,Fertilizer,Handysize,118187,89.59,768.62,115.75,61.45,96.67,59.42
2023-03-31,Australia,Visakhapatnam,Fertilizer,Handysize,68994,86.23,768.62,115.75,61.45,96.67,59.42
2023-03-31,Indonesia,Kakinada,Wheat,Panamax,24837,90.85,768.62,115.75,61.45,96.67,59.42
2023-03-31,South Africa,Kakinada,Fertilizer,Supramax,96441,92.12,768.62,115.75,61.45,96.67,59.42
2023-03-31,South Africa,Krishnapatnam,Fertilizer,Handysize,33331,82.5,768.62,115.75,61.45,96.67,59.42
2023-03-31,South Africa,Kakinada,Fertilizer,Handymax,37241,86.48,768.62,115.75,61.45,96.67,59.42
2023-04-01,Brazil,Paradip,Bauxite,Handymax,60475,90.27,606.06,180.98,54.4,77.13,42.15
2023-04-01,South Africa,Paradip,Iron Ore,Handysize,117820,88.98,606.06,180.98,54.4,77.13,42.15
2023-04-01,South Africa,Chennai,Coal,Supramax,98543,86.98,606.06,180.98,54.4,77.13,42.15
2023-04-01,Brazil,Krishnapatnam,Bauxite,Handysize,20946,83.29,606.06,180.98,54.4,77.13,42.15
2023-04-01,Indonesia,Paradip,Iron Ore,Handysize,48369,91.17,606.06,180.98,54.4,77.13,42.15
2023-04-01,Australia,Paradip,Iron Ore,Handymax,103384,93.29,606.06,180.98,54.4,77.13,42.15
2023-04-01,South Africa,Chennai,Coal,Handysize,25867,87.67,606.06,180.98,54.4,77.13,42.15
2023-04-01,Russia,Chennai,Iron Ore,Panamax,111024,99.62,606.06,180.98,54.4,77.13,42.15
2023-04-02,Russia,Visakhapatnam,Fertilizer,Capesize,36555,86.49,575.22,88.53,58.63,62.79,56.08
2023-04-02,Indonesia,Paradip,Iron Ore,Capesize,46123,86.91,575.22,88.53,58.63,62.79,56.08
2023-04-02,South Africa,Krishnapatnam,Iron Ore,Capesize,60696,86.9,575.22,88.53,58.63,62.79,56.08
2023-04-02,Brazil,Visakhapatnam,Iron Ore,Capesize,48926,89.29,575.22,88.53,58.63,62.79,56.08
2023-04-02,Brazil,Kakinada,Iron Ore,Panamax,91947,88.44,575.22,88.53,58.63,62.79,56.08
2023-04-02,South Africa,Kakinada,Wheat,Panamax,106436,82.91,575.22,88.53,58.63,62.79,56.08
2023-04-02,Australia,Visakhapatnam,Fertilizer,Panamax,86972,80.73,575.22,88.53,58.63,62.79,56.08
2023-04-02,Russia,Kakinada,Fertilizer,Handymax,28947,74.82,575.22,88.53,58.63,62.79,56.08
2023-04-03,South Africa,Visakhapatnam,Wheat,Panamax,61850,81.88,519.1,144.28,41.48,86.44,55.6
2023-04-03,Indonesia,Chennai,Coal,Handymax,59516,80.59,519.1,144.28,41.48,86.44,55.6
2023-04-03,Australia,Krishnapatnam,Wheat,Panamax,98002,87.33,519.1,144.28,41.48,86.44,55.6
2023-04-03,Australia,Paradip,Iron Ore,Capesize,92095,94.68,519.1,144.28,41.48,86.44,55.6
2023-04-03,Russia,Kakinada,Iron Ore,Supramax,97606,87.98,519.1,144.28,41.48,86.44,55.6
2023-04-03,Indonesia,Krishnapatnam,Wheat,Supramax,66418,80.2,519.1,144.28,41.48,86.44,55.6
2023-04-03,South Africa,Chennai,Bauxite,Capesize,96946,94.46,519.1,144.28,41.48,86.44,55.6
2023-04-03,South Africa,Visakhapatnam,Fertilizer,Panamax,62674,89.19,519.1,144.28,41.48,86.44,55.6
2023-04-04,Australia,Visakhapatnam,Wheat,Handymax,99823,87.53,807.31,140.12,73.46,76.96,39.95
2023-04-04,Australia,Chennai,Fertilizer,Handysize,27235,85.47,807.31,140.12,73.46,76.96,39.95
2023-04-04,Russia,Kakinada,Fertilizer,Handymax,48091,91.85,807.31,140.12,73.46,76.96,39.95
2023-04-04,Brazil,Visakhapatnam,Iron Ore,Handymax,105961,94.21,807.31,140.12,73.46,76.96,39.95
2023-04-04,Australia,Chennai,Iron Ore,Handysize,88472,92.08,807.31,140.12,73.46,76.96,39.95
2023-04-04,Australia,Paradip,Iron Ore,Panamax,117624,105.15,807.31,140.12,73.46,76.96,39.95
2023-04-04,Russia,Chennai,Coal,Handymax,95242,89.65,807.31,140.12,73.46,76.96,39.95
2023-04-04,Russia,Kakinada,Coal,Handymax,72413,90.55,807.31,140.12,73.46,76.96,39.95
2023-04-05,Russia,Chennai,Coal,Handysize,41042,75.01,691.43,131.84,31.54,54.65,67.54
2023-04-05,South Africa,Kakinada,Iron Ore,Panamax,40918,87.58,691.43,131.84,31.54,54.65,67.54
2023-04-05,Australia,Kakinada,Fertilizer,Supramax,65747,78.6,691.43,131.84,31.54,54.65,67.54
2023-04-05,Russia,Paradip,Bauxite,Handymax,25730,77.74,691.43,131.84,31.54,54.65,67.54
2023-04-05,Russia,Chennai,Fertilizer,Supramax,40923,77.56,691.43,131.84,31.54,54.65,67.54
2023-04-05,Russia,Chennai,Bauxite,Handymax,48756,81.67,691.43,131.84,31.54,54.65,67.54
2023-04-05,South Africa,Kakinada,Bauxite,Supramax,23729,78.85,691.43,131.84,31.54,54.65,67.54
2023-04-05,Australia,Krishnapatnam,Coal,Supramax,41292,79.64,691.43,131.84,31.54,54.65,67.54
2023-04-06,Australia,Visakhapatnam,Bauxite,Supramax,83382,83.06,665.56,88.66,55.74,58.69,78.4
2023-04-06,Australia,Chennai,Coal,Capesize,81360,87.31,665.56,88.66,55.74,58.69,78.4
2023-04-06,Australia,Chennai,Bauxite,Capesize,70210,86.0,665.56,88.66,55.74,58.69,78.4
2023-04-06,Indonesia,Kakinada,Bauxite,Supramax,103168,81.97,665.56,88.66,55.74,58.69,78.4
2023-04-06,South Africa,Paradip,Bauxite,Capesize,103597,85.04,665.56,88.66,55.74,58.69,78.4
2023-04-06,Australia,Chennai,Coal,Handymax,50232,74.29,665.56,88.66,55.74,58.69,78.4
2023-04-06,Australia,Chennai,Bauxite,Capesize,87163,88.1,665.56,88.66,55.74,58.69,78.4
2023-04-06,Russia,Krishnapatnam,Coal,Capesize,60025,84.01,665.56,88.66,55.74,58.69,78.4
2023-04-07,Brazil,Visakhapatnam,Iron Ore,Handysize,101788,85.82,650.39,159.32,47.17,86.73,51.42
2023-04-07,Russia,Krishnapatnam,Iron Ore,Handysize,26191,86.25,650.39,159.32,47.17,86.73,51.42
2023-04-07,Indonesia,Paradip,Fertilizer,Handymax,106971,84.93,650.39,159.32,47.17,86.73,51.42
2023-04-07,Brazil,Krishnapatnam,Coal,Panamax,86727,95.08,650.39,159.32,47.17,86.73,51.42
2023-04-07,Brazil,Paradip,Wheat,Handysize,27987,82.39,650.39,159.32,47.17,86.73,51.42
2023-04-07,Russia,Krishnapatnam,Fertilizer,Handymax,102542,87.38,650.39,159.32,47.17,86.73,51.42
2023-04-07,Indonesia,Krishnapatnam,Iron Ore,Capesize,107134,99.96,650.39,159.32,47.17,86.73,51.42
2023-04-07,Australia,Kakinada,Coal,Capesize,79658,95.79,650.39,159.32,47.17,86.73,51.42
2023-04-08,Australia,Chennai,Coal,Panamax,117206,88.63,800.69,134.34,39.51,57.34,71.39
2023-04-08,South Africa,Kakinada,Fertilizer,Supramax,20893,84.37,800.69,134.34,39.51,57.34,71.39
2023-04-08,South Africa,Visakhapatnam,Wheat,Handymax,52330,82.37,800.69,134.34,39.51,57.34,71.39
2023-04-08,South Africa,Chennai,Wheat,Handysize,118264,80.58,800.69,134.34,39.51,57.34,71.39
2023-04-08,Australia,Visakhapatnam,Fertilizer,Panamax,117462,89.5,800.69,134.34,39.51,57.34,71.39
2023-04-08,Russia,Krishnapatnam,Iron Ore,Supramax,106006,89.36,800.69,134.34,39.51,57.34,71.39
2023-04-08,Australia,Chennai,Iron Ore,Panamax,37174,91.76,800.69,134.34,39.51,57.34,71.39
2023-04-08,Russia,Visakhapatnam,Fertilizer,Handymax,48022,79.01,800.69,134.34,39.51,57.34,71.39
2023-04-09,South Africa,Visakhapatnam,Iron Ore,Panamax,81957,94.47,816.14,111.07,39.61,100.0,71.7
2023-04-09,Indonesia,Krishnapatnam,Coal,Handysize,84173,84.69,816.14,111.07,39.61,100.0,71.7
2023-04-09,South Africa,Visakhapatnam,Fertilizer,Supramax,33386,91.27,816.14,111.07,39.61,100.0,71.7
2023-04-09,Russia,Kakinada,Iron Ore,Capesize,41045,99.48,816.14,111.07,39.61,100.0,71.7
2023-04-09,South Africa,Chennai,Wheat,Handysize,111756,84.75,816.14,111.07,39.61,100.0,71.7
2023-04-09,Australia,Krishnapatnam,Fertilizer,Supramax,81826,87.89,816.14,111.07,39.61,100.0,71.7
2023-04-09,Brazil,Paradip,Wheat,Supramax,58185,90.2,816.14,111.07,39.61,100.0,71.7
2023-04-09,Russia,Paradip,Iron Ore,Panamax,54980,98.46,816.14,111.07,39.61,100.0,71.7
2023-04-10,Australia,Krishnapatnam,Fertilizer,Capesize,35804,92.04,661.31,167.2,48.97,82.33,72.59
2023-04-10,Russia,Paradip,Wheat,Handymax,33668,79.7,661.31,167.2,48.97,82.33,72.59
2023-04-10,Indonesia,Chennai,Coal,Capesize,43649,94.23,661.31,167.2,48.97,82.33,72.59
2023-04-10,Indonesia,Visakhapatnam,Coal,Supramax,109360,90.65,661.31,167.2,48.97,82.33,72.59
2023-04-10,South Africa,Visakhapatnam,Fertilizer,Supramax,106717,88.13,661.31,167.2,48.97,82.33,72.59
2023-04-10,Brazil,Visakhapatnam,Iron Ore,Handymax,90990,86.36,661.31,167.2,48.97,82.33,72.59
2023-04-10,South Africa,Chennai,Bauxite,Capesize,49086,94.82,661.31,167.2,48.97,82.33,72.59
2023-04-10,Russia,Chennai,Coal,Capesize,61984,95.68,661.31,167.2,48.97,82.33,72.59
2023-04-11,Russia,Kakinada,Bauxite,Handymax,66032,82.44,596.9,88.94,48.03,82.46,47.41
2023-04-11,Indonesia,Visakhapatnam,Iron Ore,Handysize,97239,79.04,596.9,88.94,48.03,82.46,47.41
2023-04-11,Brazil,Visakhapatnam,Coal,Panamax,48229,81.77,596.9,88.94,48.03,82.46,47.41
2023-04-11,Indonesia,Kakinada,Iron Ore,Handymax,61785,82.42,596.9,88.94,48.03,82.46,47.41
2023-04-11,South Africa,Paradip,Iron Ore,Handysize,20215,78.92,596.9,88.94,48.03,82.46,47.41
2023-04-11,South Africa,Paradip,Bauxite,Handysize,86985,77.45,596.9,88.94,48.03,82.46,47.41
2023-04-11,Australia,Krishnapatnam,Bauxite,Panamax,87087,89.08,596.9,88.94,48.03,82.46,47.41
2023-04-11,Brazil,Chennai,Bauxite,Handymax,43834,82.45,596.9,88.94,48.03,82.46,47.41
2023-04-12,Indonesia,Kakinada,Bauxite,Capesize,82894,87.23,597.81,162.58,17.12,70.73,73.74
2023-04-12,South Africa,Chennai,Wheat,Handysize,68821,73.61,597.81,162.58,17.12,70.73,73.74
2023-04-12,Australia,Paradip,Wheat,Handysize,61910,73.2,597.81,162.58,17.12,70.73,73.74
2023-04-12,Russia,Kakinada,Fertilizer,Capesize,78866,85.45,597.81,162.58,17.12,70.73,73.74
2023-04-12,Australia,Visakhapatnam,Iron Ore,Handysize,33854,80.13,597.81,162.58,17.12,70.73,73.74
2023-04-12,Indonesia,Paradip,Coal,Supramax,101463,80.67,597.81,162.58,17.12,70.73,73.74
2023-04-12,South Africa,Paradip,Fertilizer,Handymax,44354,76.73,597.81,162.58,17.12,70.73,73.74
2023-04-12,Russia,Krishnapatnam,Fertilizer,Supramax,20060,76.6,597.81,162.58,17.12,70.73,73.74
2023-04-13,Indonesia,Kakinada,Coal,Handysize,40028,78.78,669.0,105.56,39.88,74.36,61.31
2023-04-13,Australia,Paradip,Coal,Supramax,76633,85.57,669.0,105.56,39.88,74.36,61.31
2023-04-13,Australia,Krishnapatnam,Iron Ore,Supramax,79470,87.76,669.0,105.56,39.88,74.36,61.31
2023-04-13,South Africa,Paradip,Bauxite,Capesize,99737,93.62,669.0,105.56,39.88,74.36,61.31
2023-04-13,South Africa,Visakhapatnam,Bauxite,Handysize,90934,81.04,669.0,105.56,39.88,74.36,61.31
2023-04-13,Indonesia,Visakhapatnam,Bauxite,Handysize,100356,80.47,669.0,105.56,39.88,74.36,61.31
2023-04-13,Australia,Chennai,Coal,Capesize,55897,91.22,669.0,105.56,39.88,74.36,61.31
2023-04-13,Indonesia,Krishnapatnam,Fertilizer,Supramax,52769,86.07,669.0,105.56,39.88,74.36,61.31
2023-04-14,Brazil,Paradip,Coal,Handymax,105998,81.27,624.59,99.18,23.66,92.89,65.7
2023-04-14,Australia,Kakinada,Fertilizer,Handysize,81247,72.83,624.59,99.18,23.66,92.89,65.7
2023-04-14,South Africa,Visakhapatnam,Iron Ore,Handymax,106654,83.93,624.59,99.18,23.66,92.89,65.7
2023-04-14,Indonesia,Paradip,Wheat,Handymax,47160,73.34,624.59,99.18,23.66,92.89,65.7
2023-04-14,Russia,Kakinada,Bauxite,Handysize,81868,74.73,624.59,99.18,23.66,92.89,65.7
2023-04-14,Australia,Paradip,Bauxite,Handysize,39585,76.77,624.59,99.18,23.66,92.89,65.7
2023-04-14,Australia,Chennai,Coal,Panamax,35696,83.55,624.59,99.18,23.66,92.89,65.7
2023-04-14,Indonesia,Kakinada,Bauxite,Capesize,85425,87.79,624.59,99.18,23.66,92.89,65.7
2023-04-15,Indonesia,Kakinada,Coal,Panamax,67691,91.59,809.57,139.73,24.15,76.7,43.54
2023-04-15,Indonesia,Visakhapatnam,Bauxite,Panamax,31397,89.55,809.57,139.73,24.15,76.7,43.54
2023-04-15,Brazil,Krishnapatnam,Coal,Handysize,35896,85.59,809.57,139.73,24.15,76.7,43.54
2023-04-15,Australia,Kakinada,Wheat,Handysize,114774,84.24,809.57,139.73,24.15,76.7,43.54
2023-04-15,South Africa,Chennai,Coal,Capesize,76398,93.16,809.57,139.73,24.15,76.7,43.54
2023-04-15,Indonesia,Visakhapatnam,Fertilizer,Handysize,58367,78.24,809.57,139.73,24.15,76.7,43.54
2023-04-15,South Africa,Visakhapatnam,Fertilizer,Handymax,33016,83.86,809.57,139.73,24.15,76.7,43.54
2023-04-15,Australia,Krishnapatnam,Fertilizer,Handymax,74675,82.17,809.57,139.73,24.15,76.7,43.54
2023-04-16,Brazil,Visakhapatnam,Fertilizer,Panamax,65178,91.14,762.28,138.9,52.32,64.51,46.04
2023-04-16,Russia,Kakinada,Wheat,Panamax,109242,93.82,762.28,138.9,52.32,64.51,46.04
2023-04-16,South Africa,Visakhapatnam,Bauxite,Capesize,56132,94.28,762.28,138.9,52.32,64.51,46.04
2023-04-16,Brazil,Visakhapatnam,Fertilizer,Supramax,97355,87.57,762.28,138.9,52.32,64.51,46.04
2023-04-16,Australia,Chennai,Iron Ore,Panamax,107968,96.13,762.28,138.9,52.32,64.51,46.04
2023-04-16,Russia,Visakhapatnam,Fertilizer,Handymax,84148,86.82,762.28,138.9,52.32,64.51,46.04
2023-04-16,Indonesia,Paradip,Bauxite,Panamax,88546,93.27,762.28,138.9,52.32,64.51,46.04
2023-04-16,Brazil,Visakhapatnam,Fertilizer,Panamax,24994,87.16,762.28,138.9,52.32,64.51,46.04
2023-04-17,Brazil,Paradip,Iron Ore,Handymax,21674,73.96,541.69,98.38,47.33,46.81,70.22
2023-04-17,Russia,Chennai,Fertilizer,Capesize,30492,79.07,541.69,98.38,47.33,46.81,70.22
2023-04-17,Russia,Kakinada,Wheat,Handysize,113054,71.03,541.69,98.38,47.33,46.81,70.22
2023-04-17,Indonesia,Krishnapatnam,Bauxite,Panamax,95057,77.3,541.69,98.38,47.33,46.81,70.22
2023-04-17,South Africa,Paradip,Fertilizer,Panamax,50825,76.65,541.69,98.38,47.33,46.81,70.22
2023-04-17,Brazil,Visakhapatnam,Coal,Handymax,65689,72.71,541.69,98.38,47.33,46.81,70.22
2023-04-17,Indonesia,Krishnapatnam,Wheat,Handymax,105643,72.65,541.69,98.38,47.33,46.81,70.22
2023-04-17,Russia,Paradip,Fertilizer,Handymax,22244,68.48,541.69,98.38,47.33,46.81,70.22
2023-04-18,Russia,Chennai,Bauxite,Handymax,44918,82.08,753.64,167.97,32.98,68.15,72.17
2023-04-18,Indonesia,Chennai,Wheat,Supramax,49553,87.38,753.64,167.97,32.98,68.15,72.17
2023-04-18,Russia,Visakhapatnam,Iron Ore,Handysize,71428,83.3,753.64,167.97,32.98,68.15,72.17
2023-04-18,Indonesia,Paradip,Fertilizer,Capesize,107838,94.39,753.64,167.97,32.98,68.15,72.17
2023-04-18,Russia,Krishnapatnam,Coal,Handysize,68570,81.46,753.64,167.97,32.98,68.15,72.17
2023-04-18,Indonesia,Chennai,Coal,Panamax,59263,91.53,753.64,167.97,32.98,68.15,72.17
2023-04-18,Indonesia,Visakhapatnam,Coal,Supramax,28433,85.8,753.64,167.97,32.98,68.15,72.17
2023-04-18,Indonesia,Visakhapatnam,Iron Ore,Handysize,57706,82.97,753.64,167.97,32.98,68.15,72.17
2023-04-19,Russia,Kakinada,Iron Ore,Supramax,107759,94.84,768.31,180.96,68.98,86.36,72.93
2023-04-19,Australia,Chennai,Iron Ore,Capesize,98840,106.15,768.31,180.96,68.98,86.36,72.93
2023-04-19,Russia,Visakhapatnam,Bauxite,Supramax,79164,95.76,768.31,180.96,68.98,86.36,72.93
2023-04-19,South Africa,Visakhapatnam,Wheat,Handymax,29465,89.05,768.31,180.96,68.98,86.36,72.93
2023-04-19,Brazil,Chennai,Iron Ore,Capesize,67588,103.92,768.31,180.96,68.98,86.36,72.93
2023-04-19,Brazil,Visakhapatnam,Bauxite,Handymax,72311,92.06,768.31,180.96,68.98,86.36,72.93
2023-04-19,Brazil,Paradip,Bauxite,Capesize,25636,101.03,768.31,180.96,68.98,86.36,72.93
2023-04-19,South Africa,Visakhapatnam,Fertilizer,Capesize,41672,98.9,768.31,180.96,68.98,86.36,72.93
2023-04-20,Australia,Krishnapatnam,Wheat,Handymax,66762,77.96,570.63,175.21,33.49,85.79,76.91
2023-04-20,Indonesia,Krishnapatnam,Iron Ore,Supramax,62025,90.83,570.63,175.21,33.49,85.79,76.91
2023-04-20,South Africa,Krishnapatnam,Iron Ore,Handymax,103788,86.74,570.63,175.21,33.49,85.79,76.91
2023-04-20,Australia,Chennai,Coal,Panamax,89444,88.37,570.63,175.21,33.49,85.79,76.91
2023-04-20,South Africa,Krishnapatnam,Wheat,Capesize,90247,90.08,570.63,175.21,33.49,85.79,76.91
2023-04-20,Russia,Krishnapatnam,Bauxite,Capesize,102928,94.47,570.63,175.21,33.49,85.79,76.91
2023-04-20,Brazil,Krishnapatnam,Coal,Panamax,108074,89.97,570.63,175.21,33.49,85.79,76.91
2023-04-20,Australia,Chennai,Fertilizer,Handymax,40836,80.43,570.63,175.21,33.49,85.79,76.91
2023-04-21,Australia,Kakinada,Coal,Panamax,38646,95.65,779.3,158.18,42.58,64.96,45.29
2023-04-21,Brazil,Visakhapatnam,Fertilizer,Handysize,39403,80.9,779.3,158.18,42.58,64.96,45.29
2023-04-21,Indonesia,Chennai,Bauxite,Supramax,62292,89.41,779.3,158.18,42.58,64.96,45.29
2023-04-21,Australia,Chennai,Bauxite,Handysize,76574,84.0,779.3,158.18,42.58,64.96,45.29
2023-04-21,Russia,Visakhapatnam,Fertilizer,Handymax,92267,85.15,779.3,158.18,42.58,64.96,45.29
2023-04-21,Australia,Visakhapatnam,Coal,Supramax,100730,88.98,779.3,158.18,42.58,64.96,45.29
2023-04-21,South Africa,Visakhapatnam,Iron Ore,Handysize,91101,85.87,779.3,158.18,42.58,64.96,45.29
2023-04-21,Indonesia,Paradip,Wheat,Supramax,117889,89.22,779.3,158.18,42.58,64.96,45.29
2023-04-22,Russia,Chennai,Fertilizer,Handymax,97654,80.04,625.9,137.95,62.24,67.59,85.98
2023-04-22,Indonesia,Visakhapatnam,Coal,Capesize,114438,91.7,625.9,137.95,62.24,67.59,85.98
2023-04-22,South Africa,Chennai,Wheat,Capesize,83879,90.94,625.9,137.95,62.24,67.59,85.98
2023-04-22,Brazil,Kakinada,Iron Ore,Handymax,59236,81.27,625.9,137.95,62.24,67.59,85.98
2023-04-22,Brazil,Chennai,Wheat,Handysize,26997,73.38,625.9,137.95,62.24,67.59,85.98
2023-04-22,South Africa,Krishnapatnam,Iron Ore,Panamax,53635,88.1,625.9,137.95,62.24,67.59,85.98
2023-04-22,Brazil,Chennai,Wheat,Capesize,109387,88.56,625.9,137.95,62.24,67.59,85.98
2023-04-22,Russia,Chennai,Fertilizer,Capesize,79342,92.34,625.9,137.95,62.24,67.59,85.98
2023-04-23,South Africa,Kakinada,Fertilizer,Handymax,85184,84.55,543.63,180.47,64.18,84.13,70.13
2023-04-23,Russia,Paradip,Bauxite,Supramax,105936,92.23,543.63,180.47,64.18,84.13,70.13
2023-04-23,Indonesia,Kakinada,Bauxite,Panamax,89711,93.0,543.63,180.47,64.18,84.13,70.13
2023-04-23,Brazil,Chennai,Coal,Panamax,116887,88.75,543.63,180.47,64.18,84.13,70.13
2023-04-23,Australia,Krishnapatnam,Wheat,Handysize,78560,80.98,543.63,180.47,64.18,84.13,70.13
2023-04-23,Russia,Kakinada,Iron Ore,Capesize,114952,102.09,543.63,180.47,64.18,84.13,70.13
2023-04-23,Russia,Krishnapatnam,Fertilizer,Panamax,47307,88.91,543.63,180.47,64.18,84.13,70.13
2023-04-23,Russia,Visakhapatnam,Bauxite,Supramax,77716,91.29,543.63,180.47,64.18,84.13,70.13
2023-04-24,Australia,Paradip,Fertilizer,Handysize,67374,77.25,502.16,165.4,47.2,69.52,60.37
2023-04-24,South Africa,Chennai,Iron Ore,Supramax,91387,86.16,502.16,165.4,47.2,69.52,60.37
2023-04-24,Brazil,Paradip,Bauxite,Handysize,99980,76.91,502.16,165.4,47.2,69.52,60.37
2023-04-24,South Africa,Kakinada,Wheat,Capesize,70251,88.1,502.16,165.4,47.2,69.52,60.37
2023-04-24,Brazil,Visakhapatnam,Coal,Supramax,113794,84.78,502.16,165.4,47.2,69.52,60.37
2023-04-24,Brazil,Chennai,Bauxite,Handysize,71012,80.03,502.16,165.4,47.2,69.52,60.37
2023-04-24,Brazil,Krishnapatnam,Fertilizer,Handysize,85220,82.47,502.16,165.4,47.2,69.52,60.37
2023-04-24,Indonesia,Chennai,Wheat,Handysize,51556,79.87,502.16,165.4,47.2,69.52,60.37
2023-04-25,Brazil,Visakhapatnam,Fertilizer,Supramax,59422,85.88,802.2,98.28,60.86,77.31,84.47
2023-04-25,Australia,Kakinada,Coal,Supramax,55362,87.12,802.2,98.28,60.86,77.31,84.47
2023-04-25,Brazil,Chennai,Coal,Panamax,76523,94.94,802.2,98.28,60.86,77.31,84.47
2023-04-25,Indonesia,Kakinada,Fertilizer,Capesize,112837,94.06,802.2,98.28,60.86,77.31,84.47
2023-04-25,Brazil,Visakhapatnam,Bauxite,Panamax,112969,90.04,802.2,98.28,60.86,77.31,84.47
2023-04-25,Brazil,Chennai,Iron Ore,Handymax,65641,89.24,802.2,98.28,60.86,77.31,84.47
2023-04-25,Australia,Chennai,Coal,Supramax,22042,85.22,802.2,98.28,60.86,77.31,84.47
2023-04-25,Indonesia,Visakhapatnam,Bauxite,Handymax,56018,84.55,802.2,98.28,60.86,77.31,84.47
2023-04-26,South Africa,Paradip,Coal,Handymax,23832,75.46,510.62,168.71,38.55,52.07,56.87
2023-04-26,Russia,Kakinada,Coal,Panamax,74512,83.64,510.62,168.71,38.55,52.07,56.87
2023-04-26,Brazil,Kakinada,Wheat,Handymax,22581,76.24,510.62,168.71,38.55,52.07,56.87
2023-04-26,Russia,Kakinada,Fertilizer,Handysize,97095,76.51,510.62,168.71,38.55,52.07,56.87
2023-04-26,South Africa,Krishnapatnam,Iron Ore,Handysize,85242,76.42,510.62,168.71,38.55,52.07,56.87
2023-04-26,Indonesia,Chennai,Iron Ore,Handysize,68773,76.58,510.62,168.71,38.55,52.07,56.87
2023-04-26,Indonesia,Kakinada,Wheat,Capesize,78031,85.05,510.62,168.71,38.55,52.07,56.87
2023-04-26,Brazil,Kakinada,Wheat,Supramax,109080,80.48,510.62,168.71,38.55,52.07,56.87
2023-04-27,Russia,Paradip,Coal,Capesize,77836,90.84,606.43,165.49,38.01,47.51,73.98
2023-04-27,Brazil,Krishnapatnam,Iron Ore,Handysize,23407,77.28,606.43,165.49,38.01,47.51,73.98
2023-04-27,Russia,Visakhapatnam,Iron Ore,Panamax,63169,82.79,606.43,165.49,38.01,47.51,73.98
2023-04-27,South Africa,Kakinada,Bauxite,Capesize,119397,90.93,606.43,165.49,38.01,47.51,73.98
2023-04-27,Australia,Visakhapatnam,Iron Ore,Handysize,80102,76.03,606.43,165.49,38.01,47.51,73.98
2023-04-27,Australia,Krishnapatnam,Wheat,Capesize,89526,87.45,606.43,165.49,38.01,47.51,73.98
2023-04-27,Indonesia,Chennai,Coal,Panamax,40316,82.88,606.43,165.49,38.01,47.51,73.98
2023-04-27,Russia,Paradip,Fertilizer,Handysize,105781,75.26,606.43,165.49,38.01,47.51,73.98
2023-04-28,Australia,Kakinada,Wheat,Panamax,81720,88.47,788.31,92.86,56.35,74.29,76.74
2023-04-28,Australia,Visakhapatnam,Wheat,Supramax,96768,84.75,788.31,92.86,56.35,74.29,76.74
2023-04-28,Brazil,Kakinada,Bauxite,Panamax,85034,91.87,788.31,92.86,56.35,74.29,76.74
2023-04-28,Indonesia,Kakinada,Coal,Capesize,114389,90.51,788.31,92.86,56.35,74.29,76.74
2023-04-28,Russia,Kakinada,Bauxite,Panamax,56404,85.63,788.31,92.86,56.35,74.29,76.74
2023-04-28,South Africa,Krishnapatnam,Fertilizer,Capesize,104627,96.1,788.31,92.86,56.35,74.29,76.74
2023-04-28,Indonesia,Visakhapatnam,Wheat,Panamax,110198,82.44,788.31,92.86,56.35,74.29,76.74
2023-04-28,Russia,Kakinada,Iron Ore,Capesize,119226,94.88,788.31,92.86,56.35,74.29,76.74
2023-04-29,Indonesia,Krishnapatnam,Coal,Handymax,21211,82.16,763.13,143.17,42.53,72.57,62.12
2023-04-29,Russia,Visakhapatnam,Iron Ore,Panamax,67779,91.39,763.13,143.17,42.53,72.57,62.12
2023-04-29,Australia,Kakinada,Iron Ore,Capesize,91356,97.68,763.13,143.17,42.53,72.57,62.12
2023-04-29,Russia,Krishnapatnam,Iron Ore,Panamax,35620,92.62,763.13,143.17,42.53,72.57,62.12
2023-04-29,Australia,Krishnapatnam,Wheat,Panamax,50766,86.69,763.13,143.17,42.53,72.57,62.12
2023-04-29,Russia,Kakinada,Bauxite,Handymax,102357,86.94,763.13,143.17,42.53,72.57,62.12
2023-04-29,South Africa,Paradip,Wheat,Handysize,32916,83.3,763.13,143.17,42.53,72.57,62.12
2023-04-29,Russia,Kakinada,Bauxite,Panamax,87847,92.06,763.13,143.17,42.53,72.57,62.12
2023-04-30,Russia,Krishnapatnam,Iron Ore,Handymax,32963,87.03,619.84,138.98,62.68,77.34,55.21
2023-04-30,Indonesia,Visakhapatnam,Fertilizer,Handysize,98972,82.69,619.84,138.98,62.68,77.34,55.21
2023-04-30,Indonesia,Paradip,Coal,Capesize,101494,92.93,619.84,138.98,62.68,77.34,55.21
2023-04-30,Russia,Visakhapatnam,Iron Ore,Handymax,98929,89.61,619.84,138.98,62.68,77.34,55.21
2023-04-30,Australia,Kakinada,Fertilizer,Panamax,80231,90.46,619.84,138.98,62.68,77.34,55.21
2023-04-30,Australia,Krishnapatnam,Fertilizer,Capesize,96000,93.7,619.84,138.98,62.68,77.34,55.21
2023-04-30,Russia,Chennai,Fertilizer,Capesize,80277,94.63,619.84,138.98,62.68,77.34,55.21
2023-04-30,Australia,Paradip,Coal,Supramax,73463,87.16,619.84,138.98,62.68,77.34,55.21
2023-05-01,Australia,Kakinada,Coal,Capesize,49299,87.18,792.06,88.12,54.57,79.25,73.48
2023-05-01,Russia,Paradip,Wheat,Supramax,90871,82.1,792.06,88.12,54.57,79.25,73.48
2023-05-01,Indonesia,Krishnapatnam,Coal,Handymax,40002,76.45,792.06,88.12,54.57,79.25,73.48
2023-05-01,Brazil,Chennai,Wheat,Handysize,116498,76.76,792.06,88.12,54.57,79.25,73.48
2023-05-01,Australia,Visakhapatnam,Wheat,Handysize,44398,74.85,792.06,88.12,54.57,79.25,73.48
2023-05-01,Indonesia,Kakinada,Fertilizer,Supramax,42340,82.17,792.06,88.12,54.57,79.25,73.48
2023-05-01,Indonesia,Visakhapatnam,Coal,Handymax,101110,81.38,792.06,88.12,54.57,79.25,73.48
2023-05-01,South Africa,Kakinada,Fertilizer,Handysize,31801,77.37,792.06,88.12,54.57,79.25,73.48
2023-05-02,South Africa,Chennai,Iron Ore,Supramax,64328,78.18,578.08,137.07,26.01,57.73,68.77
2023-05-02,Indonesia,Chennai,Wheat,Handysize,41602,68.25,578.08,137.07,26.01,57.73,68.77
2023-05-02,Brazil,Kakinada,Coal,Handysize,69252,69.55,578.08,137.07,26.01,57.73,68.77
2023-05-02,Indonesia,Krishnapatnam,Fertilizer,Panamax,66694,78.42,578.08,137.07,26.01,57.73,68.77
2023-05-02,Brazil,Krishnapatnam,Bauxite,Panamax,58563,80.4,578.08,137.07,26.01,57.73,68.77
2023-05-02,Australia,Krishnapatnam,Wheat,Supramax,21132,71.75,578.08,137.07,26.01,57.73,68.77
2023-05-02,Russia,Paradip,Fertilizer,Supramax,60733,75.41,578.08,137.07,26.01,57.73,68.77
2023-05-02,Indonesia,Visakhapatnam,Coal,Handymax,78901,73.83,578.08,137.07,26.01,57.73,68.77
2023-05-03,South Africa,Krishnapatnam,Coal,Handymax,103049,85.23,773.24,173.52,67.85,52.0,34.16
2023-05-03,Indonesia,Kakinada,Coal,Capesize,98636,100.24,773.24,173.52,67.85,52.0,34.16
2023-05-03,Brazil,Chennai,Iron Ore,Handysize,52317,84.9,773.24,173.52,67.85,52.0,34.16
2023-05-03,Australia,Krishnapatnam,Bauxite,Handymax,88045,86.98,773.24,173.52,67.85,52.0,34.16
2023-05-03,Indonesia,Krishnapatnam,Bauxite,Panamax,79473,93.21,773.24,173.52,67.85,52.0,34.16
2023-05-03,Indonesia,Paradip,Coal,Panamax,80646,95.82,773.24,173.52,67.85,52.0,34.16
2023-05-03,South Africa,Visakhapatnam,Iron Ore,Capesize,49545,97.06,773.24,173.52,67.85,52.0,34.16
2023-05-03,Indonesia,Visakhapatnam,Fertilizer,Handymax,113144,91.86,773.24,173.52,67.85,52.0,34.16
2023-05-04,Indonesia,Visakhapatnam,Bauxite,Capesize,70281,82.2,582.88,90.9,32.48,81.82,79.33
2023-05-04,South Africa,Krishnapatnam,Wheat,Handymax,69464,71.54,582.88,90.9,32.48,81.82,79.33
2023-05-04,Brazil,Visakhapatnam,Wheat,Handysize,60097,67.64,582.88,90.9,32.48,81.82,79.33
2023-05-04,Australia,Visakhapatnam,Bauxite,Handysize,110283,73.79,582.88,90.9,32.48,81.82,79.33
2023-05-04,Australia,Kakinada,Bauxite,Panamax,55490,79.94,582.88,90.9,32.48,81.82,79.33
2023-05-04,Australia,Krishnapatnam,Coal,Handymax,98209,74.07,582.88,90.9,32.48,81.82,79.33
2023-05-04,Indonesia,Chennai,Bauxite,Supramax,106489,81.72,582.88,90.9,32.48,81.82,79.33
2023-05-04,Russia,Krishnapatnam,Coal,Handymax,29247,72.26,582.88,90.9,32.48,81.82,79.33
2023-05-05,Indonesia,Kakinada,Iron Ore,Handymax,22147,88.39,785.62,125.71,51.33,92.15,56.76
2023-05-05,Brazil,Chennai,Bauxite,Supramax,22013,89.88,785.62,125.71,51.33,92.15,56.76
2023-05-05,Brazil,Visakhapatnam,Coal,Handysize,101171,83.2,785.62,125.71,51.33,92.15,56.76
2023-05-05,Australia,Kakinada,Bauxite,Supramax,26862,88.96,785.62,125.71,51.33,92.15,56.76
2023-05-05,South Africa,Kakinada,Iron Ore,Handymax,97990,89.82,785.62,125.71,51.33,92.15,56.76
2023-05-05,Brazil,Paradip,Coal,Supramax,98052,88.01,785.62,125.71,51.33,92.15,56.76
2023-05-05,Indonesia,Chennai,Bauxite,Handymax,59643,88.18,785.62,125.71,51.33,92.15,56.76
2023-05-05,Russia,Krishnapatnam,Coal,Handymax,48804,86.51,785.62,125.71,51.33,92.15,56.76
2023-05-06,South Africa,Paradip,Wheat,Supramax,39665,78.58,734.24,127.31,39.07,50.8,59.11
2023-05-06,Indonesia,Kakinada,Iron Ore,Handymax,90434,79.32,734.24,127.31,39.07,50.8,59.11
2023-05-06,Australia,Chennai,Iron Ore,Handysize,65836,76.46,734.24,127.31,39.07,50.8,59.11
2023-05-06,Indonesia,Paradip,Bauxite,Capesize,42760,87.46,734.24,127.31,39.07,50.8,59.11
2023-05-06,Indonesia,Chennai,Wheat,Supramax,91318,81.31,734.24,127.31,39.07,50.8,59.11
2023-05-06,Brazil,Visakhapatnam,Coal,Capesize,39641,87.01,734.24,127.31,39.07,50.8,59.11
2023-05-06,Australia,Visakhapatnam,Iron Ore,Handymax,25544,77.89,734.24,127.31,39.07,50.8,59.11
2023-05-06,Indonesia,Krishnapatnam,Coal,Handymax,46287,83.24,734.24,127.31,39.07,50.8,59.11
2023-05-07,South Africa,Chennai,Bauxite,Handymax,77676,82.96,838.04,99.98,26.13,83.47,73.97
2023-05-07,Australia,Visakhapatnam,Bauxite,Capesize,52463,92.53,838.04,99.98,26.13,83.47,73.97
2023-05-07,Russia,Kakinada,Fertilizer,Handymax,87560,82.05,838.04,99.98,26.13,83.47,73.97
2023-05-07,South Africa,Visakhapatnam,Coal,Supramax,45345,81.98,838.04,99.98,26.13,83.47,73.97
2023-05-07,Russia,Kakinada,Iron Ore,Handysize,101199,83.33,838.04,99.98,26.13,83.47,73.97
2023-05-07,Australia,Krishnapatnam,Wheat,Handymax,48561,80.19,838.04,99.98,26.13,83.47,73.97
2023-05-07,Australia,Paradip,Bauxite,Supramax,60297,82.72,838.04,99.98,26.13,83.47,73.97
2023-05-07,South Africa,Chennai,Fertilizer,Panamax,64460,87.52,838.04,99.98,26.13,83.47,73.97
2023-05-08,Australia,Kakinada,Bauxite,Capesize,117170,86.99,619.51,104.06,61.53,64.25,69.15
2023-05-08,Indonesia,Paradip,Coal,Supramax,30976,77.62,619.51,104.06,61.53,64.25,69.15
2023-05-08,Russia,Chennai,Bauxite,Panamax,95761,85.19,619.51,104.06,61.53,64.25,69.15
2023-05-08,South Africa,Kakinada,Fertilizer,Capesize,22017,85.02,619.51,104.06,61.53,64.25,69.15
2023-05-08,South Africa,Paradip,Iron Ore,Handysize,88322,77.54,619.51,104.06,61.53,64.25,69.15
2023-05-08,Russia,Kakinada,Fertilizer,Panamax,28222,82.86,619.51,104.06,61.53,64.25,69.15
2023-05-08,Russia,Paradip,Bauxite,Supramax,25188,84.18,619.51,104.06,61.53,64.25,69.15
2023-05-08,Indonesia,Krishnapatnam,Fertilizer,Capesize,118644,86.1,619.51,104.06,61.53,64.25,69.15
2023-05-09,Australia,Visakhapatnam,Fertilizer,Panamax,75311,87.27,719.39,107.82,52.78,79.94,60.02
2023-05-09,Indonesia,Chennai,Fertilizer,Capesize,77196,90.72,719.39,107.82,52.78,79.94,60.02
2023-05-09,Brazil,Paradip,Iron Ore,Handymax,80091,83.94,719.39,107.82,52.78,79.94,60.02
2023-05-09,South Africa,Visakhapatnam,Fertilizer,Handysize,67934,76.37,719.39,107.82,52.78,79.94,60.02
2023-05-09,Indonesia,Visakhapatnam,Coal,Handymax,99622,79.85,719.39,107.82,52.78,79.94,60.02
2023-05-09,Brazil,Visakhapatnam,Bauxite,Panamax,76630,86.11,719.39,107.82,52.78,79.94,60.02
2023-05-09,Indonesia,Krishnapatnam,Bauxite,Handysize,68928,79.74,719.39,107.82,52.78,79.94,60.02
2023-05-09,Australia,Krishnapatnam,Coal,Handysize,47626,78.71,719.39,107.82,52.78,79.94,60.02
2023-05-10,Australia,Paradip,Bauxite,Capesize,112385,87.44,637.97,167.32,54.53,23.37,47.73
2023-05-10,Indonesia,Paradip,Fertilizer,Capesize,24924,85.89,637.97,167.32,54.53,23.37,47.73
2023-05-10,Australia,Paradip,Wheat,Panamax,117944,86.22,637.97,167.32,54.53,23.37,47.73
2023-05-10,South Africa,Visakhapatnam,Fertilizer,Supramax,48400,77.33,637.97,167.32,54.53,23.37,47.73
2023-05-10,Indonesia,Krishnapatnam,Bauxite,Handysize,32879,76.79,637.97,167.32,54.53,23.37,47.73
2023-05-10,Australia,Chennai,Iron Ore,Handymax,40823,79.27,637.97,167.32,54.53,23.37,47.73
2023-05-10,South Africa,Kakinada,Bauxite,Handymax,20595,77.28,637.97,167.32,54.53,23.37,47.73
2023-05-10,Australia,Visakhapatnam,Coal,Handysize,21951,80.44,637.97,167.32,54.53,23.37,47.73
2023-05-11,South Africa,Krishnapatnam,Iron Ore,Handysize,69037,81.99,704.2,128.76,53.31,86.94,66.88
2023-05-11,Brazil,Visakhapatnam,Bauxite,Supramax,54840,86.25,704.2,128.76,53.31,86.94,66.88
2023-05-11,Indonesia,Krishnapatnam,Iron Ore,Handysize,108290,83.99,704.2,128.76,53.31,86.94,66.88
2023-05-11,Brazil,Visakhapatnam,Wheat,Capesize,72066,93.18,704.2,128.76,53.31,86.94,66.88
2023-05-11,Australia,Chennai,Wheat,Panamax,113710,87.47,704.2,128.76,53.31,86.94,66.88
2023-05-11,South Africa,Krishnapatnam,Bauxite,Capesize,103569,93.72,704.2,128.76,53.31,86.94,66.88
2023-05-11,Brazil,Chennai,Fertilizer,Handymax,72389,80.01,704.2,128.76,53.31,86.94,66.88
2023-05-11,South Africa,Visakhapatnam,Wheat,Supramax,55739,81.87,704.2,128.76,53.31,86.94,66.88
2023-05-12,Brazil,Krishnapatnam,Iron Ore,Handymax,37806,85.57,806.58,160.82,40.7,73.21,40.82
2023-05-12,South Africa,Visakhapatnam,Wheat,Panamax,49283,90.9,806.58,160.82,40.7,73.21,40.82
2023-05-12,Russia,Krishnapatnam,Iron Ore,Handymax,109031,89.32,806.58,160.82,40.7,73.21,40.82
2023-05-12,Brazil,Chennai,Coal,Supramax,58231,90.73,806.58,160.82,40.7,73.21,40.82
2023-05-12,Indonesia,Kakinada,Wheat,Capesize,23771,94.93,806.58,160.82,40.7,73.21,40.82
2023-05-12,Russia,Chennai,Wheat,Handysize,44596,87.14,806.58,160.82,40.7,73.21,40.82
2023-05-12,Indonesia,Kakinada,Coal,Supramax,98218,93.43,806.58,160.82,40.7,73.21,40.82
2023-05-12,Brazil,Paradip,Coal,Supramax,107458,91.99,806.58,160.82,40.7,73.21,40.82
2023-05-13,Australia,Visakhapatnam,Fertilizer,Panamax,90968,86.02,547.47,97.06,59.91,93.11,47.21
2023-05-13,South Africa,Chennai,Fertilizer,Capesize,79274,87.33,547.47,97.06,59.91,93.11,47.21
2023-05-13,Russia,Visakhapatnam,Fertilizer,Supramax,27373,80.67,547.47,97.06,59.91,93.11,47.21
2023-05-13,Indonesia,Chennai,Iron Ore,Capesize,59220,87.74,547.47,97.06,59.91,93.11,47.21
2023-05-13,Russia,Paradip,Coal,Handymax,24381,75.83,547.47,97.06,59.91,93.11,47.21
2023-05-13,Indonesia,Paradip,Bauxite,Handymax,39462,77.72,547.47,97.06,59.91,93.11,47.21
2023-05-13,Brazil,Krishnapatnam,Iron Ore,Panamax,25609,87.31,547.47,97.06,59.91,93.11,47.21
2023-05-13,Indonesia,Chennai,Coal,Panamax,119524,84.38,547.47,97.06,59.91,93.11,47.21
2023-05-14,Indonesia,Paradip,Iron Ore,Capesize,36608,95.51,632.55,166.81,48.17,92.77,79.39
2023-05-14,South Africa,Kakinada,Fertilizer,Capesize,118682,96.28,632.55,166.81,48.17,92.77,79.39
2023-05-14,Australia,Visakhapatnam,Wheat,Supramax,33777,83.28,632.55,166.81,48.17,92.77,79.39
2023-05-14,Australia,Chennai,Bauxite,Supramax,39935,89.06,632.55,166.81,48.17,92.77,79.39
2023-05-14,Brazil,Paradip,Wheat,Supramax,83079,84.22,632.55,166.81,48.17,92.77,79.39
2023-05-14,Australia,Krishnapatnam,Iron Ore,Handysize,99731,84.27,632.55,166.81,48.17,92.77,79.39
2023-05-14,South Africa,Krishnapatnam,Iron Ore,Handymax,22105,78.59,632.55,166.81,48.17,92.77,79.39
2023-05-14,South Africa,Chennai,Bauxite,Supramax,97806,86.38,632.55,166.81,48.17,92.77,79.39
2023-05-15,South Africa,Paradip,Bauxite,Handysize,29491,80.63,766.77,153.86,49.9,51.66,57.06
2023-05-15,Australia,Krishnapatnam,Bauxite,Capesize,103641,94.27,766.77,153.86,49.9,51.66,57.06
2023-05-15,Australia,Chennai,Bauxite,Handysize,30683,81.15,766.77,153.86,49.9,51.66,57.06
2023-05-15,Australia,Visakhapatnam,Coal,Handysize,93960,79.67,766.77,153.86,49.9,51.66,57.06
2023-05-15,Indonesia,Kakinada,Wheat,Supramax,90192,83.84,766.77,153.86,49.9,51.66,57.06
2023-05-15,Russia,Chennai,Iron Ore,Handysize,27490,80.12,766.77,153.86,49.9,51.66,57.06
2023-05-15,Australia,Visakhapatnam,Iron Ore,Handysize,87313,85.34,766.77,153.86,49.9,51.66,57.06
2023-05-15,Russia,Kakinada,Fertilizer,Handymax,48511,83.23,766.77,153.86,49.9,51.66,57.06
2023-05-16,Russia,Visakhapatnam,Coal,Panamax,76572,71.91,518.45,86.26,8.93,77.19,86.74
2023-05-16,Russia,Chennai,Wheat,Panamax,118099,71.46,518.45,86.26,8.93,77.19,86.74
2023-05-16,Russia,Kakinada,Coal,Handymax,107132,68.22,518.45,86.26,8.93,77.19,86.74
2023-05-16,Indonesia,Paradip,Coal,Handymax,61964,70.42,518.45,86.26,8.93,77.19,86.74
2023-05-16,Russia,Chennai,Coal,Panamax,65712,77.9,518.45,86.26,8.93,77.19,86.74
2023-05-16,Indonesia,Chennai,Fertilizer,Supramax,70830,71.1,518.45,86.26,8.93,77.19,86.74
2023-05-16,Australia,Chennai,Iron Ore,Panamax,34692,75.64,518.45,86.26,8.93,77.19,86.74
2023-05-16,South Africa,Paradip,Bauxite,Capesize,30860,77.13,518.45,86.26,8.93,77.19,86.74
2023-05-17,Brazil,Paradip,Iron Ore,Handymax,110347,90.15,789.66,179.29,48.49,86.02,52.96
2023-05-17,South Africa,Chennai,Wheat,Handymax,46853,85.15,789.66,179.29,48.49,86.02,52.96
2023-05-17,Russia,Krishnapatnam,Coal,Panamax,111737,94.63,789.66,179.29,48.49,86.02,52.96
2023-05-17,Brazil,Chennai,Fertilizer,Handysize,42606,85.13,789.66,179.29,48.49,86.02,52.96
2023-05-17,South Africa,Chennai,Iron Ore,Capesize,41360,98.53,789.66,179.29,48.49,86.02,52.96
2023-05-17,South Africa,Krishnapatnam,Iron Ore,Panamax,75823,95.36,789.66,179.29,48.49,86.02,52.96
2023-05-17,Indonesia,Paradip,Fertilizer,Supramax,67085,91.18,789.66,179.29,48.49,86.02,52.96
2023-05-17,South Africa,Kakinada,Bauxite,Capesize,23190,99.27,789.66,179.29,48.49,86.02,52.96
2023-05-18,Brazil,Kakinada,Iron Ore,Handysize,29716,79.47,755.55,121.22,47.91,71.94,82.52
2023-05-18,Russia,Paradip,Iron Ore,Supramax,119279,89.44,755.55,121.22,47.91,71.94,82.52
2023-05-18,South Africa,Chennai,Wheat,Capesize,59601,84.28,755.55,121.22,47.91,71.94,82.52
2023-05-18,Brazil,Visakhapatnam,Iron Ore,Handymax,83600,81.3,755.55,121.22,47.91,71.94,82.52
2023-05-18,Australia,Krishnapatnam,Wheat,Supramax,44485,81.65,755.55,121.22,47.91,71.94,82.52
2023-05-18,South Africa,Visakhapatnam,Wheat,Panamax,23985,83.33,755.55,121.22,47.91,71.94,82.52
2023-05-18,Russia,Chennai,Wheat,Supramax,81245,83.4,755.55,121.22,47.91,71.94,82.52
2023-05-18,South Africa,Paradip,Iron Ore,Panamax,69508,89.0,755.55,121.22,47.91,71.94,82.52
2023-05-19,Russia,Visakhapatnam,Coal,Supramax,46145,87.42,717.7,136.51,57.66,86.38,38.42
2023-05-19,Australia,Chennai,Iron Ore,Supramax,115359,94.57,717.7,136.51,57.66,86.38,38.42
2023-05-19,Brazil,Chennai,Fertilizer,Handysize,96428,85.19,717.7,136.51,57.66,86.38,38.42
2023-05-19,South Africa,Paradip,Fertilizer,Supramax,57310,88.23,717.7,136.51,57.66,86.38,38.42
2023-05-19,Australia,Visakhapatnam,Coal,Capesize,34429,95.84,717.7,136.51,57.66,86.38,38.42
2023-05-19,Australia,Chennai,Bauxite,Capesize,95379,99.86,717.7,136.51,57.66,86.38,38.42
2023-05-19,Australia,Paradip,Fertilizer,Capesize,47785,92.85,717.7,136.51,57.66,86.38,38.42
2023-05-19,South Africa,Visakhapatnam,Fertilizer,Supramax,62495,90.96,717.7,136.51,57.66,86.38,38.42
2023-05-20,Indonesia,Paradip,Wheat,Capesize,60473,89.36,777.39,101.19,35.11,88.01,53.89
2023-05-20,South Africa,Krishnapatnam,Wheat,Handymax,58674,79.13,777.39,101.19,35.11,88.01,53.89
2023-05-20,Brazil,Visakhapatnam,Coal,Handysize,73412,80.48,777.39,101.19,35.11,88.01,53.89
2023-05-20,Australia,Paradip,Coal,Handysize,47250,75.02,777.39,101.19,35.11,88.01,53.89
2023-05-20,Indonesia,Visakhapatnam,Fertilizer,Supramax,66412,80.03,777.39,101.19,35.11,88.01,53.89
2023-05-20,South Africa,Visakhapatnam,Coal,Supramax,83888,85.01,777.39,101.19,35.11,88.01,53.89
2023-05-20,Russia,Chennai,Bauxite,Handymax,57684,85.9,777.39,101.19,35.11,88.01,53.89
2023-05-20,Indonesia,Krishnapatnam,Fertilizer,Panamax,111141,91.06,777.39,101.19,35.11,88.01,53.89
2023-05-21,Brazil,Kakinada,Wheat,Handymax,46872,75.43,743.95,138.51,25.48,44.7,58.13
2023-05-21,Indonesia,Kakinada,Fertilizer,Panamax,89847,87.26,743.95,138.51,25.48,44.7,58.13
2023-05-21,South Africa,Paradip,Coal,Capesize,101976,83.32,743.95,138.51,25.48,44.7,58.13
2023-05-21,South Africa,Chennai,Fertilizer,Panamax,65532,87.17,743.95,138.51,25.48,44.7,58.13
2023-05-21,Russia,Kakinada,Coal,Supramax,90382,80.45,743.95,138.51,25.48,44.7,58.13
2023-05-21,Australia,Kakinada,Bauxite,Handysize,114937,78.06,743.95,138.51,25.48,44.7,58.13
2023-05-21,Brazil,Kakinada,Coal,Supramax,67456,74.7,743.95,138.51,25.48,44.7,58.13
2023-05-21,Brazil,Paradip,Bauxite,Panamax,57276,84.19,743.95,138.51,25.48,44.7,58.13
2023-05-22,Russia,Kakinada,Iron Ore,Handysize,25435,77.5,569.88,119.63,37.39,99.27,60.2
2023-05-22,Indonesia,Kakinada,Fertilizer,Panamax,62782,82.89,569.88,119.63,37.39,99.27,60.2
2023-05-22,Australia,Krishnapatnam,Iron Ore,Handysize,24409,77.73,569.88,119.63,37.39,99.27,60.2
2023-05-22,Russia,Paradip,Iron Ore,Panamax,55201,85.3,569.88,119.63,37.39,99.27,60.2
2023-05-22,South Africa,Kakinada,Wheat,Supramax,85294,82.51,569.88,119.63,37.39,99.27,60.2
2023-05-22,Australia,Visakhapatnam,Iron Ore,Handymax,32881,78.24,569.88,119.63,37.39,99.27,60.2
2023-05-22,Brazil,Paradip,Iron Ore,Panamax,27833,86.86,569.88,119.63,37.39,99.27,60.2
2023-05-22,Australia,Kakinada,Iron Ore,Capesize,117427,96.02,569.88,119.63,37.39,99.27,60.2
2023-05-23,Indonesia,Paradip,Coal,Handysize,81779,83.94,778.59,113.08,64.44,65.5,73.21
2023-05-23,Australia,Chennai,Wheat,Handysize,35893,79.45,778.59,113.08,64.44,65.5,73.21
2023-05-23,Indonesia,Visakhapatnam,Wheat,Handysize,20055,72.95,778.59,113.08,64.44,65.5,73.21
2023-05-23,South Africa,Visakhapatnam,Fertilizer,Handymax,105853,81.79,778.59,113.08,64.44,65.5,73.21
2023-05-23,Russia,Paradip,Iron Ore,Handymax,119612,83.49,778.59,113.08,64.44,65.5,73.21
2023-05-23,South Africa,Kakinada,Wheat,Supramax,54332,81.36,778.59,113.08,64.44,65.5,73.21
2023-05-23,Russia,Krishnapatnam,Iron Ore,Handymax,115567,86.07,778.59,113.08,64.44,65.5,73.21
2023-05-23,Brazil,Krishnapatnam,Wheat,Panamax,77654,83.13,778.59,113.08,64.44,65.5,73.21
2023-05-24,Brazil,Visakhapatnam,Wheat,Handysize,28837,78.7,816.15,92.35,53.43,83.97,45.29
2023-05-24,Russia,Paradip,Wheat,Capesize,20486,89.0,816.15,92.35,53.43,83.97,45.29
2023-05-24,South Africa,Krishnapatnam,Bauxite,Handysize,114937,86.8,816.15,92.35,53.43,83.97,45.29
2023-05-24,Brazil,Chennai,Iron Ore,Supramax,79896,89.8,816.15,92.35,53.43,83.97,45.29
2023-05-24,Indonesia,Chennai,Bauxite,Panamax,97400,89.76,816.15,92.35,53.43,83.97,45.29
2023-05-24,Indonesia,Kakinada,Coal,Panamax,76866,90.03,816.15,92.35,53.43,83.97,45.29
2023-05-24,Australia,Krishnapatnam,Iron Ore,Handysize,35401,82.11,816.15,92.35,53.43,83.97,45.29
2023-05-24,South Africa,Paradip,Bauxite,Handysize,95257,84.38,816.15,92.35,53.43,83.97,45.29
2023-05-25,Australia,Krishnapatnam,Coal,Panamax,30974,83.75,695.26,112.93,63.38,69.75,44.92
2023-05-25,Brazil,Paradip,Iron Ore,Capesize,62249,92.24,695.26,112.93,63.38,69.75,44.92
2023-05-25,Russia,Chennai,Iron Ore,Handysize,114753,83.54,695.26,112.93,63.38,69.75,44.92
2023-05-25,Russia,Kakinada,Coal,Handysize,114049,81.07,695.26,112.93,63.38,69.75,44.92
2023-05-25,South Africa,Visakhapatnam,Bauxite,Capesize,115057,95.34,695.26,112.93,63.38,69.75,44.92
2023-05-25,Brazil,Chennai,Bauxite,Handymax,62531,80.8,695.26,112.93,63.38,69.75,44.92
2023-05-25,South Africa,Chennai,Bauxite,Handymax,70617,81.2,695.26,112.93,63.38,69.75,44.92
2023-05-25,Indonesia,Visakhapatnam,Iron Ore,Handysize,81716,78.48,695.26,112.93,63.38,69.75,44.92
2023-05-26,Russia,Krishnapatnam,Wheat,Handymax,55524,76.92,651.64,162.47,22.54,65.17,83.83
2023-05-26,Indonesia,Krishnapatnam,Coal,Panamax,59267,84.07,651.64,162.47,22.54,65.17,83.83
2023-05-26,Indonesia,Paradip,Wheat,Handysize,61941,78.16,651.64,162.47,22.54,65.17,83.83
2023-05-26,South Africa,Visakhapatnam,Iron Ore,Handymax,102269,75.72,651.64,162.47,22.54,65.17,83.83
2023-05-26,Indonesia,Visakhapatnam,Fertilizer,Handysize,29972,74.58,651.64,162.47,22.54,65.17,83.83
2023-05-26,Russia,Chennai,Iron Ore,Capesize,39569,87.44,651.64,162.47,22.54,65.17,83.83
2023-05-26,South Africa,Kakinada,Wheat,Capesize,110410,85.76,651.64,162.47,22.54,65.17,83.83
2023-05-26,Brazil,Krishnapatnam,Bauxite,Panamax,75897,81.83,651.64,162.47,22.54,65.17,83.83
2023-05-27,Indonesia,Paradip,Iron Ore,Handymax,113311,82.99,651.17,121.11,58.06,96.71,60.31
2023-05-27,Australia,Kakinada,Bauxite,Handymax,116494,85.09,651.17,121.11,58.06,96.71,60.31
2023-05-27,Australia,Visakhapatnam,Fertilizer,Supramax,104105,90.42,651.17,121.11,58.06,96.71,60.31
2023-05-27,Indonesia,Chennai,Bauxite,Handysize,79072,81.86,651.17,121.11,58.06,96.71,60.31
2023-05-27,Australia,Krishnapatnam,Bauxite,Handymax,24922,80.13,651.17,121.11,58.06,96.71,60.31
2023-05-27,Indonesia,Paradip,Fertilizer,Capesize,109506,95.62,651.17,121.11,58.06,96.71,60.31
2023-05-27,Indonesia,Visakhapatnam,Coal,Panamax,103990,88.21,651.17,121.11,58.06,96.71,60.31
2023-05-27,Australia,Kakinada,Iron Ore,Handysize,32818,80.08,651.17,121.11,58.06,96.71,60.31
2023-05-28,Brazil,Paradip,Fertilizer,Handysize,91309,88.2,738.2,168.38,86.53,92.21,69.66
2023-05-28,Russia,Chennai,Bauxite,Supramax,29491,95.82,738.2,168.38,86.53,92.21,69.66
2023-05-28,South Africa,Krishnapatnam,Wheat,Panamax,26791,94.1,738.2,168.38,86.53,92.21,69.66
2023-05-28,Brazil,Kakinada,Bauxite,Panamax,24947,100.35,738.2,168.38,86.53,92.21,69.66
2023-05-28,Brazil,Chennai,Wheat,Capesize,108444,103.23,738.2,168.38,86.53,92.21,69.66
2023-05-28,Russia,Visakhapatnam,Iron Ore,Capesize,101371,101.4,738.2,168.38,86.53,92.21,69.66
2023-05-28,Indonesia,Kakinada,Wheat,Handysize,72300,86.92,738.2,168.38,86.53,92.21,69.66
2023-05-28,Indonesia,Visakhapatnam,Bauxite,Handymax,37276,89.49,738.2,168.38,86.53,92.21,69.66
2023-05-29,Australia,Paradip,Iron Ore,Handysize,88950,73.22,501.65,89.74,54.74,67.16,66.8
2023-05-29,Australia,Chennai,Coal,Supramax,47713,78.45,501.65,89.74,54.74,67.16,66.8
2023-05-29,Australia,Chennai,Wheat,Capesize,84222,82.95,501.65,89.74,54.74,67.16,66.8
2023-05-29,Russia,Krishnapatnam,Coal,Capesize,34963,80.34,501.65,89.74,54.74,67.16,66.8
2023-05-29,Australia,Kakinada,Fertilizer,Handymax,88187,73.25,501.65,89.74,54.74,67.16,66.8
2023-05-29,Russia,Chennai,Fertilizer,Supramax,53725,74.1,501.65,89.74,54.74,67.16,66.8
2023-05-29,Indonesia,Paradip,Wheat,Panamax,90658,75.61,501.65,89.74,54.74,67.16,66.8
2023-05-29,Australia,Krishnapatnam,Fertilizer,Handymax,28749,74.01,501.65,89.74,54.74,67.16,66.8
2023-05-30,Indonesia,Kakinada,Iron Ore,Handysize,58374,78.5,742.86,98.46,61.79,69.32,73.18
2023-05-30,South Africa,Kakinada,Coal,Capesize,80998,90.24,742.86,98.46,61.79,69.32,73.18
2023-05-30,South Africa,Paradip,Bauxite,Supramax,71310,82.4,742.86,98.46,61.79,69.32,73.18
2023-05-30,Indonesia,Paradip,Iron Ore,Handymax,109110,81.3,742.86,98.46,61.79,69.32,73.18
2023-05-30,South Africa,Krishnapatnam,Coal,Capesize,82363,91.56,742.86,98.46,61.79,69.32,73.18
2023-05-30,Indonesia,Kakinada,Coal,Capesize,74951,88.14,742.86,98.46,61.79,69.32,73.18
2023-05-30,Russia,Kakinada,Fertilizer,Panamax,73911,85.69,742.86,98.46,61.79,69.32,73.18
2023-05-30,Indonesia,Chennai,Fertilizer,Handysize,111500,76.1,742.86,98.46,61.79,69.32,73.18
2023-05-31,Brazil,Krishnapatnam,Iron Ore,Capesize,54112,88.24,656.01,166.11,39.52,47.43,90.54
2023-05-31,South Africa,Visakhapatnam,Iron Ore,Supramax,22402,79.62,656.01,166.11,39.52,47.43,90.54
2023-05-31,Australia,Visakhapatnam,Fertilizer,Capesize,31415,87.0,656.01,166.11,39.52,47.43,90.54
2023-05-31,Brazil,Paradip,Coal,Handymax,81264,75.04,656.01,166.11,39.52,47.43,90.54
2023-05-31,Russia,Paradip,Wheat,Supramax,27446,76.34,656.01,166.11,39.52,47.43,90.54
2023-05-31,Australia,Visakhapatnam,Coal,Supramax,33663,80.71,656.01,166.11,39.52,47.43,90.54
2023-05-31,Brazil,Krishnapatnam,Coal,Supramax,107359,81.75,656.01,166.11,39.52,47.43,90.54
2023-05-31,Australia,Visakhapatnam,Coal,Handymax,93741,73.16,656.01,166.11,39.52,47.43,90.54
2023-06-01,Russia,Chennai,Bauxite,Capesize,88775,80.33,604.19,83.29,10.17,80.06,97.54
2023-06-01,Russia,Chennai,Fertilizer,Handysize,49545,64.04,604.19,83.29,10.17,80.06,97.54
2023-06-01,Russia,Chennai,Bauxite,Supramax,107793,70.08,604.19,83.29,10.17,80.06,97.54
2023-06-01,Indonesia,Visakhapatnam,Coal,Handysize,32856,63.76,604.19,83.29,10.17,80.06,97.54
2023-06-01,Russia,Visakhapatnam,Coal,Panamax,78420,71.76,604.19,83.29,10.17,80.06,97.54
2023-06-01,Australia,Chennai,Iron Ore,Capesize,21789,78.25,604.19,83.29,10.17,80.06,97.54
2023-06-01,Indonesia,Paradip,Wheat,Panamax,114792,72.48,604.19,83.29,10.17,80.06,97.54
2023-06-01,Indonesia,Paradip,Iron Ore,Handymax,89103,67.31,604.19,83.29,10.17,80.06,97.54
2023-06-02,Indonesia,Kakinada,Coal,Capesize,54568,87.44,613.58,174.51,40.19,43.31,45.9
2023-06-02,Australia,Krishnapatnam,Iron Ore,Supramax,80194,82.95,613.58,174.51,40.19,43.31,45.9
2023-06-02,Brazil,Visakhapatnam,Coal,Supramax,37157,78.02,613.58,174.51,40.19,43.31,45.9
2023-06-02,Russia,Krishnapatnam,Coal,Panamax,107122,83.42,613.58,174.51,40.19,43.31,45.9
2023-06-02,South Africa,Kakinada,Fertilizer,Handysize,43396,74.23,613.58,174.51,40.19,43.31,45.9
2023-06-02,Brazil,Visakhapatnam,Iron Ore,Handymax,53371,72.66,613.58,174.51,40.19,43.31,45.9
2023-06-02,South Africa,Krishnapatnam,Wheat,Panamax,101081,81.84,613.58,174.51,40.19,43.31,45.9
2023-06-02,Russia,Krishnapatnam,Wheat,Panamax,78418,83.95,613.58,174.51,40.19,43.31,45.9
2023-06-03,South Africa,Chennai,Iron Ore,Handymax,116248,76.45,533.89,127.61,34.93,70.11,37.82
2023-06-03,Russia,Kakinada,Fertilizer,Capesize,76921,83.21,533.89,127.61,34.93,70.11,37.82
2023-06-03,Russia,Paradip,Fertilizer,Supramax,73450,76.69,533.89,127.61,34.93,70.11,37.82
2023-06-03,Indonesia,Kakinada,Iron Ore,Handymax,42117,74.55,533.89,127.61,34.93,70.11,37.82
2023-06-03,South Africa,Chennai,Coal,Capesize,77138,84.79,533.89,127.61,34.93,70.11,37.82
2023-06-03,Indonesia,Kakinada,Wheat,Handysize,60081,67.6,533.89,127.61,34.93,70.11,37.82
2023-06-03,South Africa,Visakhapatnam,Coal,Handysize,75728,74.16,533.89,127.61,34.93,70.11,37.82
2023-06-03,Australia,Chennai,Fertilizer,Capesize,89754,82.67,533.89,127.61,34.93,70.11,37.82
2023-06-04,Brazil,Visakhapatnam,Coal,Supramax,116798,89.65,813.28,177.21,43.43,79.19,59.62
2023-06-04,Brazil,Chennai,Coal,Supramax,104853,90.48,813.28,177.21,43.43,79.19,59.62
2023-06-04,Indonesia,Chennai,Iron Ore,Supramax,101060,93.32,813.28,177.21,43.43,79.19,59.62
2023-06-04,South Africa,Visakhapatnam,Coal,Panamax,29372,92.92,813.28,177.21,43.43,79.19,59.62
2023-06-04,South Africa,Visakhapatnam,Wheat,Handysize,23747,79.86,813.28,177.21,43.43,79.19,59.62
2023-06-04,Indonesia,Krishnapatnam,Bauxite,Handysize,44714,85.92,813.28,177.21,43.43,79.19,59.62
2023-06-04,Russia,Krishnapatnam,Wheat,Handymax,91667,83.24,813.28,177.21,43.43,79.19,59.62
2023-06-04,Indonesia,Krishnapatnam,Iron Ore,Panamax,57089,93.72,813.28,177.21,43.43,79.19,59.62
2023-06-05,Australia,Chennai,Bauxite,Supramax,30778,80.86,651.05,156.36,36.59,71.12,75.52
2023-06-05,Brazil,Krishnapatnam,Iron Ore,Handysize,31351,75.15,651.05,156.36,36.59,71.12,75.52
2023-06-05,Indonesia,Krishnapatnam,Iron Ore,Handysize,42666,74.86,651.05,156.36,36.59,71.12,75.52
2023-06-05,Brazil,Krishnapatnam,Coal,Handysize,107483,78.09,651.05,156.36,36.59,71.12,75.52
2023-06-05,Australia,Paradip,Coal,Handysize,89687,76.61,651.05,156.36,36.59,71.12,75.52
2023-06-05,Indonesia,Visakhapatnam,Wheat,Handysize,103602,69.51,651.05,156.36,36.59,71.12,75.52
2023-06-05,Australia,Paradip,Coal,Handysize,53439,76.05,651.05,156.36,36.59,71.12,75.52
2023-06-05,Indonesia,Paradip,Coal,Panamax,95117,83.37,651.05,156.36,36.59,71.12,75.52
2023-06-06,Australia,Chennai,Wheat,Handymax,39116,77.26,759.99,146.16,40.04,66.75,82.4
2023-06-06,Russia,Visakhapatnam,Coal,Capesize,116188,89.7,759.99,146.16,40.04,66.75,82.4
2023-06-06,Brazil,Paradip,Fertilizer,Panamax,64458,85.13,759.99,146.16,40.04,66.75,82.4
2023-06-06,Australia,Kakinada,Fertilizer,Capesize,80313,88.41,759.99,146.16,40.04,66.75,82.4
2023-06-06,South Africa,Krishnapatnam,Wheat,Capesize,105820,91.53,759.99,146.16,40.04,66.75,82.4
2023-06-06,Brazil,Chennai,Coal,Capesize,68458,92.37,759.99,146.16,40.04,66.75,82.4
2023-06-06,Russia,Visakhapatnam,Fertilizer,Supramax,92499,81.8,759.99,146.16,40.04,66.75,82.4
2023-06-06,South Africa,Paradip,Bauxite,Supramax,102799,82.86,759.99,146.16,40.04,66.75,82.4
2023-06-07,Indonesia,Krishnapatnam,Coal,Handysize,35831,65.81,537.0,149.41,62.47,41.63,62.69
2023-06-07,South Africa,Paradip,Wheat,Capesize,59477,82.76,537.0,149.41,62.47,41.63,62.69
2023-06-07,Indonesia,Krishnapatnam,Iron Ore,Handymax,55057,73.96,537.0,149.41,62.47,41.63,62.69
2023-06-07,South Africa,Paradip,Bauxite,Panamax,46548,79.44,537.0,149.41,62.47,41.63,62.69
2023-06-07,South Africa,Kakinada,Coal,Supramax,60409,74.21,537.0,149.41,62.47,41.63,62.69
2023-06-07,Indonesia,Paradip,Fertilizer,Capesize,94723,85.09,537.0,149.41,62.47,41.63,62.69
2023-06-07,South Africa,Chennai,Wheat,Handymax,24311,71.05,537.0,149.41,62.47,41.63,62.69
2023-06-07,Indonesia,Chennai,Bauxite,Panamax,112416,79.58,537.0,149.41,62.47,41.63,62.69
2023-06-08,Indonesia,Chennai,Coal,Handymax,70906,80.18,788.8,128.53,16.97,76.23,46.64
2023-06-08,Russia,Visakhapatnam,Coal,Handymax,109314,80.33,788.8,128.53,16.97,76.23,46.64
2023-06-08,Brazil,Krishnapatnam,Bauxite,Supramax,62718,84.23,788.8,128.53,16.97,76.23,46.64
2023-06-08,Australia,Chennai,Bauxite,Capesize,67993,88.76,788.8,128.53,16.97,76.23,46.64
2023-06-08,Russia,Chennai,Iron Ore,Panamax,34260,87.4,788.8,128.53,16.97,76.23,46.64
2023-06-08,Indonesia,Visakhapatnam,Coal,Supramax,104153,81.98,788.8,128.53,16.97,76.23,46.64
2023-06-08,Brazil,Kakinada,Bauxite,Panamax,98414,86.47,788.8,128.53,16.97,76.23,46.64
2023-06-08,South Africa,Chennai,Coal,Supramax,60002,80.6,788.8,128.53,16.97,76.23,46.64
2023-06-09,South Africa,Chennai,Coal,Capesize,49669,84.93,532.9,109.07,75.57,75.19,76.17
2023-06-09,Australia,Paradip,Bauxite,Capesize,34021,86.57,532.9,109.07,75.57,75.19,76.17
2023-06-09,Australia,Paradip,Bauxite,Panamax,58985,80.87,532.9,109.07,75.57,75.19,76.17
2023-06-09,South Africa,Visakhapatnam,Fertilizer,Handymax,80848,74.0,532.9,109.07,75.57,75.19,76.17
2023-06-09,Brazil,Kakinada,Bauxite,Capesize,63744,85.8,532.9,109.07,75.57,75.19,76.17
2023-06-09,South Africa,Krishnapatnam,Fertilizer,Capesize,26806,82.76,532.9,109.07,75.57,75.19,76.17
2023-06-09,Brazil,Visakhapatnam,Bauxite,Handysize,47588,73.31,532.9,109.07,75.57,75.19,76.17
2023-06-09,Russia,Paradip,Coal,Capesize,27973,78.24,532.9,109.07,75.57,75.19,76.17
2023-06-10,Russia,Paradip,Fertilizer,Handysize,116741,75.25,694.89,174.64,18.71,57.09,70.09
2023-06-10,South Africa,Chennai,Iron Ore,Handysize,108553,76.95,694.89,174.64,18.71,57.09,70.09
2023-06-10,Russia,Chennai,Iron Ore,Capesize,42024,89.09,694.89,174.64,18.71,57.09,70.09
2023-06-10,South Africa,Paradip,Wheat,Handysize,102335,73.12,694.89,174.64,18.71,57.09,70.09
2023-06-10,South Africa,Visakhapatnam,Bauxite,Supramax,45825,75.21,694.89,174.64,18.71,57.09,70.09
2023-06-10,Indonesia,Chennai,Iron Ore,Panamax,57696,84.4,694.89,174.64,18.71,57.09,70.09
2023-06-10,Brazil,Krishnapatnam,Bauxite,Handymax,25206,76.55,694.89,174.64,18.71,57.09,70.09
2023-06-10,Australia,Visakhapatnam,Coal,Capesize,86433,86.35,694.89,174.64,18.71,57.09,70.09
2023-06-11,Australia,Krishnapatnam,Bauxite,Handysize,33280,72.41,536.84,137.27,54.09,87.51,60.03
2023-06-11,Indonesia,Kakinada,Bauxite,Handysize,53822,76.62,536.84,137.27,54.09,87.51,60.03
2023-06-11,Russia,Chennai,Wheat,Handysize,55157,76.11,536.84,137.27,54.09,87.51,60.03
2023-06-11,Brazil,Kakinada,Fertilizer,Capesize,47050,87.67,536.84,137.27,54.09,87.51,60.03
2023-06-11,South Africa,Chennai,Coal,Supramax,58165,84.24,536.84,137.27,54.09,87.51,60.03
2023-06-11,Indonesia,Krishnapatnam,Wheat,Handysize,99360,75.28,536.84,137.27,54.09,87.51,60.03
2023-06-11,Brazil,Paradip,Bauxite,Supramax,76911,83.7,536.84,137.27,54.09,87.51,60.03
2023-06-11,Indonesia,Visakhapatnam,Bauxite,Handysize,75918,74.34,536.84,137.27,54.09,87.51,60.03
2023-06-12,Indonesia,Kakinada,Bauxite,Supramax,111110,84.57,612.06,147.03,52.02,52.45,43.29
2023-06-12,Australia,Visakhapatnam,Bauxite,Capesize,84085,88.92,612.06,147.03,52.02,52.45,43.29
2023-06-12,South Africa,Visakhapatnam,Coal,Capesize,97583,85.01,612.06,147.03,52.02,52.45,43.29
2023-06-12,South Africa,Chennai,Bauxite,Handysize,47703,75.08,612.06,147.03,52.02,52.45,43.29
2023-06-12,South Africa,Krishnapatnam,Coal,Supramax,89519,79.52,612.06,147.03,52.02,52.45,43.29
2023-06-12,Russia,Chennai,Coal,Supramax,62722,80.87,612.06,147.03,52.02,52.45,43.29
2023-06-12,Australia,Paradip,Iron Ore,Panamax,40968,82.47,612.06,147.03,52.02,52.45,43.29
2023-06-12,Brazil,Krishnapatnam,Fertilizer,Handysize,64772,73.92,612.06,147.03,52.02,52.45,43.29
2023-06-13,Russia,Kakinada,Wheat,Capesize,103591,85.53,570.05,111.96,74.45,59.28,62.3
2023-06-13,Brazil,Krishnapatnam,Bauxite,Capesize,42394,86.69,570.05,111.96,74.45,59.28,62.3
2023-06-13,Russia,Krishnapatnam,Coal,Handysize,97061,75.42,570.05,111.96,74.45,59.28,62.3
2023-06-13,Indonesia,Visakhapatnam,Bauxite,Capesize,105279,84.25,570.05,111.96,74.45,59.28,62.3
2023-06-13,Russia,Kakinada,Iron Ore,Panamax,39977,82.08,570.05,111.96,74.45,59.28,62.3
2023-06-13,South Africa,Kakinada,Bauxite,Handymax,27498,76.05,570.05,111.96,74.45,59.28,62.3
2023-06-13,South Africa,Paradip,Fertilizer,Handysize,29628,71.82,570.05,111.96,74.45,59.28,62.3
2023-06-13,Australia,Paradip,Wheat,Supramax,37772,71.9,570.05,111.96,74.45,59.28,62.3
2023-06-14,South Africa,Paradip,Wheat,Supramax,53979,82.84,741.34,114.4,56.08,89.2,53.33
2023-06-14,Brazil,Krishnapatnam,Iron Ore,Supramax,71999,85.01,741.34,114.4,56.08,89.2,53.33
2023-06-14,Russia,Visakhapatnam,Wheat,Supramax,106555,82.49,741.34,114.4,56.08,89.2,53.33
2023-06-14,Brazil,Kakinada,Coal,Handymax,92577,82.97,741.34,114.4,56.08,89.2,53.33
2023-06-14,Russia,Krishnapatnam,Wheat,Handymax,33435,79.53,741.34,114.4,56.08,89.2,53.33
2023-06-14,Russia,Kakinada,Iron Ore,Handymax,107404,84.76,741.34,114.4,56.08,89.2,53.33
2023-06-14,Australia,Krishnapatnam,Bauxite,Panamax,105805,88.37,741.34,114.4,56.08,89.2,53.33
2023-06-14,Brazil,Kakinada,Fertilizer,Supramax,84094,83.97,741.34,114.4,56.08,89.2,53.33
2023-06-15,Brazil,Paradip,Iron Ore,Capesize,46797,81.53,516.25,81.37,13.66,89.75,56.6
2023-06-15,Indonesia,Chennai,Bauxite,Supramax,36571,71.43,516.25,81.37,13.66,89.75,56.6
2023-06-15,Russia,Paradip,Coal,Handymax,59199,69.83,516.25,81.37,13.66,89.75,56.6
2023-06-15,Russia,Krishnapatnam,Coal,Capesize,45135,79.25,516.25,81.37,13.66,89.75,56.6
2023-06-15,Russia,Visakhapatnam,Wheat,Handymax,79858,70.1,516.25,81.37,13.66,89.75,56.6
2023-06-15,Russia,Krishnapatnam,Iron Ore,Handymax,28007,71.27,516.25,81.37,13.66,89.75,56.6
2023-06-15,Brazil,Paradip,Fertilizer,Panamax,69582,74.08,516.25,81.37,13.66,89.75,56.6
2023-06-15,South Africa,Krishnapatnam,Bauxite,Capesize,37152,80.51,516.25,81.37,13.66,89.75,56.6
2023-06-16,Australia,Chennai,Iron Ore,Panamax,37573,80.11,637.19,106.36,46.76,77.73,45.23
2023-06-16,Russia,Kakinada,Fertilizer,Supramax,87850,80.88,637.19,106.36,46.76,77.73,45.23
2023-06-16,Russia,Paradip,Wheat,Capesize,96095,87.63,637.19,106.36,46.76,77.73,45.23
2023-06-16,Indonesia,Paradip,Iron Ore,Handymax,20565,79.18,637.19,106.36,46.76,77.73,45.23
2023-06-16,Indonesia,Paradip,Coal,Supramax,25947,78.65,637.19,106.36,46.76,77.73,45.23
2023-06-16,Brazil,Krishnapatnam,Bauxite,Panamax,86333,86.86,637.19,106.36,46.76,77.73,45.23
2023-06-16,Australia,Krishnapatnam,Coal,Handymax,22892,76.65,637.19,106.36,46.76,77.73,45.23
2023-06-16,Indonesia,Paradip,Coal,Capesize,49754,86.6,637.19,106.36,46.76,77.73,45.23
2023-06-17,Russia,Kakinada,Iron Ore,Capesize,84680,92.53,698.91,123.95,40.42,69.08,48.77
2023-06-17,Brazil,Kakinada,Wheat,Capesize,49377,83.15,698.91,123.95,40.42,69.08,48.77
2023-06-17,Indonesia,Krishnapatnam,Coal,Supramax,31882,76.53,698.91,123.95,40.42,69.08,48.77
2023-06-17,Indonesia,Krishnapatnam,Fertilizer,Handysize,86267,74.01,698.91,123.95,40.42,69.08,48.77
2023-06-17,Brazil,Visakhapatnam,Iron Ore,Handymax,45411,83.77,698.91,123.95,40.42,69.08,48.77
2023-06-17,Indonesia,Chennai,Fertilizer,Handysize,39333,77.73,698.91,123.95,40.42,69.08,48.77
2023-06-17,Indonesia,Kakinada,Iron Ore,Handysize,65783,76.79,698.91,123.95,40.42,69.08,48.77
2023-06-17,South Africa,Visakhapatnam,Bauxite,Handysize,49430,77.42,698.91,123.95,40.42,69.08,48.77
2023-06-18,Australia,Kakinada,Bauxite,Capesize,118748,88.53,526.32,150.78,59.41,69.38,59.28
2023-06-18,Brazil,Krishnapatnam,Bauxite,Panamax,77207,85.06,526.32,150.78,59.41,69.38,59.28
2023-06-18,Brazil,Kakinada,Coal,Panamax,66146,81.52,526.32,150.78,59.41,69.38,59.28
2023-06-18,Russia,Chennai,Coal,Panamax,81855,78.01,526.32,150.78,59.41,69.38,59.28
2023-06-18,Australia,Paradip,Coal,Handysize,65468,72.06,526.32,150.78,59.41,69.38,59.28
2023-06-18,South Africa,Krishnapatnam,Fertilizer,Handysize,103804,75.44,526.32,150.78,59.41,69.38,59.28
2023-06-18,Russia,Chennai,Wheat,Handymax,94034,76.03,526.32,150.78,59.41,69.38,59.28
2023-06-18,Brazil,Kakinada,Wheat,Supramax,119854,78.61,526.32,150.78,59.41,69.38,59.28
2023-06-19,Brazil,Visakhapatnam,Wheat,Capesize,88259,83.26,627.23,144.1,11.92,54.95,55.03
2023-06-19,Indonesia,Chennai,Wheat,Handymax,28381,70.82,627.23,144.1,11.92,54.95,55.03
2023-06-19,Brazil,Krishnapatnam,Fertilizer,Panamax,62623,76.66,627.23,144.1,11.92,54.95,55.03
2023-06-19,Russia,Krishnapatnam,Iron Ore,Supramax,103609,78.87,627.23,144.1,11.92,54.95,55.03
2023-06-19,Russia,Kakinada,Wheat,Capesize,91325,80.85,627.23,144.1,11.92,54.95,55.03
2023-06-19,Australia,Krishnapatnam,Coal,Handymax,79980,74.33,627.23,144.1,11.92,54.95,55.03
2023-06-19,Russia,Krishnapatnam,Wheat,Supramax,59322,72.73,627.23,144.1,11.92,54.95,55.03
2023-06-19,Indonesia,Krishnapatnam,Bauxite,Supramax,42588,72.96,627.23,144.1,11.92,54.95,55.03
2023-06-20,Indonesia,Visakhapatnam,Fertilizer,Capesize,107273,95.88,777.27,163.86,27.14,80.18,46.06
2023-06-20,South Africa,Visakhapatnam,Bauxite,Panamax,28252,90.27,777.27,163.86,27.14,80.18,46.06
2023-06-20,Brazil,Visakhapatnam,Bauxite,Handysize,73555,82.38,777.27,163.86,27.14,80.18,46.06
2023-06-20,Australia,Krishnapatnam,Fertilizer,Supramax,25355,83.13,777.27,163.86,27.14,80.18,46.06
2023-06-20,Brazil,Chennai,Bauxite,Handymax,53690,84.12,777.27,163.86,27.14,80.18,46.06
2023-06-20,South Africa,Krishnapatnam,Coal,Handymax,111384,86.68,777.27,163.86,27.14,80.18,46.06
2023-06-20,South Africa,Chennai,Coal,Handymax,100083,82.4,777.27,163.86,27.14,80.18,46.06
2023-06-20,Australia,Visakhapatnam,Iron Ore,Supramax,88943,86.59,777.27,163.86,27.14,80.18,46.06
2023-06-21,Australia,Krishnapatnam,Wheat,Handymax,59767,75.04,520.82,141.09,52.93,88.64,52.28
2023-06-21,Brazil,Paradip,Coal,Handymax,69177,79.99,520.82,141.09,52.93,88.64,52.28
2023-06-21,South Africa,Chennai,Coal,Capesize,34126,86.64,520.82,141.09,52.93,88.64,52.28
2023-06-21,Brazil,Kakinada,Coal,Supramax,76344,77.85,520.82,141.09,52.93,88.64,52.28
2023-06-21,Australia,Chennai,Bauxite,Panamax,112160,84.21,520.82,141.09,52.93,88.64,52.28
2023-06-21,Russia,Paradip,Fertilizer,Panamax,53971,81.69,520.82,141.09,52.93,88.64,52.28
2023-06-21,Brazil,Kakinada,Bauxite,Capesize,106593,86.1,520.82,141.09,52.93,88.64,52.28
2023-06-21,Australia,Chennai,Iron Ore,Handymax,88682,80.24,520.82,141.09,52.93,88.64,52.28
2023-06-22,Indonesia,Kakinada,Iron Ore,Handysize,25741,75.61,645.2,153.27,58.62,77.6,69.36
2023-06-22,Indonesia,Chennai,Iron Ore,Handymax,104785,84.04,645.2,153.27,58.62,77.6,69.36
2023-06-22,South Africa,Visakhapatnam,Iron Ore,Panamax,93048,86.27,645.2,153.27,58.62,77.6,69.36
2023-06-22,Indonesia,Krishnapatnam,Fertilizer,Handysize,45395,75.86,645.2,153.27,58.62,77.6,69.36
2023-06-22,Indonesia,Visakhapatnam,Bauxite,Handysize,21750,74.82,645.2,153.27,58.62,77.6,69.36
2023-06-22,South Africa,Paradip,Iron Ore,Panamax,38325,85.81,645.2,153.27,58.62,77.6,69.36
2023-06-22,South Africa,Paradip,Fertilizer,Handysize,25745,76.42,645.2,153.27,58.62,77.6,69.36
2023-06-22,Russia,Chennai,Bauxite,Handymax,92010,82.96,645.2,153.27,58.62,77.6,69.36
2023-06-23,Russia,Kakinada,Iron Ore,Handysize,27044,78.9,755.89,104.22,35.03,71.75,40.72
2023-06-23,South Africa,Kakinada,Fertilizer,Supramax,30057,80.18,755.89,104.22,35.03,71.75,40.72
2023-06-23,Indonesia,Kakinada,Wheat,Handysize,63826,71.92,755.89,104.22,35.03,71.75,40.72
2023-06-23,Russia,Paradip,Bauxite,Supramax,50857,81.17,755.89,104.22,35.03,71.75,40.72
2023-06-23,Indonesia,Krishnapatnam,Bauxite,Supramax,34440,81.05,755.89,104.22,35.03,71.75,40.72
2023-06-23,Brazil,Kakinada,Iron Ore,Handysize,108267,80.06,755.89,104.22,35.03,71.75,40.72
2023-06-23,Russia,Kakinada,Iron Ore,Handysize,82524,78.34,755.89,104.22,35.03,71.75,40.72
2023-06-23,Russia,Chennai,Bauxite,Supramax,50531,81.77,755.89,104.22,35.03,71.75,40.72
2023-06-24,Australia,Paradip,Coal,Supramax,84829,80.71,804.48,92.62,56.02,97.21,38.94
2023-06-24,South Africa,Krishnapatnam,Wheat,Handysize,97339,80.47,804.48,92.62,56.02,97.21,38.94
2023-06-24,Brazil,Paradip,Coal,Handysize,86098,85.09,804.48,92.62,56.02,97.21,38.94
2023-06-24,South Africa,Krishnapatnam,Coal,Handysize,69386,80.22,804.48,92.62,56.02,97.21,38.94
2023-06-24,Australia,Krishnapatnam,Bauxite,Handymax,88475,84.4,804.48,92.62,56.02,97.21,38.94
2023-06-24,Indonesia,Chennai,Coal,Handymax,93508,83.86,804.48,92.62,56.02,97.21,38.94
2023-06-24,Russia,Krishnapatnam,Wheat,Supramax,107840,85.04,804.48,92.62,56.02,97.21,38.94
2023-06-24,Indonesia,Krishnapatnam,Bauxite,Handymax,69892,84.06,804.48,92.62,56.02,97.21,38.94
2023-06-25,South Africa,Krishnapatnam,Fertilizer,Handymax,37634,79.65,831.39,126.76,67.31,73.1,63.74
2023-06-25,South Africa,Krishnapatnam,Bauxite,Capesize,52642,92.94,831.39,126.76,67.31,73.1,63.74
2023-06-25,Australia,Visakhapatnam,Iron Ore,Handymax,39340,88.32,831.39,126.76,67.31,73.1,63.74
2023-06-25,Russia,Paradip,Bauxite,Capesize,71455,94.69,831.39,126.76,67.31,73.1,63.74
2023-06-25,Russia,Krishnapatnam,Fertilizer,Panamax,44976,86.05,831.39,126.76,67.31,73.1,63.74
2023-06-25,Russia,Visakhapatnam,Bauxite,Handymax,53038,85.31,831.39,126.76,67.31,73.1,63.74
2023-06-25,South Africa,Visakhapatnam,Fertilizer,Capesize,34633,90.82,831.39,126.76,67.31,73.1,63.74
2023-06-25,Indonesia,Kakinada,Wheat,Supramax,99027,81.24,831.39,126.76,67.31,73.1,63.74
2023-06-26,South Africa,Visakhapatnam,Fertilizer,Panamax,30686,87.89,819.62,159.78,60.98,66.13,79.03
2023-06-26,Indonesia,Chennai,Fertilizer,Capesize,80719,92.36,819.62,159.78,60.98,66.13,79.03
2023-06-26,Russia,Visakhapatnam,Bauxite,Handysize,78031,85.04,819.62,159.78,60.98,66.13,79.03
2023-06-26,Indonesia,Kakinada,Coal,Handysize,32012,81.74,819.62,159.78,60.98,66.13,79.03
2023-06-26,South Africa,Krishnapatnam,Fertilizer,Capesize,78105,88.85,819.62,159.78,60.98,66.13,79.03
2023-06-26,Indonesia,Krishnapatnam,Fertilizer,Capesize,97257,95.77,819.62,159.78,60.98,66.13,79.03
2023-06-26,Russia,Krishnapatnam,Bauxite,Panamax,59051,89.12,819.62,159.78,60.98,66.13,79.03
2023-06-26,Indonesia,Kakinada,Bauxite,Handymax,49873,84.45,819.62,159.78,60.98,66.13,79.03
2023-06-27,Indonesia,Chennai,Bauxite,Supramax,27283,80.99,590.66,150.87,53.27,62.07,52.62
2023-06-27,Indonesia,Kakinada,Fertilizer,Capesize,100602,88.66,590.66,150.87,53.27,62.07,52.62
2023-06-27,South Africa,Paradip,Iron Ore,Capesize,50776,87.45,590.66,150.87,53.27,62.07,52.62
2023-06-27,Russia,Krishnapatnam,Bauxite,Handymax,68817,75.35,590.66,150.87,53.27,62.07,52.62
2023-06-27,South Africa,Chennai,Coal,Handysize,48013,72.98,590.66,150.87,53.27,62.07,52.62
2023-06-27,South Africa,Paradip,Wheat,Handymax,54283,78.16,590.66,150.87,53.27,62.07,52.62
2023-06-27,South Africa,Kakinada,Wheat,Handymax,113562,73.7,590.66,150.87,53.27,62.07,52.62
2023-06-27,Russia,Chennai,Bauxite,Panamax,118343,87.32,590.66,150.87,53.27,62.07,52.62
2023-06-28,South Africa,Paradip,Coal,Handysize,82863,72.71,798.35,134.84,35.87,54.88,63.81
2023-06-28,Brazil,Krishnapatnam,Bauxite,Panamax,85883,88.25,798.35,134.84,35.87,54.88,63.81
2023-06-28,South Africa,Paradip,Bauxite,Panamax,39422,83.48,798.35,134.84,35.87,54.88,63.81
2023-06-28,Australia,Visakhapatnam,Wheat,Handymax,65213,73.7,798.35,134.84,35.87,54.88,63.81
2023-06-28,South Africa,Kakinada,Iron Ore,Capesize,119372,89.48,798.35,134.84,35.87,54.88,63.81
2023-06-28,South Africa,Chennai,Coal,Panamax,105013,83.35,798.35,134.84,35.87,54.88,63.81
2023-06-28,Russia,Kakinada,Wheat,Panamax,28562,81.05,798.35,134.84,35.87,54.88,63.81
2023-06-28,Australia,Kakinada,Fertilizer,Supramax,46844,80.75,798.35,134.84,35.87,54.88,63.81
2023-06-29,Brazil,Krishnapatnam,Wheat,Panamax,59551,76.39,704.17,133.84,44.97,48.42,56.62
2023-06-29,Russia,Chennai,Coal,Handysize,114799,79.13,704.17,133.84,44.97,48.42,56.62
2023-06-29,South Africa,Chennai,Wheat,Capesize,47180,81.55,704.17,133.84,44.97,48.42,56.62
2023-06-29,South Africa,Kakinada,Bauxite,Capesize,55999,86.73,704.17,133.84,44.97,48.42,56.62
2023-06-29,Russia,Krishnapatnam,Iron Ore,Panamax,89157,80.51,704.17,133.84,44.97,48.42,56.62
2023-06-29,Brazil,Chennai,Wheat,Handysize,112290,72.44,704.17,133.84,44.97,48.42,56.62
2023-06-29,Brazil,Visakhapatnam,Wheat,Handymax,32771,68.47,704.17,133.84,44.97,48.42,56.62
2023-06-29,Brazil,Kakinada,Wheat,Panamax,71801,80.88,704.17,133.84,44.97,48.42,56.62
2023-06-30,Australia,Krishnapatnam,Bauxite,Handysize,25813,82.1,597.46,169.65,65.41,82.05,47.98
2023-06-30,South Africa,Krishnapatnam,Bauxite,Supramax,59759,88.73,597.46,169.65,65.41,82.05,47.98
2023-06-30,Australia,Visakhapatnam,Bauxite,Capesize,80204,96.82,597.46,169.65,65.41,82.05,47.98
2023-06-30,Russia,Chennai,Coal,Panamax,43052,88.53,597.46,169.65,65.41,82.05,47.98
2023-06-30,Russia,Krishnapatnam,Wheat,Handysize,98497,80.15,597.46,169.65,65.41,82.05,47.98
2023-06-30,Brazil,Krishnapatnam,Coal,Handysize,36360,80.46,597.46,169.65,65.41,82.05,47.98
2023-06-30,Indonesia,Krishnapatnam,Wheat,Supramax,70949,86.33,597.46,169.65,65.41,82.05,47.98
2023-06-30,Russia,Paradip,Bauxite,Panamax,101301,90.84,597.46,169.65,65.41,82.05,47.98
2023-07-01,Australia,Visakhapatnam,Fertilizer,Capesize,114605,86.52,800.02,82.34,60.06,63.44,43.43
2023-07-01,Russia,Visakhapatnam,Fertilizer,Handymax,92254,74.6,800.02,82.34,60.06,63.44,43.43
2023-07-01,South Africa,Chennai,Fertilizer,Panamax,58108,81.48,800.02,82.34,60.06,63.44,43.43
2023-07-01,Brazil,Paradip,Fertilizer,Capesize,75781,87.51,800.02,82.34,60.06,63.44,43.43
2023-07-01,Russia,Kakinada,Coal,Supramax,28484,78.27,800.02,82.34,60.06,63.44,43.43
2023-07-01,Australia,Kakinada,Fertilizer,Capesize,118206,87.47,800.02,82.34,60.06,63.44,43.43
2023-07-01,Russia,Krishnapatnam,Iron Ore,Handymax,75279,80.86,800.02,82.34,60.06,63.44,43.43
2023-07-01,Russia,Visakhapatnam,Wheat,Panamax,23598,78.61,800.02,82.34,60.06,63.44,43.43
2023-07-02,Russia,Visakhapatnam,Fertilizer,Capesize,47268,83.6,600.87,103.2,31.74,94.51,49.97
2023-07-02,South Africa,Paradip,Fertilizer,Handysize,54293,68.98,600.87,103.2,31.74,94.51,49.97
2023-07-02,South Africa,Visakhapatnam,Bauxite,Supramax,43284,75.58,600.87,103.2,31.74,94.51,49.97
2023-07-02,Indonesia,Chennai,Bauxite,Handysize,104179,72.36,600.87,103.2,31.74,94.51,49.97
2023-07-02,South Africa,Paradip,Fertilizer,Handysize,85424,69.98,600.87,103.2,31.74,94.51,49.97
2023-07-02,Indonesia,Paradip,Coal,Capesize,91694,85.86,600.87,103.2,31.74,94.51,49.97
2023-07-02,South Africa,Chennai,Bauxite,Supramax,29004,77.06,600.87,103.2,31.74,94.51,49.97
2023-07-02,South Africa,Kakinada,Bauxite,Handysize,115752,71.28,600.87,103.2,31.74,94.51,49.97
2023-07-03,South Africa,Kakinada,Iron Ore,Supramax,66359,69.75,500.47,127.21,19.49,78.0,68.21
2023-07-03,South Africa,Kakinada,Wheat,Supramax,119721,69.72,500.47,127.21,19.49,78.0,68.21
2023-07-03,Russia,Paradip,Coal,Handysize,110209,66.25,500.47,127.21,19.49,78.0,68.21
2023-07-03,Brazil,Visakhapatnam,Wheat,Handymax,44028,65.18,500.47,127.21,19.49,78.0,68.21
2023-07-03,South Africa,Chennai,Iron Ore,Supramax,47676,74.87,500.47,127.21,19.49,78.0,68.21
2023-07-03,Russia,Krishnapatnam,Coal,Handymax,75609,68.96,500.47,127.21,19.49,78.0,68.21
2023-07-03,Brazil,Paradip,Wheat,Handysize,24791,64.53,500.47,127.21,19.49,78.0,68.21
2023-07-03,Brazil,Chennai,Iron Ore,Capesize,29304,78.94,500.47,127.21,19.49,78.0,68.21
2023-07-04,Indonesia,Chennai,Fertilizer,Handymax,34497,74.43,607.1,170.22,19.73,91.76,78.21
2023-07-04,Australia,Krishnapatnam,Fertilizer,Panamax,79254,81.44,607.1,170.22,19.73,91.76,78.21
2023-07-04,Indonesia,Kakinada,Wheat,Supramax,70100,75.88,607.1,170.22,19.73,91.76,78.21
2023-07-04,Brazil,Kakinada,Iron Ore,Supramax,58428,78.67,607.1,170.22,19.73,91.76,78.21
2023-07-04,South Africa,Chennai,Iron Ore,Handymax,102094,76.64,607.1,170.22,19.73,91.76,78.21
2023-07-04,Brazil,Visakhapatnam,Wheat,Handymax,52274,73.18,607.1,170.22,19.73,91.76,78.21
2023-07-04,Russia,Chennai,Bauxite,Capesize,25674,88.45,607.1,170.22,19.73,91.76,78.21
2023-07-04,South Africa,Paradip,Iron Ore,Panamax,64291,80.26,607.1,170.22,19.73,91.76,78.21
2023-07-05,South Africa,Chennai,Coal,Panamax,65987,83.64,712.17,129.88,60.73,50.68,24.99
2023-07-05,Russia,Krishnapatnam,Fertilizer,Supramax,108365,79.83,712.17,129.88,60.73,50.68,24.99
2023-07-05,Indonesia,Chennai,Coal,Panamax,112202,84.72,712.17,129.88,60.73,50.68,24.99
2023-07-05,Australia,Paradip,Fertilizer,Handymax,88795,75.23,712.17,129.88,60.73,50.68,24.99
2023-07-05,Brazil,Paradip,Fertilizer,Panamax,53586,84.56,712.17,129.88,60.73,50.68,24.99
2023-07-05,South Africa,Krishnapatnam,Iron Ore,Panamax,54875,85.56,712.17,129.88,60.73,50.68,24.99
2023-07-05,Australia,Visakhapatnam,Coal,Handysize,52875,78.82,712.17,129.88,60.73,50.68,24.99
2023-07-05,Indonesia,Visakhapatnam,Bauxite,Supramax,106889,85.37,712.17,129.88,60.73,50.68,24.99
2023-07-06,Brazil,Kakinada,Iron Ore,Supramax,64645,70.9,536.34,89.86,48.46,54.92,50.64
2023-07-06,Australia,Krishnapatnam,Fertilizer,Handysize,99082,66.6,536.34,89.86,48.46,54.92,50.64
2023-07-06,Russia,Krishnapatnam,Coal,Handysize,109300,67.95,536.34,89.86,48.46,54.92,50.64
2023-07-06,South Africa,Chennai,Bauxite,Handymax,62244,69.82,536.34,89.86,48.46,54.92,50.64
2023-07-06,Brazil,Visakhapatnam,Fertilizer,Panamax,118841,72.6,536.34,89.86,48.46,54.92,50.64
2023-07-06,Russia,Krishnapatnam,Bauxite,Supramax,37198,69.61,536.34,89.86,48.46,54.92,50.64
2023-07-06,South Africa,Krishnapatnam,Wheat,Handymax,119855,60.38,536.34,89.86,48.46,54.92,50.64
2023-07-06,Australia,Visakhapatnam,Fertilizer,Panamax,83087,72.98,536.34,89.86,48.46,54.92,50.64
2023-07-07,Russia,Krishnapatnam,Bauxite,Handysize,51912,69.57,669.26,93.28,38.47,66.84,83.94
2023-07-07,Indonesia,Visakhapatnam,Coal,Capesize,103721,79.49,669.26,93.28,38.47,66.84,83.94
2023-07-07,Brazil,Krishnapatnam,Iron Ore,Panamax,83965,76.97,669.26,93.28,38.47,66.84,83.94
2023-07-07,South Africa,Chennai,Wheat,Handymax,117662,65.89,669.26,93.28,38.47,66.84,83.94
2023-07-07,South Africa,Krishnapatnam,Bauxite,Handysize,95060,69.53,669.26,93.28,38.47,66.84,83.94
2023-07-07,Russia,Chennai,Wheat,Capesize,46325,74.74,669.26,93.28,38.47,66.84,83.94
2023-07-07,South Africa,Chennai,Coal,Handysize,105779,66.16,669.26,93.28,38.47,66.84,83.94
2023-07-07,Brazil,Visakhapatnam,Fertilizer,Capesize,73031,78.94,669.26,93.28,38.47,66.84,83.94
2023-07-08,South Africa,Visakhapatnam,Iron Ore,Panamax,20557,82.77,822.04,124.53,29.01,66.73,88.68
2023-07-08,South Africa,Krishnapatnam,Wheat,Panamax,29596,78.73,822.04,124.53,29.01,66.73,88.68
2023-07-08,Russia,Chennai,Iron Ore,Capesize,113433,90.05,822.04,124.53,29.01,66.73,88.68
2023-07-08,South Africa,Kakinada,Wheat,Handymax,75598,69.59,822.04,124.53,29.01,66.73,88.68
2023-07-08,Australia,Krishnapatnam,Iron Ore,Handysize,30336,71.63,822.04,124.53,29.01,66.73,88.68
2023-07-08,Brazil,Visakhapatnam,Fertilizer,Handysize,35619,69.33,822.04,124.53,29.01,66.73,88.68
2023-07-08,Indonesia,Kakinada,Fertilizer,Panamax,41182,77.06,822.04,124.53,29.01,66.73,88.68
2023-07-08,Australia,Paradip,Bauxite,Panamax,28120,78.77,822.04,124.53,29.01,66.73,88.68
2023-07-09,Russia,Kakinada,Bauxite,Capesize,117819,80.85,507.18,113.86,30.66,83.67,61.37
2023-07-09,Brazil,Chennai,Fertilizer,Handysize,110594,69.76,507.18,113.86,30.66,83.67,61.37
2023-07-09,Indonesia,Chennai,Bauxite,Handysize,84033,67.88,507.18,113.86,30.66,83.67,61.37
2023-07-09,Indonesia,Paradip,Fertilizer,Supramax,71083,74.85,507.18,113.86,30.66,83.67,61.37
2023-07-09,Brazil,Paradip,Bauxite,Supramax,62923,72.26,507.18,113.86,30.66,83.67,61.37
2023-07-09,Indonesia,Paradip,Coal,Capesize,102399,82.02,507.18,113.86,30.66,83.67,61.37
2023-07-09,Russia,Chennai,Coal,Handymax,117841,72.77,507.18,113.86,30.66,83.67,61.37
2023-07-09,Russia,Paradip,Coal,Supramax,28176,71.39,507.18,113.86,30.66,83.67,61.37
2023-07-10,Russia,Chennai,Iron Ore,Handymax,20597,71.87,694.91,105.3,27.54,62.13,71.42
2023-07-10,Russia,Visakhapatnam,Iron Ore,Panamax,93230,73.02,694.91,105.3,27.54,62.13,71.42
2023-07-10,Indonesia,Krishnapatnam,Coal,Handysize,87696,70.62,694.91,105.3,27.54,62.13,71.42
2023-07-10,Russia,Paradip,Wheat,Handysize,77923,63.02,694.91,105.3,27.54,62.13,71.42
2023-07-10,Russia,Chennai,Coal,Handysize,65667,69.09,694.91,105.3,27.54,62.13,71.42
2023-07-10,Brazil,Krishnapatnam,Fertilizer,Capesize,106890,81.54,694.91,105.3,27.54,62.13,71.42
2023-07-10,Indonesia,Kakinada,Fertilizer,Panamax,73214,76.45,694.91,105.3,27.54,62.13,71.42
2023-07-10,South Africa,Chennai,Iron Ore,Capesize,95024,86.88,694.91,105.3,27.54,62.13,71.42
2023-07-11,Indonesia,Kakinada,Coal,Handymax,22243,72.16,737.93,133.37,35.77,55.72,63.65
2023-07-11,Brazil,Visakhapatnam,Bauxite,Handymax,23535,72.63,737.93,133.37,35.77,55.72,63.65
2023-07-11,Russia,Visakhapatnam,Fertilizer,Handymax,26553,73.71,737.93,133.37,35.77,55.72,63.65
2023-07-11,South Africa,Visakhapatnam,Wheat,Supramax,37883,70.06,737.93,133.37,35.77,55.72,63.65
2023-07-11,Australia,Krishnapatnam,Wheat,Supramax,24960,72.47,737.93,133.37,35.77,55.72,63.65
2023-07-11,Indonesia,Paradip,Coal,Handysize,76851,76.17,737.93,133.37,35.77,55.72,63.65
2023-07-11,Indonesia,Chennai,Bauxite,Handysize,76440,73.25,737.93,133.37,35.77,55.72,63.65
2023-07-11,Russia,Krishnapatnam,Bauxite,Handysize,81836,72.06,737.93,133.37,35.77,55.72,63.65
2023-07-12,Australia,Kakinada,Iron Ore,Capesize,21885,83.95,701.99,147.74,41.84,51.23,32.8
2023-07-12,Brazil,Chennai,Iron Ore,Handymax,63271,78.86,701.99,147.74,41.84,51.23,32.8
2023-07-12,Indonesia,Paradip,Bauxite,Handymax,77183,80.51,701.99,147.74,41.84,51.23,32.8
2023-07-12,South Africa,Krishnapatnam,Fertilizer,Handymax,119468,76.78,701.99,147.74,41.84,51.23,32.8
2023-07-12,Indonesia,Paradip,Wheat,Capesize,92356,86.57,701.99,147.74,41.84,51.23,32.8
2023-07-12,South Africa,Kakinada,Iron Ore,Panamax,63158,86.52,701.99,147.74,41.84,51.23,32.8
2023-07-12,Russia,Visakhapatnam,Wheat,Handysize,84814,74.83,701.99,147.74,41.84,51.23,32.8
2023-07-12,Indonesia,Krishnapatnam,Bauxite,Handysize,119276,77.85,701.99,147.74,41.84,51.23,32.8
2023-07-13,Brazil,Visakhapatnam,Fertilizer,Handysize,83146,69.65,514.48,115.39,51.09,82.13,63.97
2023-07-13,Indonesia,Kakinada,Iron Ore,Panamax,96816,84.18,514.48,115.39,51.09,82.13,63.97
2023-07-13,Australia,Krishnapatnam,Coal,Capesize,23338,82.12,514.48,115.39,51.09,82.13,63.97
2023-07-13,Brazil,Kakinada,Wheat,Panamax,27470,74.1,514.48,115.39,51.09,82.13,63.97
2023-07-13,Russia,Chennai,Wheat,Handysize,97722,68.57,514.48,115.39,51.09,82.13,63.97
2023-07-13,Australia,Krishnapatnam,Coal,Capesize,38040,80.98,514.48,115.39,51.09,82.13,63.97
2023-07-13,Brazil,Kakinada,Iron Ore,Handymax,96439,70.55,514.48,115.39,51.09,82.13,63.97
2023-07-13,Russia,Paradip,Fertilizer,Panamax,109144,80.09,514.48,115.39,51.09,82.13,63.97
2023-07-14,Russia,Visakhapatnam,Iron Ore,Capesize,33463,88.98,731.34,109.79,80.51,61.83,40.64
2023-07-14,South Africa,Paradip,Bauxite,Capesize,110945,89.91,731.34,109.79,80.51,61.83,40.64
2023-07-14,Indonesia,Visakhapatnam,Fertilizer,Handysize,86627,77.47,731.34,109.79,80.51,61.83,40.64
2023-07-14,Russia,Chennai,Wheat,Capesize,73806,90.28,731.34,109.79,80.51,61.83,40.64
2023-07-14,Russia,Visakhapatnam,Coal,Handymax,113645,82.35,731.34,109.79,80.51,61.83,40.64
2023-07-14,South Africa,Paradip,Fertilizer,Supramax,107081,81.49,731.34,109.79,80.51,61.83,40.64
2023-07-14,Australia,Krishnapatnam,Bauxite,Panamax,40102,85.55,731.34,109.79,80.51,61.83,40.64
2023-07-14,Russia,Chennai,Wheat,Handysize,104196,77.94,731.34,109.79,80.51,61.83,40.64
2023-07-15,Indonesia,Kakinada,Fertilizer,Handysize,30956,78.57,706.61,170.97,78.48,60.64,53.64
2023-07-15,South Africa,Kakinada,Bauxite,Panamax,74973,92.34,706.61,170.97,78.48,60.64,53.64
2023-07-15,South Africa,Kakinada,Fertilizer,Capesize,43016,92.47,706.61,170.97,78.48,60.64,53.64
2023-07-15,South Africa,Kakinada,Fertilizer,Supramax,76901,83.42,706.61,170.97,78.48,60.64,53.64
2023-07-15,Brazil,Chennai,Wheat,Handysize,71550,77.89,706.61,170.97,78.48,60.64,53.64
2023-07-15,Brazil,Visakhapatnam,Fertilizer,Handysize,81687,81.66,706.61,170.97,78.48,60.64,53.64
2023-07-15,Indonesia,Paradip,Iron Ore,Handysize,50013,80.95,706.61,170.97,78.48,60.64,53.64
2023-07-15,Australia,Krishnapatnam,Iron Ore,Supramax,27549,87.64,706.61,170.97,78.48,60.64,53.64
2023-07-16,Brazil,Kakinada,Bauxite,Panamax,99599,77.56,656.93,103.11,33.38,78.32,65.65
2023-07-16,Indonesia,Krishnapatnam,Wheat,Panamax,68621,75.67,656.93,103.11,33.38,78.32,65.65
2023-07-16,Russia,Krishnapatnam,Coal,Supramax,48391,75.83,656.93,103.11,33.38,78.32,65.65
2023-07-16,Brazil,Chennai,Fertilizer,Capesize,26574,80.66,656.93,103.11,33.38,78.32,65.65
2023-07-16,South Africa,Kakinada,Coal,Panamax,99062,80.07,656.93,103.11,33.38,78.32,65.65
2023-07-16,Russia,Kakinada,Wheat,Handymax,76782,71.05,656.93,103.11,33.38,78.32,65.65
2023-07-16,South Africa,Kakinada,Bauxite,Capesize,109407,82.62,656.93,103.11,33.38,78.32,65.65
2023-07-16,Indonesia,Visakhapatnam,Iron Ore,Capesize,90022,82.12,656.93,103.11,33.38,78.32,65.65
2023-07-17,South Africa,Paradip,Wheat,Capesize,94266,90.59,751.81,111.12,68.09,72.83,32.86
2023-07-17,Brazil,Krishnapatnam,Wheat,Handysize,100792,77.55,751.81,111.12,68.09,72.83,32.86
2023-07-17,Indonesia,Visakhapatnam,Fertilizer,Handysize,50314,76.24,751.81,111.12,68.09,72.83,32.86
2023-07-17,Australia,Chennai,Coal,Capesize,51770,88.63,751.81,111.12,68.09,72.83,32.86
2023-07-17,Russia,Krishnapatnam,Wheat,Panamax,81923,83.29,751.81,111.12,68.09,72.83,32.86
2023-07-17,Russia,Krishnapatnam,Iron Ore,Handysize,64308,83.9,751.81,111.12,68.09,72.83,32.86
2023-07-17,Brazil,Chennai,Iron Ore,Panamax,106129,91.31,751.81,111.12,68.09,72.83,32.86
2023-07-17,Brazil,Krishnapatnam,Fertilizer,Capesize,85263,90.51,751.81,111.12,68.09,72.83,32.86
2023-07-18,South Africa,Visakhapatnam,Coal,Supramax,84796,77.91,587.46,139.12,49.44,67.49,48.16
2023-07-18,Australia,Krishnapatnam,Bauxite,Capesize,93567,86.98,587.46,139.12,49.44,67.49,48.16
2023-07-18,South Africa,Chennai,Bauxite,Supramax,77944,76.43,587.46,139.12,49.44,67.49,48.16
2023-07-18,Australia,Kakinada,Iron Ore,Supramax,99322,81.63,587.46,139.12,49.44,67.49,48.16
2023-07-18,Russia,Kakinada,Wheat,Handymax,86151,73.88,587.46,139.12,49.44,67.49,48.16
2023-07-18,Australia,Visakhapatnam,Fertilizer,Capesize,30681,87.66,587.46,139.12,49.44,67.49,48.16
2023-07-18,Indonesia,Paradip,Iron Ore,Supramax,59846,80.11,587.46,139.12,49.44,67.49,48.16
2023-07-18,South Africa,Paradip,Bauxite,Panamax,48114,82.04,587.46,139.12,49.44,67.49,48.16
2023-07-19,Australia,Visakhapatnam,Coal,Handysize,66996,76.88,585.86,139.02,52.99,98.24,46.84
2023-07-19,South Africa,Kakinada,Wheat,Panamax,69854,83.93,585.86,139.02,52.99,98.24,46.84
2023-07-19,Australia,Kakinada,Coal,Panamax,119415,81.39,585.86,139.02,52.99,98.24,46.84
2023-07-19,Brazil,Paradip,Coal,Panamax,23952,82.14,585.86,139.02,52.99,98.24,46.84
2023-07-19,South Africa,Paradip,Coal,Handymax,69222,78.13,585.86,139.02,52.99,98.24,46.84
2023-07-19,Indonesia,Krishnapatnam,Fertilizer,Handysize,56978,78.65,585.86,139.02,52.99,98.24,46.84
2023-07-19,Indonesia,Krishnapatnam,Fertilizer,Handymax,60843,75.89,585.86,139.02,52.99,98.24,46.84
2023-07-19,Russia,Krishnapatnam,Bauxite,Handysize,108666,75.46,585.86,139.02,52.99,98.24,46.84
2023-07-20,Russia,Krishnapatnam,Iron Ore,Handysize,26412,71.0,520.76,108.03,49.18,79.22,52.13
2023-07-20,Australia,Krishnapatnam,Fertilizer,Supramax,24820,71.7,520.76,108.03,49.18,79.22,52.13
2023-07-20,Indonesia,Krishnapatnam,Iron Ore,Panamax,26840,80.56,520.76,108.03,49.18,79.22,52.13
2023-07-20,South Africa,Paradip,Bauxite,Capesize,86299,81.77,520.76,108.03,49.18,79.22,52.13
2023-07-20,Brazil,Krishnapatnam,Fertilizer,Handysize,65215,65.68,520.76,108.03,49.18,79.22,52.13
2023-07-20,Indonesia,Visakhapatnam,Bauxite,Panamax,79768,83.03,520.76,108.03,49.18,79.22,52.13
2023-07-20,South Africa,Chennai,Bauxite,Panamax,92969,77.48,520.76,108.03,49.18,79.22,52.13
2023-07-20,Australia,Krishnapatnam,Wheat,Handysize,30528,68.91,520.76,108.03,49.18,79.22,52.13
2023-07-21,Indonesia,Kakinada,Bauxite,Capesize,83226,85.21,506.89,151.06,28.34,87.98,59.15
2023-07-21,Russia,Chennai,Wheat,Capesize,94534,79.72,506.89,151.06,28.34,87.98,59.15
2023-07-21,Australia,Chennai,Bauxite,Panamax,55326,81.68,506.89,151.06,28.34,87.98,59.15
2023-07-21,Brazil,Paradip,Bauxite,Handymax,68704,77.28,506.89,151.06,28.34,87.98,59.15
2023-07-21,South Africa,Paradip,Coal,Handymax,90009,72.94,506.89,151.06,28.34,87.98,59.15
2023-07-21,Russia,Paradip,Fertilizer,Supramax,35748,74.38,506.89,151.06,28.34,87.98,59.15
2023-07-21,Australia,Kakinada,Bauxite,Panamax,97124,76.34,506.89,151.06,28.34,87.98,59.15
2023-07-21,Indonesia,Paradip,Bauxite,Supramax,81877,76.12,506.89,151.06,28.34,87.98,59.15
2023-07-22,Brazil,Chennai,Iron Ore,Panamax,21214,83.44,600.87,93.53,71.17,100.0,63.26
2023-07-22,South Africa,Paradip,Wheat,Supramax,98413,75.51,600.87,93.53,71.17,100.0,63.26
2023-07-22,Indonesia,Chennai,Bauxite,Capesize,76354,85.7,600.87,93.53,71.17,100.0,63.26
2023-07-22,Russia,Visakhapatnam,Iron Ore,Panamax,64839,84.59,600.87,93.53,71.17,100.0,63.26
2023-07-22,South Africa,Krishnapatnam,Iron Ore,Panamax,37996,83.18,600.87,93.53,71.17,100.0,63.26
2023-07-22,Russia,Visakhapatnam,Coal,Panamax,70665,83.24,600.87,93.53,71.17,100.0,63.26
2023-07-22,Australia,Krishnapatnam,Wheat,Panamax,77865,79.47,600.87,93.53,71.17,100.0,63.26
2023-07-22,Brazil,Chennai,Fertilizer,Handymax,82820,78.21,600.87,93.53,71.17,100.0,63.26
2023-07-23,Indonesia,Krishnapatnam,Iron Ore,Capesize,57177,79.54,618.28,108.5,36.39,47.38,72.75
2023-07-23,South Africa,Chennai,Iron Ore,Handysize,26553,69.77,618.28,108.5,36.39,47.38,72.75
2023-07-23,Indonesia,Chennai,Coal,Supramax,39726,67.6,618.28,108.5,36.39,47.38,72.75
2023-07-23,Indonesia,Paradip,Fertilizer,Handymax,67249,65.73,618.28,108.5,36.39,47.38,72.75
2023-07-23,Australia,Visakhapatnam,Wheat,Handymax,21620,60.37,618.28,108.5,36.39,47.38,72.75
2023-07-23,South Africa,Krishnapatnam,Bauxite,Handymax,35861,65.23,618.28,108.5,36.39,47.38,72.75
2023-07-23,Brazil,Kakinada,Fertilizer,Capesize,106089,74.34,618.28,108.5,36.39,47.38,72.75
2023-07-23,Indonesia,Paradip,Bauxite,Handymax,75956,67.83,618.28,108.5,36.39,47.38,72.75
2023-07-24,South Africa,Kakinada,Wheat,Handysize,47002,67.55,620.09,101.69,41.14,66.68,50.84
2023-07-24,Indonesia,Kakinada,Bauxite,Handymax,33890,72.94,620.09,101.69,41.14,66.68,50.84
2023-07-24,Brazil,Krishnapatnam,Wheat,Handysize,75268,66.41,620.09,101.69,41.14,66.68,50.84
2023-07-24,Russia,Kakinada,Bauxite,Handymax,31218,72.28,620.09,101.69,41.14,66.68,50.84
2023-07-24,Russia,Krishnapatnam,Fertilizer,Supramax,23098,71.81,620.09,101.69,41.14,66.68,50.84
2023-07-24,Indonesia,Chennai,Wheat,Panamax,86169,75.84,620.09,101.69,41.14,66.68,50.84
2023-07-24,Indonesia,Krishnapatnam,Coal,Capesize,57710,81.93,620.09,101.69,41.14,66.68,50.84
2023-07-24,Australia,Visakhapatnam,Coal,Capesize,28253,78.39,620.09,101.69,41.14,66.68,50.84
2023-07-25,Indonesia,Krishnapatnam,Wheat,Handysize,87612,69.06,567.61,144.29,53.99,67.76,46.36
2023-07-25,Australia,Chennai,Iron Ore,Capesize,44855,87.19,567.61,144.29,53.99,67.76,46.36
2023-07-25,Indonesia,Visakhapatnam,Bauxite,Panamax,46918,83.67,567.61,144.29,53.99,67.76,46.36
2023-07-25,Russia,Paradip,Iron Ore,Panamax,52250,83.61,567.61,144.29,53.99,67.76,46.36
2023-07-25,South Africa,Paradip,Coal,Handymax,28108,77.11,567.61,144.29,53.99,67.76,46.36
2023-07-25,Russia,Kakinada,Wheat,Capesize,53362,79.08,567.61,144.29,53.99,67.76,46.36
2023-07-25,Russia,Kakinada,Iron Ore,Capesize,51971,87.82,567.61,144.29,53.99,67.76,46.36
2023-07-25,South Africa,Chennai,Iron Ore,Capesize,102256,88.34,567.61,144.29,53.99,67.76,46.36
2023-07-26,Russia,Krishnapatnam,Iron Ore,Panamax,95351,82.31,526.13,168.94,9.51,52.2,51.64
2023-07-26,Brazil,Krishnapatnam,Bauxite,Handymax,46673,68.35,526.13,168.94,9.51,52.2,51.64
2023-07-26,Indonesia,Krishnapatnam,Bauxite,Supramax,63555,73.55,526.13,168.94,9.51,52.2,51.64
2023-07-26,Indonesia,Paradip,Coal,Handymax,25004,70.25,526.13,168.94,9.51,52.2,51.64
2023-07-26,South Africa,Kakinada,Bauxite,Panamax,47632,75.68,526.13,168.94,9.51,52.2,51.64
2023-07-26,Australia,Krishnapatnam,Fertilizer,Panamax,93079,75.33,526.13,168.94,9.51,52.2,51.64
2023-07-26,South Africa,Kakinada,Fertilizer,Panamax,38226,76.14,526.13,168.94,9.51,52.2,51.64
2023-07-26,South Africa,Krishnapatnam,Iron Ore,Capesize,50105,80.11,526.13,168.94,9.51,52.2,51.64
2023-07-27,Russia,Kakinada,Iron Ore,Supramax,82948,77.7,545.81,123.26,67.87,78.35,52.65
2023-07-27,Brazil,Chennai,Fertilizer,Handysize,47892,74.65,545.81,123.26,67.87,78.35,52.65
2023-07-27,Indonesia,Krishnapatnam,Coal,Panamax,90897,81.67,545.81,123.26,67.87,78.35,52.65
2023-07-27,Brazil,Kakinada,Fertilizer,Panamax,56818,77.73,545.81,123.26,67.87,78.35,52.65
2023-07-27,Indonesia,Paradip,Coal,Handysize,104728,75.89,545.81,123.26,67.87,78.35,52.65
2023-07-27,Indonesia,Kakinada,Wheat,Capesize,41395,84.76,545.81,123.26,67.87,78.35,52.65
2023-07-27,South Africa,Visakhapatnam,Coal,Supramax,109082,79.98,545.81,123.26,67.87,78.35,52.65
2023-07-27,Indonesia,Chennai,Bauxite,Panamax,79258,86.29,545.81,123.26,67.87,78.35,52.65
2023-07-28,Russia,Visakhapatnam,Bauxite,Supramax,44220,74.67,537.3,168.1,43.79,59.37,78.65
2023-07-28,Brazil,Paradip,Wheat,Handymax,54019,69.46,537.3,168.1,43.79,59.37,78.65
2023-07-28,Australia,Chennai,Iron Ore,Supramax,20639,75.32,537.3,168.1,43.79,59.37,78.65
2023-07-28,Indonesia,Krishnapatnam,Fertilizer,Handymax,107594,73.47,537.3,168.1,43.79,59.37,78.65
2023-07-28,Brazil,Visakhapatnam,Coal,Panamax,113976,80.37,537.3,168.1,43.79,59.37,78.65
2023-07-28,South Africa,Chennai,Coal,Handysize,97975,71.5,537.3,168.1,43.79,59.37,78.65
2023-07-28,Indonesia,Krishnapatnam,Coal,Panamax,24096,75.93,537.3,168.1,43.79,59.37,78.65
2023-07-28,Australia,Paradip,Coal,Handysize,46924,71.68,537.3,168.1,43.79,59.37,78.65
2023-07-29,Brazil,Paradip,Bauxite,Handymax,62261,75.49,687.82,154.61,66.88,52.84,86.08
2023-07-29,South Africa,Visakhapatnam,Fertilizer,Handymax,53268,74.69,687.82,154.61,66.88,52.84,86.08
2023-07-29,Brazil,Chennai,Coal,Capesize,64112,85.56,687.82,154.61,66.88,52.84,86.08
2023-07-29,Australia,Visakhapatnam,Fertilizer,Handysize,47289,70.17,687.82,154.61,66.88,52.84,86.08
2023-07-29,Russia,Chennai,Bauxite,Handymax,118759,75.9,687.82,154.61,66.88,52.84,86.08
2023-07-29,Russia,Krishnapatnam,Coal,Handysize,39455,71.5,687.82,154.61,66.88,52.84,86.08
2023-07-29,Australia,Chennai,Iron Ore,Handysize,66116,72.51,687.82,154.61,66.88,52.84,86.08
2023-07-29,Russia,Krishnapatnam,Wheat,Panamax,66009,78.55,687.82,154.61,66.88,52.84,86.08
2023-07-30,Indonesia,Krishnapatnam,Bauxite,Handysize,111815,74.05,680.89,103.84,51.78,47.65,81.31
2023-07-30,Indonesia,Chennai,Coal,Panamax,24090,78.33,680.89,103.84,51.78,47.65,81.31
2023-07-30,Indonesia,Paradip,Wheat,Handymax,98653,66.18,680.89,103.84,51.78,47.65,81.31
2023-07-30,Russia,Chennai,Coal,Supramax,38676,70.65,680.89,103.84,51.78,47.65,81.31
2023-07-30,Brazil,Krishnapatnam,Iron Ore,Capesize,56744,81.86,680.89,103.84,51.78,47.65,81.31
2023-07-30,Brazil,Visakhapatnam,Wheat,Panamax,90097,74.46,680.89,103.84,51.78,47.65,81.31
2023-07-30,South Africa,Krishnapatnam,Iron Ore,Panamax,106078,75.49,680.89,103.84,51.78,47.65,81.31
2023-07-30,Indonesia,Paradip,Iron Ore,Capesize,36167,78.66,680.89,103.84,51.78,47.65,81.31
2023-07-31,Brazil,Chennai,Coal,Handysize,70022,71.17,582.01,135.39,50.36,87.81,76.0
2023-07-31,Australia,Krishnapatnam,Bauxite,Handysize,36267,71.81,582.01,135.39,50.36,87.81,76.0
2023-07-31,Russia,Chennai,Bauxite,Panamax,114542,80.68,582.01,135.39,50.36,87.81,76.0
2023-07-31,Indonesia,Chennai,Iron Ore,Handymax,53902,75.57,582.01,135.39,50.36,87.81,76.0
2023-07-31,Indonesia,Kakinada,Iron Ore,Panamax,43401,80.76,582.01,135.39,50.36,87.81,76.0
2023-07-31,Indonesia,Visakhapatnam,Bauxite,Capesize,103251,84.44,582.01,135.39,50.36,87.81,76.0
2023-07-31,South Africa,Krishnapatnam,Iron Ore,Handysize,43450,79.41,582.01,135.39,50.36,87.81,76.0
2023-07-31,Brazil,Chennai,Bauxite,Capesize,97681,84.5,582.01,135.39,50.36,87.81,76.0
2023-08-01,South Africa,Visakhapatnam,Wheat,Supramax,81477,74.12,538.37,150.63,43.67,55.34,59.05
2023-08-01,South Africa,Paradip,Coal,Supramax,60491,73.82,538.37,150.63,43.67,55.34,59.05
2023-08-01,Brazil,Visakhapatnam,Bauxite,Supramax,22682,71.33,538.37,150.63,43.67,55.34,59.05
2023-08-01,Russia,Krishnapatnam,Iron Ore,Handymax,91303,72.48,538.37,150.63,43.67,55.34,59.05
2023-08-01,Australia,Kakinada,Coal,Handymax,73276,69.18,538.37,150.63,43.67,55.34,59.05
2023-08-01,Brazil,Paradip,Wheat,Supramax,21439,73.16,538.37,150.63,43.67,55.34,59.05
2023-08-01,Russia,Kakinada,Fertilizer,Panamax,29638,70.63,538.37,150.63,43.67,55.34,59.05
2023-08-01,Brazil,Paradip,Coal,Handysize,115025,65.76,538.37,150.63,43.67,55.34,59.05
2023-08-02,Brazil,Kakinada,Coal,Capesize,55568,71.92,504.22,79.1,54.94,49.84,74.5
2023-08-02,Australia,Visakhapatnam,Fertilizer,Supramax,30346,63.59,504.22,79.1,54.94,49.84,74.5
2023-08-02,Russia,Paradip,Fertilizer,Capesize,22853,70.43,504.22,79.1,54.94,49.84,74.5
2023-08-02,South Africa,Kakinada,Bauxite,Supramax,60667,62.97,504.22,79.1,54.94,49.84,74.5
2023-08-02,South Africa,Chennai,Coal,Capesize,26611,70.27,504.22,79.1,54.94,49.84,74.5
2023-08-02,Brazil,Chennai,Iron Ore,Handymax,116876,69.37,504.22,79.1,54.94,49.84,74.5
2023-08-02,Indonesia,Kakinada,Coal,Capesize,62840,70.8,504.22,79.1,54.94,49.84,74.5
2023-08-02,Indonesia,Kakinada,Bauxite,Capesize,95023,74.69,504.22,79.1,54.94,49.84,74.5
2023-08-03,Australia,Paradip,Bauxite,Supramax,41725,82.07,738.42,150.89,59.64,65.8,38.77
2023-08-03,Brazil,Paradip,Wheat,Supramax,68929,81.47,738.42,150.89,59.64,65.8,38.77
2023-08-03,Australia,Visakhapatnam,Fertilizer,Handymax,62311,75.85,738.42,150.89,59.64,65.8,38.77
2023-08-03,Indonesia,Paradip,Coal,Handysize,75779,79.5,738.42,150.89,59.64,65.8,38.77
2023-08-03,Australia,Chennai,Fertilizer,Panamax,27450,81.97,738.42,150.89,59.64,65.8,38.77
2023-08-03,Australia,Visakhapatnam,Fertilizer,Supramax,48605,78.61,738.42,150.89,59.64,65.8,38.77
2023-08-03,South Africa,Paradip,Iron Ore,Handymax,47032,82.98,738.42,150.89,59.64,65.8,38.77
2023-08-03,South Africa,Chennai,Iron Ore,Supramax,67366,85.94,738.42,150.89,59.64,65.8,38.77
2023-08-04,Russia,Chennai,Wheat,Handymax,91520,71.18,532.99,92.84,73.34,69.24,47.39
2023-08-04,South Africa,Krishnapatnam,Iron Ore,Handysize,59963,72.83,532.99,92.84,73.34,69.24,47.39
2023-08-04,Indonesia,Paradip,Fertilizer,Handysize,119811,73.54,532.99,92.84,73.34,69.24,47.39
2023-08-04,Brazil,Visakhapatnam,Bauxite,Capesize,58059,80.51,532.99,92.84,73.34,69.24,47.39
2023-08-04,Russia,Krishnapatnam,Fertilizer,Panamax,47313,77.0,532.99,92.84,73.34,69.24,47.39
2023-08-04,Brazil,Krishnapatnam,Iron Ore,Capesize,37189,81.51,532.99,92.84,73.34,69.24,47.39
2023-08-04,Brazil,Chennai,Bauxite,Panamax,59823,74.95,532.99,92.84,73.34,69.24,47.39
2023-08-04,South Africa,Chennai,Bauxite,Handymax,111787,72.25,532.99,92.84,73.34,69.24,47.39
2023-08-05,Indonesia,Kakinada,Wheat,Supramax,51335,74.95,644.05,127.55,45.68,63.85,41.68
2023-08-05,Russia,Kakinada,Fertilizer,Capesize,102516,80.59,644.05,127.55,45.68,63.85,41.68
2023-08-05,Australia,Chennai,Iron Ore,Panamax,31055,77.89,644.05,127.55,45.68,63.85,41.68
2023-08-05,Brazil,Kakinada,Iron Ore,Capesize,30995,85.03,644.05,127.55,45.68,63.85,41.68
2023-08-05,Indonesia,Kakinada,Iron Ore,Panamax,89392,78.99,644.05,127.55,45.68,63.85,41.68
2023-08-05,Russia,Kakinada,Bauxite,Handymax,74649,69.07,644.05,127.55,45.68,63.85,41.68
2023-08-05,Australia,Visakhapatnam,Wheat,Handysize,101352,65.64,644.05,127.55,45.68,63.85,41.68
2023-08-05,Brazil,Kakinada,Wheat,Panamax,39416,76.74,644.05,127.55,45.68,63.85,41.68
2023-08-06,Indonesia,Krishnapatnam,Bauxite,Capesize,111987,75.48,558.52,78.52,35.6,69.05,60.92
2023-08-06,Indonesia,Kakinada,Bauxite,Capesize,111820,77.42,558.52,78.52,35.6,69.05,60.92
2023-08-06,Russia,Krishnapatnam,Iron Ore,Handysize,29466,60.95,558.52,78.52,35.6,69.05,60.92
2023-08-06,Brazil,Chennai,Bauxite,Capesize,114791,80.91,558.52,78.52,35.6,69.05,60.92
2023-08-06,South Africa,Kakinada,Wheat,Panamax,118092,69.95,558.52,78.52,35.6,69.05,60.92
2023-08-06,Australia,Paradip,Wheat,Panamax,96700,68.49,558.52,78.52,35.6,69.05,60.92
2023-08-06,Brazil,Kakinada,Fertilizer,Supramax,64293,64.62,558.52,78.52,35.6,69.05,60.92
2023-08-06,Indonesia,Krishnapatnam,Wheat,Capesize,37279,72.06,558.52,78.52,35.6,69.05,60.92
2023-08-07,Brazil,Kakinada,Wheat,Capesize,86558,85.08,826.0,107.91,48.41,74.34,65.66
2023-08-07,Indonesia,Visakhapatnam,Coal,Handymax,69107,73.92,826.0,107.91,48.41,74.34,65.66
2023-08-07,Indonesia,Krishnapatnam,Coal,Panamax,21263,79.36,826.0,107.91,48.41,74.34,65.66
2023-08-07,Brazil,Visakhapatnam,Bauxite,Supramax,66326,78.79,826.0,107.91,48.41,74.34,65.66
2023-08-07,Brazil,Kakinada,Iron Ore,Supramax,79332,79.85,826.0,107.91,48.41,74.34,65.66
2023-08-07,Australia,Krishnapatnam,Coal,Supramax,67458,78.18,826.0,107.91,48.41,74.34,65.66
2023-08-07,South Africa,Kakinada,Coal,Panamax,91180,81.69,826.0,107.91,48.41,74.34,65.66
2023-08-07,Indonesia,Krishnapatnam,Coal,Supramax,102971,84.2,826.0,107.91,48.41,74.34,65.66
2023-08-08,Brazil,Paradip,Iron Ore,Panamax,47219,80.98,515.92,160.23,58.28,78.86,45.8
2023-08-08,Brazil,Visakhapatnam,Bauxite,Handymax,41330,76.11,515.92,160.23,58.28,78.86,45.8
2023-08-08,Indonesia,Visakhapatnam,Coal,Handysize,89070,70.12,515.92,160.23,58.28,78.86,45.8
2023-08-08,Indonesia,Paradip,Coal,Handymax,98655,72.81,515.92,160.23,58.28,78.86,45.8
2023-08-08,South Africa,Visakhapatnam,Fertilizer,Capesize,42560,83.75,515.92,160.23,58.28,78.86,45.8
2023-08-08,Australia,Krishnapatnam,Coal,Capesize,75735,83.91,515.92,160.23,58.28,78.86,45.8
2023-08-08,Indonesia,Kakinada,Fertilizer,Capesize,32121,79.61,515.92,160.23,58.28,78.86,45.8
2023-08-08,Australia,Paradip,Iron Ore,Panamax,24454,79.05,515.92,160.23,58.28,78.86,45.8
2023-08-09,Australia,Chennai,Coal,Supramax,47460,84.08,841.27,163.02,93.13,53.52,50.3
2023-08-09,Indonesia,Chennai,Wheat,Supramax,40128,82.47,841.27,163.02,93.13,53.52,50.3
2023-08-09,Brazil,Chennai,Fertilizer,Capesize,39547,87.75,841.27,163.02,93.13,53.52,50.3
2023-08-09,Australia,Paradip,Fertilizer,Supramax,96586,83.7,841.27,163.02,93.13,53.52,50.3
2023-08-09,Russia,Chennai,Iron Ore,Supramax,40875,87.63,841.27,163.02,93.13,53.52,50.3
2023-08-09,Indonesia,Paradip,Wheat,Handymax,47503,77.03,841.27,163.02,93.13,53.52,50.3
2023-08-09,South Africa,Krishnapatnam,Bauxite,Capesize,51419,92.35,841.27,163.02,93.13,53.52,50.3
2023-08-09,Brazil,Krishnapatnam,Coal,Capesize,58289,94.5,841.27,163.02,93.13,53.52,50.3
2023-08-10,Russia,Chennai,Wheat,Supramax,85283,76.36,796.63,108.97,44.36,44.25,32.05
2023-08-10,Indonesia,Kakinada,Fertilizer,Capesize,87471,86.04,796.63,108.97,44.36,44.25,32.05
2023-08-10,Russia,Chennai,Fertilizer,Supramax,66764,74.09,796.63,108.97,44.36,44.25,32.05
2023-08-10,Brazil,Kakinada,Wheat,Supramax,74499,73.14,796.63,108.97,44.36,44.25,32.05
2023-08-10,Brazil,Krishnapatnam,Iron Ore,Panamax,101049,82.23,796.63,108.97,44.36,44.25,32.05
2023-08-10,Australia,Chennai,Bauxite,Capesize,37600,84.21,796.63,108.97,44.36,44.25,32.05
2023-08-10,Indonesia,Chennai,Wheat,Handymax,75598,75.04,796.63,108.97,44.36,44.25,32.05
2023-08-10,Australia,Chennai,Coal,Supramax,97754,75.05,796.63,108.97,44.36,44.25,32.05
2023-08-11,Australia,Paradip,Coal,Handymax,119851,75.67,825.87,138.01,30.66,59.19,46.51
2023-08-11,South Africa,Krishnapatnam,Coal,Handymax,35945,71.61,825.87,138.01,30.66,59.19,46.51
2023-08-11,Russia,Paradip,Bauxite,Handysize,61150,74.1,825.87,138.01,30.66,59.19,46.51
2023-08-11,Russia,Krishnapatnam,Bauxite,Handysize,117095,74.13,825.87,138.01,30.66,59.19,46.51
2023-08-11,Australia,Kakinada,Iron Ore,Handymax,58397,73.78,825.87,138.01,30.66,59.19,46.51
2023-08-11,Australia,Kakinada,Wheat,Supramax,50041,75.93,825.87,138.01,30.66,59.19,46.51
2023-08-11,South Africa,Chennai,Coal,Supramax,20434,77.25,825.87,138.01,30.66,59.19,46.51
2023-08-11,Russia,Kakinada,Bauxite,Handysize,23959,70.57,825.87,138.01,30.66,59.19,46.51
2023-08-12,Australia,Paradip,Wheat,Handymax,26584,67.75,586.27,76.57,60.87,57.69,54.17
2023-08-12,Russia,Chennai,Iron Ore,Panamax,86332,72.87,586.27,76.57,60.87,57.69,54.17
2023-08-12,Brazil,Kakinada,Bauxite,Capesize,47685,77.94,586.27,76.57,60.87,57.69,54.17
2023-08-12,Brazil,Krishnapatnam,Iron Ore,Panamax,63815,75.47,586.27,76.57,60.87,57.69,54.17
2023-08-12,Russia,Paradip,Iron Ore,Handysize,72798,69.31,586.27,76.57,60.87,57.69,54.17
2023-08-12,Brazil,Paradip,Bauxite,Handysize,37974,67.54,586.27,76.57,60.87,57.69,54.17
2023-08-12,South Africa,Visakhapatnam,Iron Ore,Capesize,55989,77.08,586.27,76.57,60.87,57.69,54.17
2023-08-12,Australia,Paradip,Bauxite,Handysize,65291,67.5,586.27,76.57,60.87,57.69,54.17
2023-08-13,Russia,Paradip,Wheat,Capesize,83853,77.7,707.24,157.62,37.16,52.01,77.06
2023-08-13,Brazil,Kakinada,Wheat,Supramax,95174,73.23,707.24,157.62,37.16,52.01,77.06
2023-08-13,Indonesia,Paradip,Fertilizer,Handymax,25267,68.18,707.24,157.62,37.16,52.01,77.06
2023-08-13,South Africa,Visakhapatnam,Bauxite,Handysize,39336,75.21,707.24,157.62,37.16,52.01,77.06
2023-08-13,Russia,Visakhapatnam,Iron Ore,Supramax,91973,80.49,707.24,157.62,37.16,52.01,77.06
2023-08-13,Indonesia,Chennai,Bauxite,Supramax,70807,77.73,707.24,157.62,37.16,52.01,77.06
2023-08-13,Brazil,Paradip,Fertilizer,Handysize,35233,68.61,707.24,157.62,37.16,52.01,77.06
2023-08-13,Australia,Chennai,Bauxite,Capesize,109001,83.06,707.24,157.62,37.16,52.01,77.06
2023-08-14,Brazil,Chennai,Fertilizer,Handymax,91074,71.34,578.73,163.45,31.32,100.0,48.2
2023-08-14,Russia,Krishnapatnam,Iron Ore,Panamax,80664,81.99,578.73,163.45,31.32,100.0,48.2
2023-08-14,Brazil,Visakhapatnam,Fertilizer,Handymax,46485,75.13,578.73,163.45,31.32,100.0,48.2
2023-08-14,South Africa,Kakinada,Coal,Capesize,42564,86.27,578.73,163.45,31.32,100.0,48.2
2023-08-14,Indonesia,Kakinada,Bauxite,Capesize,98766,86.11,578.73,163.45,31.32,100.0,48.2
2023-08-14,Brazil,Krishnapatnam,Iron Ore,Handymax,99741,76.99,578.73,163.45,31.32,100.0,48.2
2023-08-14,Brazil,Chennai,Fertilizer,Handymax,32857,76.02,578.73,163.45,31.32,100.0,48.2
2023-08-14,Russia,Kakinada,Iron Ore,Handysize,68328,77.4,578.73,163.45,31.32,100.0,48.2
2023-08-15,Australia,Visakhapatnam,Fertilizer,Handymax,28981,71.18,655.38,151.18,32.44,79.11,73.88
2023-08-15,Australia,Chennai,Wheat,Handysize,44241,68.22,655.38,151.18,32.44,79.11,73.88
2023-08-15,South Africa,Visakhapatnam,Coal,Panamax,62340,79.22,655.38,151.18,32.44,79.11,73.88
2023-08-15,Brazil,Chennai,Fertilizer,Handymax,108087,77.32,655.38,151.18,32.44,79.11,73.88
2023-08-15,Indonesia,Visakhapatnam,Iron Ore,Handysize,109711,70.85,655.38,151.18,32.44,79.11,73.88
2023-08-15,Russia,Kakinada,Coal,Handymax,107287,73.91,655.38,151.18,32.44,79.11,73.88
2023-08-15,Australia,Kakinada,Bauxite,Handysize,105587,71.73,655.38,151.18,32.44,79.11,73.88
2023-08-15,South Africa,Chennai,Wheat,Panamax,69451,75.86,655.38,151.18,32.44,79.11,73.88
2023-08-16,Indonesia,Krishnapatnam,Fertilizer,Supramax,92231,81.0,666.57,171.1,31.97,78.13,46.41
2023-08-16,Indonesia,Paradip,Iron Ore,Capesize,117555,91.08,666.57,171.1,31.97,78.13,46.41
2023-08-16,Australia,Chennai,Fertilizer,Handymax,37229,75.78,666.57,171.1,31.97,78.13,46.41
2023-08-16,Indonesia,Kakinada,Coal,Handymax,93905,77.2,666.57,171.1,31.97,78.13,46.41
2023-08-16,South Africa,Visakhapatnam,Wheat,Handysize,51695,71.25,666.57,171.1,31.97,78.13,46.41
2023-08-16,Brazil,Paradip,Fertilizer,Handymax,113361,76.93,666.57,171.1,31.97,78.13,46.41
2023-08-16,Russia,Krishnapatnam,Fertilizer,Panamax,103766,81.85,666.57,171.1,31.97,78.13,46.41
2023-08-16,Australia,Visakhapatnam,Coal,Capesize,70833,88.3,666.57,171.1,31.97,78.13,46.41
2023-08-17,Indonesia,Paradip,Coal,Supramax,51500,80.12,683.56,173.76,38.66,66.37,44.17
2023-08-17,South Africa,Chennai,Wheat,Handysize,83140,76.6,683.56,173.76,38.66,66.37,44.17
2023-08-17,Australia,Visakhapatnam,Bauxite,Supramax,100171,78.97,683.56,173.76,38.66,66.37,44.17
2023-08-17,Brazil,Paradip,Bauxite,Handysize,98591,80.74,683.56,173.76,38.66,66.37,44.17
2023-08-17,Indonesia,Chennai,Bauxite,Handysize,25008,72.06,683.56,173.76,38.66,66.37,44.17
2023-08-17,Indonesia,Krishnapatnam,Bauxite,Supramax,49236,78.68,683.56,173.76,38.66,66.37,44.17
2023-08-17,Brazil,Paradip,Coal,Capesize,31640,87.6,683.56,173.76,38.66,66.37,44.17
2023-08-17,Indonesia,Visakhapatnam,Wheat,Handysize,46863,71.18,683.56,173.76,38.66,66.37,44.17
2023-08-18,South Africa,Visakhapatnam,Coal,Supramax,92354,75.36,570.8,97.06,71.57,77.36,69.89
2023-08-18,Brazil,Kakinada,Iron Ore,Panamax,95396,78.4,570.8,97.06,71.57,77.36,69.89
2023-08-18,Brazil,Krishnapatnam,Coal,Handymax,72148,70.2,570.8,97.06,71.57,77.36,69.89
2023-08-18,South Africa,Kakinada,Bauxite,Capesize,59879,83.03,570.8,97.06,71.57,77.36,69.89
2023-08-18,Russia,Visakhapatnam,Bauxite,Handysize,54364,72.12,570.8,97.06,71.57,77.36,69.89
2023-08-18,Indonesia,Visakhapatnam,Coal,Panamax,114266,79.9,570.8,97.06,71.57,77.36,69.89
2023-08-18,Indonesia,Visakhapatnam,Bauxite,Supramax,64040,76.54,570.8,97.06,71.57,77.36,69.89
2023-08-18,Australia,Krishnapatnam,Iron Ore,Handysize,64153,68.73,570.8,97.06,71.57,77.36,69.89
2023-08-19,Australia,Kakinada,Bauxite,Handysize,29765,75.3,752.71,142.32,41.1,50.19,61.5
2023-08-19,Russia,Kakinada,Bauxite,Supramax,26641,76.94,752.71,142.32,41.1,50.19,61.5
2023-08-19,Russia,Chennai,Iron Ore,Handysize,24959,71.85,752.71,142.32,41.1,50.19,61.5
2023-08-19,Indonesia,Paradip,Wheat,Capesize,47215,82.36,752.71,142.32,41.1,50.19,61.5
2023-08-19,Indonesia,Visakhapatnam,Bauxite,Handysize,36772,71.61,752.71,142.32,41.1,50.19,61.5
2023-08-19,South Africa,Krishnapatnam,Bauxite,Supramax,101008,78.25,752.71,142.32,41.1,50.19,61.5
2023-08-19,South Africa,Visakhapatnam,Coal,Panamax,115192,83.74,752.71,142.32,41.1,50.19,61.5
2023-08-19,Australia,Visakhapatnam,Fertilizer,Handysize,102418,72.3,752.71,142.32,41.1,50.19,61.5
2023-08-20,Brazil,Paradip,Iron Ore,Supramax,46539,72.52,796.1,122.89,27.6,52.57,72.43
2023-08-20,Australia,Chennai,Bauxite,Capesize,105834,82.32,796.1,122.89,27.6,52.57,72.43
2023-08-20,Brazil,Chennai,Fertilizer,Panamax,55844,79.38,796.1,122.89,27.6,52.57,72.43
2023-08-20,Indonesia,Kakinada,Coal,Supramax,60663,74.41,796.1,122.89,27.6,52.57,72.43
2023-08-20,Brazil,Paradip,Coal,Handysize,104297,71.9,796.1,122.89,27.6,52.57,72.43
2023-08-20,Brazil,Paradip,Iron Ore,Capesize,23577,80.51,796.1,122.89,27.6,52.57,72.43
2023-08-20,Brazil,Chennai,Wheat,Panamax,32818,73.24,796.1,122.89,27.6,52.57,72.43
2023-08-20,Russia,Chennai,Wheat,Panamax,49164,72.75,796.1,122.89,27.6,52.57,72.43
2023-08-21,Indonesia,Chennai,Bauxite,Panamax,26320,73.27,687.47,81.69,48.4,55.73,67.15
2023-08-21,Indonesia,Kakinada,Iron Ore,Handysize,108293,67.28,687.47,81.69,48.4,55.73,67.15
2023-08-21,Brazil,Kakinada,Wheat,Capesize,103201,74.97,687.47,81.69,48.4,55.73,67.15
2023-08-21,Russia,Chennai,Iron Ore,Panamax,90047,76.47,687.47,81.69,48.4,55.73,67.15
2023-08-21,South Africa,Paradip,Iron Ore,Supramax,79402,72.84,687.47,81.69,48.4,55.73,67.15
2023-08-21,Indonesia,Kakinada,Wheat,Handymax,94638,67.04,687.47,81.69,48.4,55.73,67.15
2023-08-21,Brazil,Chennai,Coal,Supramax,93563,68.03,687.47,81.69,48.4,55.73,67.15
2023-08-21,Australia,Kakinada,Bauxite,Handymax,72129,67.83,687.47,81.69,48.4,55.73,67.15
2023-08-22,South Africa,Kakinada,Coal,Panamax,78704,78.31,683.29,124.21,57.66,77.58,55.56
2023-08-22,Australia,Paradip,Wheat,Capesize,43634,83.7,683.29,124.21,57.66,77.58,55.56
2023-08-22,South Africa,Visakhapatnam,Coal,Handysize,96868,72.38,683.29,124.21,57.66,77.58,55.56
2023-08-22,South Africa,Visakhapatnam,Wheat,Supramax,101981,79.04,683.29,124.21,57.66,77.58,55.56
2023-08-22,Brazil,Chennai,Fertilizer,Handymax,25539,74.68,683.29,124.21,57.66,77.58,55.56
2023-08-22,Australia,Chennai,Iron Ore,Handymax,61850,73.67,683.29,124.21,57.66,77.58,55.56
2023-08-22,Indonesia,Visakhapatnam,Fertilizer,Handymax,23830,70.23,683.29,124.21,57.66,77.58,55.56
2023-08-22,Brazil,Krishnapatnam,Iron Ore,Panamax,104766,87.79,683.29,124.21,57.66,77.58,55.56
2023-08-23,Indonesia,Krishnapatnam,Iron Ore,Panamax,73619,83.9,736.62,111.37,75.56,67.88,67.66
2023-08-23,Australia,Chennai,Wheat,Capesize,42580,80.28,736.62,111.37,75.56,67.88,67.66
2023-08-23,Australia,Paradip,Wheat,Panamax,21600,78.36,736.62,111.37,75.56,67.88,67.66
2023-08-23,South Africa,Krishnapatnam,Iron Ore,Panamax,40373,81.98,736.62,111.37,75.56,67.88,67.66
2023-08-23,Brazil,Chennai,Fertilizer,Supramax,92869,77.17,736.62,111.37,75.56,67.88,67.66
2023-08-23,South Africa,Visakhapatnam,Fertilizer,Capesize,115351,85.62,736.62,111.37,75.56,67.88,67.66
2023-08-23,Australia,Chennai,Bauxite,Handysize,56725,75.36,736.62,111.37,75.56,67.88,67.66
2023-08-23,Australia,Visakhapatnam,Bauxite,Capesize,67455,88.52,736.62,111.37,75.56,67.88,67.66
2023-08-24,Brazil,Paradip,Bauxite,Handysize,27883,74.69,845.87,110.31,53.5,75.33,62.2
2023-08-24,Brazil,Krishnapatnam,Wheat,Handymax,94258,72.92,845.87,110.31,53.5,75.33,62.2
2023-08-24,South Africa,Paradip,Bauxite,Supramax,82398,84.48,845.87,110.31,53.5,75.33,62.2
2023-08-24,South Africa,Kakinada,Fertilizer,Capesize,113885,86.93,845.87,110.31,53.5,75.33,62.2
2023-08-24,Russia,Visakhapatnam,Wheat,Handysize,86836,73.19,845.87,110.31,53.5,75.33,62.2
2023-08-24,Russia,Visakhapatnam,Iron Ore,Handysize,77396,78.02,845.87,110.31,53.5,75.33,62.2
2023-08-24,Russia,Visakhapatnam,Coal,Handysize,118651,77.17,845.87,110.31,53.5,75.33,62.2
2023-08-24,Indonesia,Visakhapatnam,Fertilizer,Handymax,100291,78.52,845.87,110.31,53.5,75.33,62.2
2023-08-25,Russia,Visakhapatnam,Iron Ore,Handymax,33111,75.69,520.9,174.96,48.68,64.52,47.31
2023-08-25,Indonesia,Kakinada,Wheat,Handymax,83165,71.69,520.9,174.96,48.68,64.52,47.31
2023-08-25,Australia,Chennai,Iron Ore,Handysize,105333,75.7,520.9,174.96,48.68,64.52,47.31
2023-08-25,Indonesia,Visakhapatnam,Fertilizer,Handysize,97853,70.72,520.9,174.96,48.68,64.52,47.31
2023-08-25,Russia,Chennai,Coal,Capesize,31748,78.92,520.9,174.96,48.68,64.52,47.31
2023-08-25,South Africa,Visakhapatnam,Coal,Panamax,74210,83.46,520.9,174.96,48.68,64.52,47.31
2023-08-25,South Africa,Kakinada,Fertilizer,Handymax,86912,69.72,520.9,174.96,48.68,64.52,47.31
2023-08-25,Brazil,Krishnapatnam,Fertilizer,Supramax,72756,77.25,520.9,174.96,48.68,64.52,47.31
2023-08-26,Indonesia,Kakinada,Bauxite,Supramax,93678,78.18,621.37,161.91,75.38,41.78,79.79
2023-08-26,Australia,Chennai,Fertilizer,Supramax,62185,72.14,621.37,161.91,75.38,41.78,79.79
2023-08-26,Australia,Krishnapatnam,Wheat,Handymax,61230,67.65,621.37,161.91,75.38,41.78,79.79
2023-08-26,Brazil,Visakhapatnam,Iron Ore,Handymax,55059,75.04,621.37,161.91,75.38,41.78,79.79
2023-08-26,Russia,Kakinada,Bauxite,Handysize,94642,73.22,621.37,161.91,75.38,41.78,79.79
2023-08-26,Indonesia,Kakinada,Iron Ore,Handysize,99865,70.96,621.37,161.91,75.38,41.78,79.79
2023-08-26,Brazil,Chennai,Bauxite,Handysize,74235,73.02,621.37,161.91,75.38,41.78,79.79
2023-08-26,South Africa,Krishnapatnam,Iron Ore,Handymax,49011,72.77,621.37,161.91,75.38,41.78,79.79
2023-08-27,South Africa,Krishnapatnam,Wheat,Handymax,23333,73.7,717.34,157.62,44.66,62.96,51.95
2023-08-27,Brazil,Kakinada,Fertilizer,Supramax,102172,78.48,717.34,157.62,44.66,62.96,51.95
2023-08-27,Australia,Krishnapatnam,Wheat,Capesize,59618,82.21,717.34,157.62,44.66,62.96,51.95
2023-08-27,South Africa,Krishnapatnam,Bauxite,Supramax,87261,82.83,717.34,157.62,44.66,62.96,51.95
2023-08-27,South Africa,Paradip,Bauxite,Handymax,41881,74.83,717.34,157.62,44.66,62.96,51.95
2023-08-27,Indonesia,Krishnapatnam,Bauxite,Supramax,91792,84.57,717.34,157.62,44.66,62.96,51.95
2023-08-27,Brazil,Krishnapatnam,Fertilizer,Panamax,70513,80.5,717.34,157.62,44.66,62.96,51.95
2023-08-27,Indonesia,Chennai,Iron Ore,Capesize,118706,86.5,717.34,157.62,44.66,62.96,51.95
2023-08-28,Australia,Kakinada,Coal,Capesize,94781,85.78,839.84,173.98,19.33,68.02,73.42
2023-08-28,Brazil,Kakinada,Fertilizer,Panamax,41658,78.9,839.84,173.98,19.33,68.02,73.42
2023-08-28,Russia,Krishnapatnam,Bauxite,Handymax,92134,76.43,839.84,173.98,19.33,68.02,73.42
2023-08-28,Brazil,Kakinada,Iron Ore,Handymax,63826,76.77,839.84,173.98,19.33,68.02,73.42
2023-08-28,Brazil,Krishnapatnam,Iron Ore,Handymax,100294,78.8,839.84,173.98,19.33,68.02,73.42
2023-08-28,Brazil,Kakinada,Bauxite,Capesize,21908,86.72,839.84,173.98,19.33,68.02,73.42
2023-08-28,South Africa,Visakhapatnam,Bauxite,Handysize,101032,77.59,839.84,173.98,19.33,68.02,73.42
2023-08-28,Australia,Visakhapatnam,Fertilizer,Panamax,113057,81.5,839.84,173.98,19.33,68.02,73.42
2023-08-29,South Africa,Paradip,Wheat,Supramax,35115,69.76,753.59,140.18,30.25,49.97,81.11
2023-08-29,Indonesia,Chennai,Fertilizer,Supramax,20211,71.24,753.59,140.18,30.25,49.97,81.11
2023-08-29,Indonesia,Visakhapatnam,Wheat,Handymax,109438,70.19,753.59,140.18,30.25,49.97,81.11
2023-08-29,Brazil,Krishnapatnam,Coal,Handysize,114897,67.49,753.59,140.18,30.25,49.97,81.11
2023-08-29,South Africa,Kakinada,Wheat,Handysize,64109,67.93,753.59,140.18,30.25,49.97,81.11
2023-08-29,Indonesia,Krishnapatnam,Bauxite,Handysize,82497,70.88,753.59,140.18,30.25,49.97,81.11
2023-08-29,South Africa,Paradip,Fertilizer,Capesize,52602,79.1,753.59,140.18,30.25,49.97,81.11
2023-08-29,Russia,Visakhapatnam,Wheat,Handysize,48305,65.46,753.59,140.18,30.25,49.97,81.11
2023-08-30,Brazil,Kakinada,Iron Ore,Handymax,111729,79.45,801.94,114.95,40.49,85.07,66.33
2023-08-30,Australia,Krishnapatnam,Coal,Handymax,91303,74.91,801.94,114.95,40.49,85.07,66.33
2023-08-30,Indonesia,Visakhapatnam,Iron Ore,Capesize,39163,86.84,801.94,114.95,40.49,85.07,66.33
2023-08-30,South Africa,Krishnapatnam,Fertilizer,Panamax,59979,82.32,801.94,114.95,40.49,85.07,66.33
2023-08-30,Indonesia,Visakhapatnam,Wheat,Handysize,30633,73.99,801.94,114.95,40.49,85.07,66.33
2023-08-30,Russia,Paradip,Bauxite,Panamax,24861,83.39,801.94,114.95,40.49,85.07,66.33
2023-08-30,Indonesia,Kakinada,Bauxite,Panamax,44009,84.52,801.94,114.95,40.49,85.07,66.33
2023-08-30,Brazil,Visakhapatnam,Wheat,Panamax,40860,82.27,801.94,114.95,40.49,85.07,66.33
2023-08-31,Indonesia,Chennai,Bauxite,Supramax,68469,70.7,690.92,90.4,60.28,63.77,77.55
2023-08-31,Russia,Visakhapatnam,Coal,Handysize,60768,65.11,690.92,90.4,60.28,63.77,77.55
2023-08-31,South Africa,Chennai,Bauxite,Capesize,42205,80.9,690.92,90.4,60.28,63.77,77.55
2023-08-31,Indonesia,Krishnapatnam,Coal,Capesize,44003,75.71,690.92,90.4,60.28,63.77,77.55
2023-08-31,Brazil,Krishnapatnam,Wheat,Capesize,82985,77.42,690.92,90.4,60.28,63.77,77.55
2023-08-31,South Africa,Paradip,Wheat,Supramax,84889,71.72,690.92,90.4,60.28,63.77,77.55
2023-08-31,Australia,Chennai,Iron Ore,Handymax,112995,71.82,690.92,90.4,60.28,63.77,77.55
2023-08-31,Russia,Visakhapatnam,Bauxite,Handysize,28070,66.95,690.92,90.4,60.28,63.77,77.55
2023-09-01,Russia,Visakhapatnam,Bauxite,Handymax,105078,72.69,655.37,123.42,48.68,60.76,59.25
2023-09-01,Brazil,Chennai,Fertilizer,Panamax,75372,75.27,655.37,123.42,48.68,60.76,59.25
2023-09-01,Australia,Chennai,Fertilizer,Handysize,37032,67.42,655.37,123.42,48.68,60.76,59.25
2023-09-01,Russia,Krishnapatnam,Iron Ore,Supramax,26259,74.14,655.37,123.42,48.68,60.76,59.25
2023-09-01,South Africa,Chennai,Bauxite,Handysize,24942,65.41,655.37,123.42,48.68,60.76,59.25
2023-09-01,Russia,Paradip,Fertilizer,Capesize,59419,79.9,655.37,123.42,48.68,60.76,59.25
2023-09-01,Australia,Chennai,Fertilizer,Capesize,59242,81.42,655.37,123.42,48.68,60.76,59.25
2023-09-01,Indonesia,Chennai,Wheat,Handymax,48893,68.36,655.37,123.42,48.68,60.76,59.25
2023-09-02,Brazil,Krishnapatnam,Iron Ore,Capesize,82175,83.37,766.39,123.25,42.88,69.53,80.63
2023-09-02,Indonesia,Kakinada,Coal,Handysize,50473,68.26,766.39,123.25,42.88,69.53,80.63
2023-09-02,Russia,Paradip,Iron Ore,Panamax,70646,80.56,766.39,123.25,42.88,69.53,80.63
2023-09-02,Brazil,Kakinada,Fertilizer,Capesize,36246,76.98,766.39,123.25,42.88,69.53,80.63
2023-09-02,South Africa,Kakinada,Iron Ore,Handymax,117445,73.26,766.39,123.25,42.88,69.53,80.63
2023-09-02,Brazil,Visakhapatnam,Coal,Handymax,37384,72.81,766.39,123.25,42.88,69.53,80.63
2023-09-02,Australia,Visakhapatnam,Bauxite,Handysize,106512,73.08,766.39,123.25,42.88,69.53,80.63
2023-09-02,Indonesia,Paradip,Fertilizer,Capesize,107346,81.61,766.39,123.25,42.88,69.53,80.63
2023-09-03,Australia,Chennai,Iron Ore,Handymax,79886,66.94,725.87,129.68,26.85,52.87,78.36
2023-09-03,Australia,Krishnapatnam,Wheat,Panamax,90917,72.3,725.87,129.68,26.85,52.87,78.36
2023-09-03,Indonesia,Paradip,Coal,Capesize,110893,79.91,725.87,129.68,26.85,52.87,78.36
2023-09-03,Russia,Visakhapatnam,Bauxite,Panamax,40551,77.7,725.87,129.68,26.85,52.87,78.36
2023-09-03,Russia,Paradip,Coal,Supramax,48892,70.36,725.87,129.68,26.85,52.87,78.36
2023-09-03,Brazil,Kakinada,Bauxite,Handymax,119074,72.95,725.87,129.68,26.85,52.87,78.36
2023-09-03,Australia,Chennai,Bauxite,Handymax,102910,68.68,725.87,129.68,26.85,52.87,78.36
2023-09-03,Brazil,Kakinada,Wheat,Handymax,36312,65.14,725.87,129.68,26.85,52.87,78.36
2023-09-04,Indonesia,Krishnapatnam,Coal,Supramax,86775,76.81,831.78,132.19,44.33,35.86,53.45
2023-09-04,Australia,Krishnapatnam,Wheat,Supramax,41652,73.47,831.78,132.19,44.33,35.86,53.45
2023-09-04,South Africa,Visakhapatnam,Wheat,Capesize,108730,80.52,831.78,132.19,44.33,35.86,53.45
2023-09-04,Indonesia,Paradip,Coal,Panamax,82103,75.01,831.78,132.19,44.33,35.86,53.45
2023-09-04,Australia,Krishnapatnam,Fertilizer,Panamax,113770,80.66,831.78,132.19,44.33,35.86,53.45
2023-09-04,Russia,Chennai,Wheat,Capesize,67924,80.29,831.78,132.19,44.33,35.86,53.45
2023-09-04,Russia,Kakinada,Iron Ore,Panamax,24158,79.56,831.78,132.19,44.33,35.86,53.45
2023-09-04,Indonesia,Visakhapatnam,Coal,Capesize,24111,80.78,831.78,132.19,44.33,35.86,53.45
2023-09-05,South Africa,Paradip,Bauxite,Capesize,35819,85.83,646.43,167.89,42.05,68.82,67.27
2023-09-05,Indonesia,Paradip,Coal,Supramax,107789,79.41,646.43,167.89,42.05,68.82,67.27
2023-09-05,Indonesia,Visakhapatnam,Fertilizer,Handysize,118417,71.23,646.43,167.89,42.05,68.82,67.27
2023-09-05,Russia,Visakhapatnam,Bauxite,Panamax,82001,83.36,646.43,167.89,42.05,68.82,67.27
2023-09-05,Russia,Paradip,Iron Ore,Supramax,34708,76.82,646.43,167.89,42.05,68.82,67.27
2023-09-05,Russia,Chennai,Wheat,Handymax,42440,73.31,646.43,167.89,42.05,68.82,67.27
2023-09-05,Russia,Chennai,Iron Ore,Supramax,26563,78.49,646.43,167.89,42.05,68.82,67.27
2023-09-05,Russia,Paradip,Bauxite,Handysize,49402,73.96,646.43,167.89,42.05,68.82,67.27
2023-09-06,Australia,Paradip,Iron Ore,Handymax,52548,72.85,581.54,165.55,59.08,42.05,37.59
2023-09-06,Australia,Chennai,Iron Ore,Supramax,106732,79.52,581.54,165.55,59.08,42.05,37.59
2023-09-06,Indonesia,Visakhapatnam,Bauxite,Panamax,99491,82.83,581.54,165.55,59.08,42.05,37.59
2023-09-06,South Africa,Krishnapatnam,Fertilizer,Supramax,23526,73.29,581.54,165.55,59.08,42.05,37.59
2023-09-06,Russia,Chennai,Iron Ore,Panamax,100520,81.63,581.54,165.55,59.08,42.05,37.59
2023-09-06,Brazil,Visakhapatnam,Coal,Capesize,37167,81.58,581.54,165.55,59.08,42.05,37.59
2023-09-06,Brazil,Krishnapatnam,Bauxite,Supramax,102277,77.94,581.54,165.55,59.08,42.05,37.59
2023-09-06,Indonesia,Visakhapatnam,Iron Ore,Handysize,100221,74.1,581.54,165.55,59.08,42.05,37.59
2023-09-07,Russia,Krishnapatnam,Wheat,Supramax,69769,74.81,802.63,124.34,39.54,91.38,87.41
2023-09-07,Brazil,Krishnapatnam,Bauxite,Capesize,65076,85.12,802.63,124.34,39.54,91.38,87.41
2023-09-07,South Africa,Chennai,Bauxite,Handymax,95164,79.88,802.63,124.34,39.54,91.38,87.41
2023-09-07,Australia,Paradip,Wheat,Panamax,53959,78.08,802.63,124.34,39.54,91.38,87.41
2023-09-07,Australia,Krishnapatnam,Iron Ore,Handysize,75491,75.05,802.63,124.34,39.54,91.38,87.41
2023-09-07,Russia,Paradip,Coal,Handysize,108768,73.2,802.63,124.34,39.54,91.38,87.41
2023-09-07,Indonesia,Visakhapatnam,Coal,Panamax,82197,81.92,802.63,124.34,39.54,91.38,87.41
2023-09-07,Australia,Kakinada,Coal,Handymax,64942,75.33,802.63,124.34,39.54,91.38,87.41
2023-09-08,Russia,Chennai,Wheat,Panamax,28261,78.91,834.55,126.43,41.0,69.85,40.42
2023-09-08,Australia,Chennai,Bauxite,Panamax,53701,84.52,834.55,126.43,41.0,69.85,40.42
2023-09-08,Indonesia,Visakhapatnam,Iron Ore,Capesize,63152,90.02,834.55,126.43,41.0,69.85,40.42
2023-09-08,South Africa,Chennai,Fertilizer,Handymax,63724,73.25,834.55,126.43,41.0,69.85,40.42
2023-09-08,Brazil,Paradip,Bauxite,Handysize,47280,78.12,834.55,126.43,41.0,69.85,40.42
2023-09-08,Brazil,Paradip,Bauxite,Panamax,100672,86.9,834.55,126.43,41.0,69.85,40.42
2023-09-08,Russia,Paradip,Coal,Panamax,89211,82.82,834.55,126.43,41.0,69.85,40.42
2023-09-08,Brazil,Kakinada,Wheat,Supramax,27008,76.37,834.55,126.43,41.0,69.85,40.42
2023-09-09,Brazil,Krishnapatnam,Bauxite,Capesize,59726,84.13,764.82,105.96,50.43,68.38,69.1
2023-09-09,Indonesia,Visakhapatnam,Iron Ore,Handymax,43533,73.25,764.82,105.96,50.43,68.38,69.1
2023-09-09,Indonesia,Visakhapatnam,Bauxite,Handysize,43057,69.72,764.82,105.96,50.43,68.38,69.1
2023-09-09,Indonesia,Paradip,Coal,Supramax,90739,75.51,764.82,105.96,50.43,68.38,69.1
2023-09-09,South Africa,Paradip,Bauxite,Handymax,29907,70.2,764.82,105.96,50.43,68.38,69.1
2023-09-09,Brazil,Kakinada,Coal,Capesize,118560,84.21,764.82,105.96,50.43,68.38,69.1
2023-09-09,Australia,Visakhapatnam,Bauxite,Handysize,47799,73.41,764.82,105.96,50.43,68.38,69.1
2023-09-09,Russia,Visakhapatnam,Bauxite,Handymax,44723,73.61,764.82,105.96,50.43,68.38,69.1
2023-09-10,Indonesia,Kakinada,Wheat,Supramax,30965,70.72,659.04,122.42,37.28,64.47,50.8
2023-09-10,Brazil,Visakhapatnam,Wheat,Supramax,101673,70.89,659.04,122.42,37.28,64.47,50.8
2023-09-10,Brazil,Krishnapatnam,Wheat,Panamax,72714,74.83,659.04,122.42,37.28,64.47,50.8
2023-09-10,Russia,Chennai,Bauxite,Capesize,26218,81.73,659.04,122.42,37.28,64.47,50.8
2023-09-10,Australia,Paradip,Coal,Panamax,56672,76.21,659.04,122.42,37.28,64.47,50.8
2023-09-10,Indonesia,Paradip,Fertilizer,Panamax,85228,74.16,659.04,122.42,37.28,64.47,50.8
2023-09-10,Australia,Paradip,Iron Ore,Handysize,88531,70.41,659.04,122.42,37.28,64.47,50.8
2023-09-10,Indonesia,Visakhapatnam,Wheat,Capesize,29815,73.33,659.04,122.42,37.28,64.47,50.8
2023-09-11,Brazil,Krishnapatnam,Iron Ore,Panamax,55162,80.6,788.06,98.09,37.87,75.73,54.1
2023-09-11,Indonesia,Kakinada,Fertilizer,Capesize,25769,80.37,788.06,98.09,37.87,75.73,54.1
2023-09-11,Brazil,Krishnapatnam,Iron Ore,Capesize,96202,86.2,788.06,98.09,37.87,75.73,54.1
2023-09-11,Australia,Chennai,Wheat,Capesize,70775,81.08,788.06,98.09,37.87,75.73,54.1
2023-09-11,Indonesia,Visakhapatnam,Fertilizer,Supramax,90112,77.55,788.06,98.09,37.87,75.73,54.1
2023-09-11,Russia,Kakinada,Bauxite,Panamax,62348,81.89,788.06,98.09,37.87,75.73,54.1
2023-09-11,Australia,Visakhapatnam,Wheat,Handysize,73968,70.45,788.06,98.09,37.87,75.73,54.1
2023-09-11,Brazil,Paradip,Wheat,Capesize,72237,79.6,788.06,98.09,37.87,75.73,54.1
2023-09-12,Australia,Chennai,Wheat,Supramax,111280,72.57,691.28,117.22,30.16,96.35,71.93
2023-09-12,Brazil,Visakhapatnam,Coal,Capesize,41148,82.85,691.28,117.22,30.16,96.35,71.93
2023-09-12,Brazil,Kakinada,Bauxite,Capesize,53691,85.22,691.28,117.22,30.16,96.35,71.93
2023-09-12,South Africa,Krishnapatnam,Coal,Panamax,79395,79.87,691.28,117.22,30.16,96.35,71.93
2023-09-12,Indonesia,Paradip,Fertilizer,Panamax,86470,79.72,691.28,117.22,30.16,96.35,71.93
2023-09-12,South Africa,Krishnapatnam,Coal,Handymax,42695,71.52,691.28,117.22,30.16,96.35,71.93
2023-09-12,Indonesia,Chennai,Bauxite,Supramax,39861,77.16,691.28,117.22,30.16,96.35,71.93
2023-09-12,Indonesia,Visakhapatnam,Coal,Handysize,118026,70.7,691.28,117.22,30.16,96.35,71.93
2023-09-13,Indonesia,Kakinada,Iron Ore,Panamax,83944,88.45,818.48,166.56,32.57,83.25,44.81
2023-09-13,South Africa,Chennai,Coal,Panamax,61753,86.4,818.48,166.56,32.57,83.25,44.81
2023-09-13,South Africa,Chennai,Coal,Supramax,102168,83.76,818.48,166.56,32.57,83.25,44.81
2023-09-13,Russia,Kakinada,Iron Ore,Supramax,89192,85.52,818.48,166.56,32.57,83.25,44.81
2023-09-13,Russia,Kakinada,Wheat,Panamax,95842,83.78,818.48,166.56,32.57,83.25,44.81
2023-09-13,Russia,Krishnapatnam,Fertilizer,Supramax,48805,78.57,818.48,166.56,32.57,83.25,44.81
2023-09-13,Indonesia,Krishnapatnam,Wheat,Supramax,23970,81.51,818.48,166.56,32.57,83.25,44.81
2023-09-13,South Africa,Visakhapatnam,Coal,Handysize,98763,83.59,818.48,166.56,32.57,83.25,44.81
2023-09-14,Indonesia,Krishnapatnam,Wheat,Supramax,86786,67.5,566.36,78.18,30.86,89.98,90.02
2023-09-14,Brazil,Chennai,Iron Ore,Handysize,21868,63.65,566.36,78.18,30.86,89.98,90.02
2023-09-14,Australia,Visakhapatnam,Iron Ore,Supramax,38940,71.21,566.36,78.18,30.86,89.98,90.02
2023-09-14,Brazil,Kakinada,Coal,Capesize,22164,74.67,566.36,78.18,30.86,89.98,90.02
2023-09-14,Australia,Kakinada,Bauxite,Handymax,66454,69.43,566.36,78.18,30.86,89.98,90.02
2023-09-14,South Africa,Visakhapatnam,Bauxite,Supramax,112554,70.22,566.36,78.18,30.86,89.98,90.02
2023-09-14,Russia,Visakhapatnam,Fertilizer,Handymax,104224,65.37,566.36,78.18,30.86,89.98,90.02
2023-09-14,Indonesia,Kakinada,Fertilizer,Handymax,109379,63.97,566.36,78.18,30.86,89.98,90.02
2023-09-15,Australia,Kakinada,Wheat,Supramax,52573,80.45,838.88,170.42,62.27,73.94,64.68
2023-09-15,Russia,Kakinada,Coal,Panamax,99566,90.72,838.88,170.42,62.27,73.94,64.68
2023-09-15,Russia,Krishnapatnam,Coal,Supramax,43289,85.6,838.88,170.42,62.27,73.94,64.68
2023-09-15,Indonesia,Visakhapatnam,Fertilizer,Handymax,80985,81.44,838.88,170.42,62.27,73.94,64.68
2023-09-15,South Africa,Krishnapatnam,Coal,Supramax,29047,84.89,838.88,170.42,62.27,73.94,64.68
2023-09-15,Indonesia,Chennai,Coal,Handymax,50273,85.06,838.88,170.42,62.27,73.94,64.68
2023-09-15,Indonesia,Kakinada,Fertilizer,Supramax,109170,83.94,838.88,170.42,62.27,73.94,64.68
2023-09-15,Indonesia,Krishnapatnam,Iron Ore,Supramax,22953,86.56,838.88,170.42,62.27,73.94,64.68
2023-09-16,Australia,Krishnapatnam,Coal,Panamax,75208,85.85,681.8,153.27,49.32,82.48,68.8
2023-09-16,Indonesia,Paradip,Coal,Capesize,40171,82.03,681.8,153.27,49.32,82.48,68.8
2023-09-16,Brazil,Krishnapatnam,Bauxite,Capesize,35577,85.7,681.8,153.27,49.32,82.48,68.8
2023-09-16,Indonesia,Krishnapatnam,Coal,Supramax,63794,80.49,681.8,153.27,49.32,82.48,68.8
2023-09-16,Russia,Chennai,Coal,Handymax,20037,73.8,681.8,153.27,49.32,82.48,68.8
2023-09-16,Australia,Visakhapatnam,Wheat,Capesize,116171,83.91,681.8,153.27,49.32,82.48,68.8
2023-09-16,Brazil,Krishnapatnam,Fertilizer,Capesize,32559,83.35,681.8,153.27,49.32,82.48,68.8
2023-09-16,South Africa,Visakhapatnam,Coal,Panamax,44660,81.22,681.8,153.27,49.32,82.48,68.8
2023-09-17,South Africa,Chennai,Fertilizer,Capesize,42032,78.45,561.47,140.86,52.53,68.37,64.81
2023-09-17,Indonesia,Chennai,Iron Ore,Panamax,32303,79.79,561.47,140.86,52.53,68.37,64.81
2023-09-17,Brazil,Krishnapatnam,Coal,Supramax,91779,73.37,561.47,140.86,52.53,68.37,64.81
2023-09-17,Russia,Krishnapatnam,Coal,Panamax,21238,76.57,561.47,140.86,52.53,68.37,64.81
2023-09-17,Australia,Paradip,Iron Ore,Handysize,99031,71.4,561.47,140.86,52.53,68.37,64.81
2023-09-17,Indonesia,Visakhapatnam,Iron Ore,Handysize,72189,73.02,561.47,140.86,52.53,68.37,64.81
2023-09-17,Australia,Visakhapatnam,Wheat,Supramax,22802,70.21,561.47,140.86,52.53,68.37,64.81
2023-09-17,Brazil,Paradip,Coal,Handysize,78920,71.94,561.47,140.86,52.53,68.37,64.81
2023-09-18,South Africa,Chennai,Bauxite,Supramax,118717,78.82,604.81,174.02,25.32,75.13,84.25
2023-09-18,Indonesia,Paradip,Wheat,Handymax,73106,68.63,604.81,174.02,25.32,75.13,84.25
2023-09-18,Indonesia,Visakhapatnam,Bauxite,Capesize,92799,79.28,604.81,174.02,25.32,75.13,84.25
2023-09-18,Brazil,Visakhapatnam,Coal,Supramax,111626,73.88,604.81,174.02,25.32,75.13,84.25
2023-09-18,Indonesia,Paradip,Iron Ore,Handymax,103336,74.32,604.81,174.02,25.32,75.13,84.25
2023-09-18,South Africa,Paradip,Coal,Supramax,101271,75.66,604.81,174.02,25.32,75.13,84.25
2023-09-18,Russia,Chennai,Coal,Handysize,52046,67.56,604.81,174.02,25.32,75.13,84.25
2023-09-18,South Africa,Visakhapatnam,Wheat,Panamax,103443,72.62,604.81,174.02,25.32,75.13,84.25
2023-09-19,Brazil,Krishnapatnam,Bauxite,Handymax,61095,73.05,818.64,102.4,22.66,73.81,60.1
2023-09-19,Russia,Krishnapatnam,Wheat,Capesize,54889,79.83,818.64,102.4,22.66,73.81,60.1
2023-09-19,Russia,Visakhapatnam,Coal,Capesize,35873,80.76,818.64,102.4,22.66,73.81,60.1
2023-09-19,South Africa,Visakhapatnam,Bauxite,Capesize,25462,81.18,818.64,102.4,22.66,73.81,60.1
2023-09-19,Australia,Chennai,Iron Ore,Panamax,70528,78.59,818.64,102.4,22.66,73.81,60.1
2023-09-19,Indonesia,Kakinada,Bauxite,Handysize,114231,71.8,818.64,102.4,22.66,73.81,60.1
2023-09-19,Russia,Kakinada,Coal,Handysize,103514,71.47,818.64,102.4,22.66,73.81,60.1
2023-09-19,South Africa,Chennai,Bauxite,Handysize,119272,71.44,818.64,102.4,22.66,73.81,60.1
2023-09-20,Brazil,Chennai,Coal,Handymax,79954,76.71,820.65,165.85,48.89,42.36,59.93
2023-09-20,Australia,Chennai,Coal,Handysize,69691,74.62,820.65,165.85,48.89,42.36,59.93
2023-09-20,Australia,Krishnapatnam,Iron Ore,Handymax,75416,70.38,820.65,165.85,48.89,42.36,59.93
2023-09-20,Australia,Visakhapatnam,Fertilizer,Supramax,48357,75.7,820.65,165.85,48.89,42.36,59.93
2023-09-20,Brazil,Visakhapatnam,Coal,Handysize,98142,74.45,820.65,165.85,48.89,42.36,59.93
2023-09-20,Indonesia,Kakinada,Coal,Panamax,104475,81.98,820.65,165.85,48.89,42.36,59.93
2023-09-20,Indonesia,Kakinada,Iron Ore,Handysize,76831,77.49,820.65,165.85,48.89,42.36,59.93
2023-09-20,South Africa,Krishnapatnam,Bauxite,Capesize,93634,84.93,820.65,165.85,48.89,42.36,59.93
2023-09-21,Australia,Krishnapatnam,Iron Ore,Capesize,46832,88.58,804.95,157.75,51.99,83.04,34.8
2023-09-21,Indonesia,Visakhapatnam,Fertilizer,Panamax,76210,88.97,804.95,157.75,51.99,83.04,34.8
2023-09-21,South Africa,Visakhapatnam,Bauxite,Supramax,33418,81.82,804.95,157.75,51.99,83.04,34.8
2023-09-21,Brazil,Visakhapatnam,Coal,Supramax,30223,84.97,804.95,157.75,51.99,83.04,34.8
2023-09-21,South Africa,Visakhapatnam,Coal,Handysize,94385,81.29,804.95,157.75,51.99,83.04,34.8
2023-09-21,Russia,Krishnapatnam,Coal,Capesize,87519,92.65,804.95,157.75,51.99,83.04,34.8
2023-09-21,South Africa,Paradip,Iron Ore,Capesize,117275,92.56,804.95,157.75,51.99,83.04,34.8
2023-09-21,South Africa,Visakhapatnam,Bauxite,Panamax,92436,91.14,804.95,157.75,51.99,83.04,34.8
2023-09-22,Indonesia,Kakinada,Bauxite,Supramax,57790,75.48,696.8,100.21,44.66,74.19,44.81
2023-09-22,Australia,Kakinada,Bauxite,Capesize,67198,85.35,696.8,100.21,44.66,74.19,44.81
2023-09-22,South Africa,Visakhapatnam,Coal,Supramax,99622,80.54,696.8,100.21,44.66,74.19,44.81
2023-09-22,Indonesia,Paradip,Wheat,Panamax,51016,74.44,696.8,100.21,44.66,74.19,44.81
2023-09-22,Brazil,Krishnapatnam,Iron Ore,Supramax,85555,76.41,696.8,100.21,44.66,74.19,44.81
2023-09-22,Russia,Paradip,Coal,Handymax,76539,72.75,696.8,100.21,44.66,74.19,44.81
2023-09-22,Russia,Visakhapatnam,Fertilizer,Handymax,116643,71.65,696.8,100.21,44.66,74.19,44.81
2023-09-22,Indonesia,Chennai,Iron Ore,Panamax,82286,80.69,696.8,100.21,44.66,74.19,44.81
2023-09-23,Indonesia,Chennai,Fertilizer,Supramax,68503,74.79,659.22,154.55,43.46,42.02,37.89
2023-09-23,Indonesia,Paradip,Bauxite,Capesize,28833,87.64,659.22,154.55,43.46,42.02,37.89
2023-09-23,South Africa,Chennai,Iron Ore,Handymax,114965,77.1,659.22,154.55,43.46,42.02,37.89
2023-09-23,Australia,Chennai,Coal,Capesize,62381,82.49,659.22,154.55,43.46,42.02,37.89
2023-09-23,Brazil,Chennai,Wheat,Supramax,44509,70.13,659.22,154.55,43.46,42.02,37.89
2023-09-23,South Africa,Krishnapatnam,Bauxite,Supramax,27593,78.03,659.22,154.55,43.46,42.02,37.89
2023-09-23,South Africa,Krishnapatnam,Coal,Supramax,75476,76.12,659.22,154.55,43.46,42.02,37.89
2023-09-23,Australia,Krishnapatnam,Wheat,Supramax,108675,76.29,659.22,154.55,43.46,42.02,37.89
2023-09-24,Brazil,Chennai,Iron Ore,Capesize,73616,76.38,505.66,134.17,27.01,71.72,68.17
2023-09-24,Russia,Krishnapatnam,Coal,Supramax,82402,68.08,505.66,134.17,27.01,71.72,68.17
2023-09-24,South Africa,Krishnapatnam,Coal,Capesize,53290,77.85,505.66,134.17,27.01,71.72,68.17
2023-09-24,South Africa,Krishnapatnam,Fertilizer,Handymax,64713,65.09,505.66,134.17,27.01,71.72,68.17
2023-09-24,Russia,Paradip,Bauxite,Panamax,51478,70.54,505.66,134.17,27.01,71.72,68.17
2023-09-24,Brazil,Visakhapatnam,Bauxite,Capesize,62844,78.62,505.66,134.17,27.01,71.72,68.17
2023-09-24,Russia,Krishnapatnam,Bauxite,Panamax,90227,74.58,505.66,134.17,27.01,71.72,68.17
2023-09-24,Indonesia,Kakinada,Bauxite,Panamax,48756,70.5,505.66,134.17,27.01,71.72,68.17
2023-09-25,Russia,Krishnapatnam,Wheat,Supramax,36025,74.35,838.56,156.14,48.4,39.22,75.7
2023-09-25,Brazil,Kakinada,Wheat,Capesize,23975,81.2,838.56,156.14,48.4,39.22,75.7
2023-09-25,South Africa,Krishnapatnam,Wheat,Capesize,106706,80.59,838.56,156.14,48.4,39.22,75.7
2023-09-25,Indonesia,Visakhapatnam,Iron Ore,Handymax,65167,79.06,838.56,156.14,48.4,39.22,75.7
2023-09-25,Brazil,Paradip,Wheat,Supramax,44067,76.62,838.56,156.14,48.4,39.22,75.7
2023-09-25,South Africa,Paradip,Coal,Handysize,62771,71.01,838.56,156.14,48.4,39.22,75.7
2023-09-25,Brazil,Kakinada,Wheat,Supramax,60151,75.3,838.56,156.14,48.4,39.22,75.7
2023-09-25,Brazil,Visakhapatnam,Coal,Capesize,106951,84.23,838.56,156.14,48.4,39.22,75.7
2023-09-26,Indonesia,Chennai,Coal,Capesize,37568,71.32,528.6,88.54,50.88,49.48,69.76
2023-09-26,Russia,Paradip,Bauxite,Capesize,25015,72.15,528.6,88.54,50.88,49.48,69.76
2023-09-26,Indonesia,Visakhapatnam,Iron Ore,Panamax,105895,70.84,528.6,88.54,50.88,49.48,69.76
2023-09-26,Brazil,Visakhapatnam,Wheat,Panamax,116946,68.27,528.6,88.54,50.88,49.48,69.76
2023-09-26,South Africa,Krishnapatnam,Fertilizer,Panamax,47946,70.62,528.6,88.54,50.88,49.48,69.76
2023-09-26,Australia,Paradip,Bauxite,Handysize,115012,63.05,528.6,88.54,50.88,49.48,69.76
2023-09-26,Brazil,Kakinada,Fertilizer,Handymax,101443,63.64,528.6,88.54,50.88,49.48,69.76
2023-09-26,Brazil,Krishnapatnam,Iron Ore,Handysize,97015,66.68,528.6,88.54,50.88,49.48,69.76
2023-09-27,Russia,Kakinada,Bauxite,Panamax,87525,78.92,586.57,115.13,57.16,74.67,65.63
2023-09-27,Indonesia,Paradip,Bauxite,Handymax,50847,72.12,586.57,115.13,57.16,74.67,65.63
2023-09-27,Australia,Krishnapatnam,Fertilizer,Handymax,78914,71.67,586.57,115.13,57.16,74.67,65.63
2023-09-27,Russia,Krishnapatnam,Iron Ore,Capesize,34498,79.77,586.57,115.13,57.16,74.67,65.63
2023-09-27,Russia,Paradip,Fertilizer,Supramax,62517,70.61,586.57,115.13,57.16,74.67,65.63
2023-09-27,Brazil,Kakinada,Fertilizer,Handymax,65819,70.65,586.57,115.13,57.16,74.67,65.63
2023-09-27,Australia,Paradip,Iron Ore,Panamax,114792,78.55,586.57,115.13,57.16,74.67,65.63
2023-09-27,Indonesia,Chennai,Wheat,Supramax,109848,71.77,586.57,115.13,57.16,74.67,65.63
2023-09-28,Russia,Kakinada,Bauxite,Supramax,103866,79.29,538.05,150.21,55.06,77.1,50.34
2023-09-28,Indonesia,Paradip,Wheat,Handymax,74843,74.69,538.05,150.21,55.06,77.1,50.34
2023-09-28,Indonesia,Visakhapatnam,Wheat,Supramax,80886,73.83,538.05,150.21,55.06,77.1,50.34
2023-09-28,Russia,Paradip,Iron Ore,Handysize,72077,72.67,538.05,150.21,55.06,77.1,50.34
2023-09-28,Australia,Krishnapatnam,Fertilizer,Panamax,75535,77.12,538.05,150.21,55.06,77.1,50.34
2023-09-28,South Africa,Krishnapatnam,Coal,Panamax,35231,78.44,538.05,150.21,55.06,77.1,50.34
2023-09-28,Brazil,Visakhapatnam,Bauxite,Handymax,106778,75.33,538.05,150.21,55.06,77.1,50.34
2023-09-28,Australia,Paradip,Wheat,Capesize,110818,81.94,538.05,150.21,55.06,77.1,50.34
2023-09-29,Indonesia,Krishnapatnam,Bauxite,Handymax,109333,73.06,762.51,92.56,41.81,60.64,58.82
2023-09-29,South Africa,Krishnapatnam,Iron Ore,Handymax,112917,71.33,762.51,92.56,41.81,60.64,58.82
2023-09-29,Indonesia,Kakinada,Coal,Supramax,29218,71.22,762.51,92.56,41.81,60.64,58.82
2023-09-29,Australia,Kakinada,Wheat,Supramax,33105,66.96,762.51,92.56,41.81,60.64,58.82
2023-09-29,Brazil,Kakinada,Bauxite,Capesize,29012,76.74,762.51,92.56,41.81,60.64,58.82
2023-09-29,Indonesia,Krishnapatnam,Iron Ore,Handysize,65852,72.35,762.51,92.56,41.81,60.64,58.82
2023-09-29,Australia,Chennai,Wheat,Capesize,63908,79.39,762.51,92.56,41.81,60.64,58.82
2023-09-29,South Africa,Chennai,Fertilizer,Handysize,116912,67.73,762.51,92.56,41.81,60.64,58.82
2023-09-30,South Africa,Paradip,Bauxite,Supramax,84198,73.97,625.73,104.27,52.34,56.81,58.46
2023-09-30,Brazil,Kakinada,Iron Ore,Handysize,66176,68.64,625.73,104.27,52.34,56.81,58.46
2023-09-30,Russia,Visakhapatnam,Wheat,Capesize,114330,77.12,625.73,104.27,52.34,56.81,58.46
2023-09-30,South Africa,Krishnapatnam,Bauxite,Handymax,61936,69.58,625.73,104.27,52.34,56.81,58.46
2023-09-30,Russia,Chennai,Coal,Supramax,89001,72.03,625.73,104.27,52.34,56.81,58.46
2023-09-30,Australia,Chennai,Fertilizer,Handysize,91054,67.31,625.73,104.27,52.34,56.81,58.46
2023-09-30,Indonesia,Chennai,Fertilizer,Handymax,80012,66.36,625.73,104.27,52.34,56.81,58.46
2023-09-30,South Africa,Krishnapatnam,Fertilizer,Panamax,44642,74.04,625.73,104.27,52.34,56.81,58.46
2023-10-01,Australia,Visakhapatnam,Fertilizer,Panamax,88906,80.94,835.9,121.51,29.6,41.59,62.12
2023-10-01,Brazil,Paradip,Iron Ore,Handymax,76143,71.44,835.9,121.51,29.6,41.59,62.12
2023-10-01,Russia,Krishnapatnam,Bauxite,Handymax,34962,74.37,835.9,121.51,29.6,41.59,62.12
2023-10-01,Russia,Kakinada,Wheat,Supramax,103040,72.03,835.9,121.51,29.6,41.59,62.12
2023-10-01,Brazil,Paradip,Wheat,Supramax,94302,74.65,835.9,121.51,29.6,41.59,62.12
2023-10-01,South Africa,Paradip,Fertilizer,Supramax,107087,75.65,835.9,121.51,29.6,41.59,62.12
2023-10-01,South Africa,Kakinada,Coal,Handymax,96693,68.36,835.9,121.51,29.6,41.59,62.12
2023-10-01,Russia,Visakhapatnam,Fertilizer,Handysize,104218,69.5,835.9,121.51,29.6,41.59,62.12
2023-10-02,South Africa,Paradip,Wheat,Handysize,58345,75.13,764.3,156.05,35.56,100.0,40.84
2023-10-02,Indonesia,Chennai,Fertilizer,Supramax,116753,87.11,764.3,156.05,35.56,100.0,40.84
2023-10-02,South Africa,Chennai,Iron Ore,Capesize,38212,92.28,764.3,156.05,35.56,100.0,40.84
2023-10-02,Indonesia,Paradip,Fertilizer,Capesize,74808,93.38,764.3,156.05,35.56,100.0,40.84
2023-10-02,Brazil,Paradip,Fertilizer,Handysize,116905,80.67,764.3,156.05,35.56,100.0,40.84
2023-10-02,Indonesia,Paradip,Iron Ore,Supramax,60154,89.39,764.3,156.05,35.56,100.0,40.84
2023-10-02,Russia,Krishnapatnam,Bauxite,Capesize,58973,89.3,764.3,156.05,35.56,100.0,40.84
2023-10-02,Brazil,Chennai,Wheat,Panamax,32122,85.9,764.3,156.05,35.56,100.0,40.84
2023-10-03,Brazil,Paradip,Wheat,Handymax,46190,69.97,808.52,154.78,17.09,54.06,61.45
2023-10-03,Australia,Chennai,Wheat,Handysize,69949,69.95,808.52,154.78,17.09,54.06,61.45
2023-10-03,Australia,Krishnapatnam,Fertilizer,Capesize,88319,82.56,808.52,154.78,17.09,54.06,61.45
2023-10-03,Indonesia,Kakinada,Bauxite,Handysize,41760,72.83,808.52,154.78,17.09,54.06,61.45
2023-10-03,Australia,Chennai,Coal,Handysize,43653,70.99,808.52,154.78,17.09,54.06,61.45
2023-10-03,South Africa,Krishnapatnam,Fertilizer,Capesize,22155,84.69,808.52,154.78,17.09,54.06,61.45
2023-10-03,Brazil,Chennai,Coal,Supramax,91988,78.64,808.52,154.78,17.09,54.06,61.45
2023-10-03,Brazil,Kakinada,Bauxite,Panamax,114633,83.84,808.52,154.78,17.09,54.06,61.45
2023-10-04,Russia,Paradip,Coal,Supramax,24838,67.96,822.41,92.84,43.6,54.88,71.37
2023-10-04,Russia,Visakhapatnam,Iron Ore,Supramax,116102,79.56,822.41,92.84,43.6,54.88,71.37
2023-10-04,Brazil,Visakhapatnam,Wheat,Supramax,67659,72.95,822.41,92.84,43.6,54.88,71.37
2023-10-04,Russia,Kakinada,Fertilizer,Capesize,105227,78.48,822.41,92.84,43.6,54.88,71.37
2023-10-04,South Africa,Kakinada,Coal,Panamax,44832,76.56,822.41,92.84,43.6,54.88,71.37
2023-10-04,Brazil,Chennai,Bauxite,Handymax,23487,71.33,822.41,92.84,43.6,54.88,71.37
2023-10-04,Australia,Chennai,Fertilizer,Supramax,25833,71.12,822.41,92.84,43.6,54.88,71.37
2023-10-04,Australia,Visakhapatnam,Wheat,Panamax,49075,74.89,822.41,92.84,43.6,54.88,71.37
2023-10-05,Russia,Paradip,Iron Ore,Capesize,109891,83.5,539.39,143.64,40.09,63.07,34.5
2023-10-05,Australia,Visakhapatnam,Bauxite,Handymax,89902,75.43,539.39,143.64,40.09,63.07,34.5
2023-10-05,Indonesia,Kakinada,Fertilizer,Panamax,45966,73.06,539.39,143.64,40.09,63.07,34.5
2023-10-05,Brazil,Krishnapatnam,Bauxite,Handysize,49559,74.07,539.39,143.64,40.09,63.07,34.5
2023-10-05,Russia,Chennai,Coal,Handysize,45041,69.66,539.39,143.64,40.09,63.07,34.5
2023-10-05,Australia,Chennai,Wheat,Panamax,114472,75.26,539.39,143.64,40.09,63.07,34.5
2023-10-05,Australia,Paradip,Coal,Supramax,70799,77.34,539.39,143.64,40.09,63.07,34.5
2023-10-05,Russia,Visakhapatnam,Bauxite,Supramax,104546,74.73,539.39,143.64,40.09,63.07,34.5
2023-10-06,Brazil,Visakhapatnam,Wheat,Handymax,81794,71.1,801.83,93.78,54.41,66.59,77.27
2023-10-06,Australia,Visakhapatnam,Bauxite,Panamax,47848,78.4,801.83,93.78,54.41,66.59,77.27
2023-10-06,Brazil,Krishnapatnam,Coal,Capesize,31945,80.1,801.83,93.78,54.41,66.59,77.27
2023-10-06,Russia,Kakinada,Bauxite,Panamax,31969,79.8,801.83,93.78,54.41,66.59,77.27
2023-10-06,Indonesia,Chennai,Bauxite,Supramax,59042,76.71,801.83,93.78,54.41,66.59,77.27
2023-10-06,Australia,Chennai,Fertilizer,Capesize,76922,81.04,801.83,93.78,54.41,66.59,77.27
2023-10-06,Indonesia,Kakinada,Fertilizer,Panamax,79538,78.77,801.83,93.78,54.41,66.59,77.27
2023-10-06,Brazil,Kakinada,Bauxite,Capesize,20823,80.55,801.83,93.78,54.41,66.59,77.27
2023-10-07,Brazil,Krishnapatnam,Iron Ore,Handymax,32417,68.5,536.73,77.9,34.04,69.35,41.36
2023-10-07,Brazil,Krishnapatnam,Wheat,Supramax,76422,65.01,536.73,77.9,34.04,69.35,41.36
2023-10-07,Russia,Paradip,Wheat,Panamax,93185,70.82,536.73,77.9,34.04,69.35,41.36
2023-10-07,Australia,Kakinada,Fertilizer,Panamax,67972,71.93,536.73,77.9,34.04,69.35,41.36
2023-10-07,Australia,Visakhapatnam,Iron Ore,Supramax,50085,70.48,536.73,77.9,34.04,69.35,41.36
2023-10-07,South Africa,Visakhapatnam,Coal,Capesize,109535,74.76,536.73,77.9,34.04,69.35,41.36
2023-10-07,Russia,Visakhapatnam,Iron Ore,Handymax,95355,71.44,536.73,77.9,34.04,69.35,41.36
2023-10-07,South Africa,Krishnapatnam,Wheat,Capesize,92855,78.58,536.73,77.9,34.04,69.35,41.36
2023-10-08,Brazil,Paradip,Wheat,Handymax,45358,67.6,776.6,104.55,68.34,44.96,68.12
2023-10-08,Brazil,Visakhapatnam,Iron Ore,Handymax,68122,73.41,776.6,104.55,68.34,44.96,68.12
2023-10-08,Indonesia,Kakinada,Fertilizer,Supramax,92246,76.04,776.6,104.55,68.34,44.96,68.12
2023-10-08,Russia,Paradip,Fertilizer,Handysize,64870,71.78,776.6,104.55,68.34,44.96,68.12
2023-10-08,South Africa,Paradip,Fertilizer,Capesize,111200,83.09,776.6,104.55,68.34,44.96,68.12
2023-10-08,Russia,Paradip,Wheat,Panamax,75333,76.41,776.6,104.55,68.34,44.96,68.12
2023-10-08,Australia,Paradip,Iron Ore,Capesize,51236,83.89,776.6,104.55,68.34,44.96,68.12
2023-10-08,Australia,Chennai,Iron Ore,Handysize,104610,71.82,776.6,104.55,68.34,44.96,68.12
2023-10-09,Brazil,Paradip,Wheat,Supramax,118529,76.81,843.67,154.06,16.44,63.53,73.86
2023-10-09,South Africa,Paradip,Fertilizer,Supramax,106569,77.01,843.67,154.06,16.44,63.53,73.86
2023-10-09,Russia,Visakhapatnam,Iron Ore,Handymax,22589,74.04,843.67,154.06,16.44,63.53,73.86
2023-10-09,Australia,Kakinada,Iron Ore,Handymax,23239,72.51,843.67,154.06,16.44,63.53,73.86
2023-10-09,Brazil,Visakhapatnam,Fertilizer,Handysize,40936,72.37,843.67,154.06,16.44,63.53,73.86
2023-10-09,Russia,Kakinada,Coal,Handymax,107399,74.15,843.67,154.06,16.44,63.53,73.86
2023-10-09,Russia,Paradip,Wheat,Panamax,112551,75.99,843.67,154.06,16.44,63.53,73.86
2023-10-09,South Africa,Visakhapatnam,Fertilizer,Panamax,119830,80.45,843.67,154.06,16.44,63.53,73.86
2023-10-10,Brazil,Chennai,Iron Ore,Capesize,96970,87.14,750.91,133.79,42.34,68.57,45.48
2023-10-10,Indonesia,Paradip,Coal,Handysize,40156,71.62,750.91,133.79,42.34,68.57,45.48
2023-10-10,Brazil,Krishnapatnam,Bauxite,Panamax,117919,83.5,750.91,133.79,42.34,68.57,45.48
2023-10-10,Australia,Krishnapatnam,Coal,Handymax,65588,76.29,750.91,133.79,42.34,68.57,45.48
2023-10-10,Indonesia,Kakinada,Wheat,Handymax,59729,72.74,750.91,133.79,42.34,68.57,45.48
2023-10-10,Russia,Krishnapatnam,Wheat,Handysize,20981,71.82,750.91,133.79,42.34,68.57,45.48
2023-10-10,Indonesia,Visakhapatnam,Wheat,Supramax,104351,76.98,750.91,133.79,42.34,68.57,45.48
2023-10-10,Brazil,Chennai,Bauxite,Capesize,54725,83.94,750.91,133.79,42.34,68.57,45.48
2023-10-11,Australia,Krishnapatnam,Iron Ore,Handysize,36937,66.2,579.7,85.56,49.84,50.18,57.24
2023-10-11,Russia,Visakhapatnam,Fertilizer,Handymax,54082,60.32,579.7,85.56,49.84,50.18,57.24
2023-10-11,South Africa,Kakinada,Coal,Supramax,76625,68.42,579.7,85.56,49.84,50.18,57.24
2023-10-11,Russia,Kakinada,Iron Ore,Handysize,44256,67.28,579.7,85.56,49.84,50.18,57.24
2023-10-11,Russia,Krishnapatnam,Iron Ore,Capesize,107351,76.52,579.7,85.56,49.84,50.18,57.24
2023-10-11,Australia,Paradip,Coal,Panamax,79321,70.17,579.7,85.56,49.84,50.18,57.24
2023-10-11,South Africa,Krishnapatnam,Wheat,Handymax,79231,62.76,579.7,85.56,49.84,50.18,57.24
2023-10-11,Indonesia,Krishnapatnam,Wheat,Supramax,32084,63.06,579.7,85.56,49.84,50.18,57.24
2023-10-12,Indonesia,Kakinada,Bauxite,Handymax,79169,67.25,725.48,77.7,29.41,52.65,37.0
2023-10-12,Australia,Visakhapatnam,Coal,Handymax,63751,67.26,725.48,77.7,29.41,52.65,37.0
2023-10-12,Australia,Chennai,Bauxite,Panamax,56370,71.58,725.48,77.7,29.41,52.65,37.0
2023-10-12,Brazil,Paradip,Wheat,Capesize,24539,78.32,725.48,77.7,29.41,52.65,37.0
2023-10-12,Australia,Paradip,Iron Ore,Capesize,34234,83.77,725.48,77.7,29.41,52.65,37.0
2023-10-12,Russia,Visakhapatnam,Bauxite,Capesize,39897,76.96,725.48,77.7,29.41,52.65,37.0
2023-10-12,Indonesia,Chennai,Fertilizer,Capesize,78391,75.15,725.48,77.7,29.41,52.65,37.0
2023-10-12,Russia,Paradip,Iron Ore,Handymax,36447,68.46,725.48,77.7,29.41,52.65,37.0
2023-10-13,Brazil,Kakinada,Coal,Panamax,41972,74.35,593.29,110.16,11.74,78.06,64.82
2023-10-13,Australia,Paradip,Bauxite,Capesize,42778,78.11,593.29,110.16,11.74,78.06,64.82
2023-10-13,South Africa,Krishnapatnam,Iron Ore,Handysize,77266,64.73,593.29,110.16,11.74,78.06,64.82
2023-10-13,Russia,Visakhapatnam,Wheat,Panamax,89690,69.39,593.29,110.16,11.74,78.06,64.82
2023-10-13,South Africa,Visakhapatnam,Bauxite,Handymax,98059,67.13,593.29,110.16,11.74,78.06,64.82
2023-10-13,Australia,Visakhapatnam,Coal,Capesize,38055,77.52,593.29,110.16,11.74,78.06,64.82
2023-10-13,Russia,Krishnapatnam,Coal,Capesize,56775,77.38,593.29,110.16,11.74,78.06,64.82
2023-10-13,Australia,Krishnapatnam,Wheat,Handymax,37705,64.59,593.29,110.16,11.74,78.06,64.82
2023-10-14,Australia,Krishnapatnam,Bauxite,Handysize,117435,67.63,572.48,113.37,62.2,72.48,81.0
2023-10-14,Australia,Chennai,Wheat,Supramax,66408,70.93,572.48,113.37,62.2,72.48,81.0
2023-10-14,Brazil,Visakhapatnam,Iron Ore,Supramax,84749,73.46,572.48,113.37,62.2,72.48,81.0
2023-10-14,Russia,Visakhapatnam,Coal,Capesize,53539,80.4,572.48,113.37,62.2,72.48,81.0
2023-10-14,Brazil,Paradip,Iron Ore,Panamax,42942,75.19,572.48,113.37,62.2,72.48,81.0
2023-10-14,Russia,Visakhapatnam,Wheat,Panamax,118144,74.06,572.48,113.37,62.2,72.48,81.0
2023-10-14,Brazil,Chennai,Fertilizer,Supramax,36543,70.17,572.48,113.37,62.2,72.48,81.0
2023-10-14,Russia,Paradip,Iron Ore,Handymax,32939,68.26,572.48,113.37,62.2,72.48,81.0
2023-10-15,Australia,Kakinada,Fertilizer,Handymax,39053,63.03,533.06,112.75,42.16,51.12,71.1
2023-10-15,South Africa,Chennai,Fertilizer,Handymax,114243,66.61,533.06,112.75,42.16,51.12,71.1
2023-10-15,South Africa,Kakinada,Bauxite,Panamax,75188,72.02,533.06,112.75,42.16,51.12,71.1
2023-10-15,South Africa,Visakhapatnam,Wheat,Handysize,96313,58.65,533.06,112.75,42.16,51.12,71.1
2023-10-15,Brazil,Chennai,Wheat,Handymax,32901,62.0,533.06,112.75,42.16,51.12,71.1
2023-10-15,Brazil,Kakinada,Iron Ore,Panamax,55391,73.2,533.06,112.75,42.16,51.12,71.1
2023-10-15,Brazil,Kakinada,Fertilizer,Capesize,115320,71.98,533.06,112.75,42.16,51.12,71.1
2023-10-15,Russia,Paradip,Iron Ore,Supramax,107150,69.19,533.06,112.75,42.16,51.12,71.1
2023-10-16,Indonesia,Chennai,Iron Ore,Handymax,95265,73.13,633.48,101.94,56.63,70.53,49.81
2023-10-16,Indonesia,Chennai,Fertilizer,Capesize,95246,82.06,633.48,101.94,56.63,70.53,49.81
2023-10-16,South Africa,Kakinada,Wheat,Panamax,94362,74.91,633.48,101.94,56.63,70.53,49.81
2023-10-16,Indonesia,Chennai,Wheat,Panamax,112662,73.34,633.48,101.94,56.63,70.53,49.81
2023-10-16,Australia,Krishnapatnam,Bauxite,Handymax,92043,70.7,633.48,101.94,56.63,70.53,49.81
2023-10-16,Russia,Paradip,Fertilizer,Handymax,73326,71.58,633.48,101.94,56.63,70.53,49.81
2023-10-16,Australia,Kakinada,Wheat,Handymax,74327,70.84,633.48,101.94,56.63,70.53,49.81
2023-10-16,South Africa,Chennai,Fertilizer,Handymax,30707,67.62,633.48,101.94,56.63,70.53,49.81
2023-10-17,South Africa,Kakinada,Fertilizer,Capesize,105513,82.17,647.7,167.71,33.58,63.91,75.49
2023-10-17,Australia,Kakinada,Coal,Capesize,69438,79.53,647.7,167.71,33.58,63.91,75.49
2023-10-17,Russia,Kakinada,Iron Ore,Supramax,64200,76.5,647.7,167.71,33.58,63.91,75.49
2023-10-17,South Africa,Kakinada,Iron Ore,Capesize,81915,86.04,647.7,167.71,33.58,63.91,75.49
2023-10-17,Russia,Chennai,Coal,Panamax,86535,78.25,647.7,167.71,33.58,63.91,75.49
2023-10-17,Australia,Paradip,Wheat,Handymax,82399,70.64,647.7,167.71,33.58,63.91,75.49
2023-10-17,Brazil,Visakhapatnam,Iron Ore,Panamax,72142,83.4,647.7,167.71,33.58,63.91,75.49
2023-10-17,Russia,Chennai,Fertilizer,Capesize,20527,75.8,647.7,167.71,33.58,63.91,75.49
2023-10-18,Brazil,Krishnapatnam,Coal,Supramax,116921,78.87,657.39,136.96,47.0,95.22,92.72
2023-10-18,Indonesia,Kakinada,Coal,Handymax,62642,69.89,657.39,136.96,47.0,95.22,92.72
2023-10-18,Russia,Krishnapatnam,Bauxite,Handysize,104738,72.0,657.39,136.96,47.0,95.22,92.72
2023-10-18,South Africa,Chennai,Iron Ore,Handymax,56680,79.36,657.39,136.96,47.0,95.22,92.72
2023-10-18,Australia,Chennai,Bauxite,Panamax,41305,81.34,657.39,136.96,47.0,95.22,92.72
2023-10-18,Indonesia,Chennai,Wheat,Handymax,35437,70.06,657.39,136.96,47.0,95.22,92.72
2023-10-18,South Africa,Chennai,Iron Ore,Panamax,23323,79.74,657.39,136.96,47.0,95.22,92.72
2023-10-18,South Africa,Kakinada,Coal,Capesize,75619,83.44,657.39,136.96,47.0,95.22,92.72
2023-10-19,Indonesia,Krishnapatnam,Fertilizer,Supramax,106062,73.84,599.74,114.64,49.85,82.61,59.37
2023-10-19,Russia,Paradip,Coal,Capesize,85714,81.0,599.74,114.64,49.85,82.61,59.37
2023-10-19,Russia,Krishnapatnam,Fertilizer,Panamax,100596,76.3,599.74,114.64,49.85,82.61,59.37
2023-10-19,South Africa,Kakinada,Fertilizer,Handymax,47482,70.26,599.74,114.64,49.85,82.61,59.37
2023-10-19,Brazil,Kakinada,Bauxite,Panamax,117504,79.02,599.74,114.64,49.85,82.61,59.37
2023-10-19,South Africa,Kakinada,Iron Ore,Handysize,70094,71.3,599.74,114.64,49.85,82.61,59.37
2023-10-19,Brazil,Krishnapatnam,Coal,Handysize,22106,71.31,599.74,114.64,49.85,82.61,59.37
2023-10-19,Australia,Chennai,Coal,Handymax,97281,70.95,599.74,114.64,49.85,82.61,59.37
2023-10-20,Indonesia,Chennai,Fertilizer,Capesize,33527,78.25,645.54,90.55,62.22,75.14,88.71
2023-10-20,Brazil,Kakinada,Iron Ore,Handymax,87439,74.06,645.54,90.55,62.22,75.14,88.71
2023-10-20,South Africa,Visakhapatnam,Iron Ore,Handymax,58653,72.46,645.54,90.55,62.22,75.14,88.71
2023-10-20,Brazil,Paradip,Wheat,Handymax,90780,67.23,645.54,90.55,62.22,75.14,88.71
2023-10-20,Indonesia,Krishnapatnam,Bauxite,Panamax,75430,74.47,645.54,90.55,62.22,75.14,88.71
2023-10-20,Russia,Krishnapatnam,Coal,Panamax,102097,77.63,645.54,90.55,62.22,75.14,88.71
2023-10-20,South Africa,Kakinada,Iron Ore,Capesize,35376,81.48,645.54,90.55,62.22,75.14,88.71
2023-10-20,Brazil,Kakinada,Coal,Handymax,47106,67.21,645.54,90.55,62.22,75.14,88.71
2023-10-21,Indonesia,Chennai,Wheat,Supramax,76437,72.03,603.96,152.52,32.79,84.71,55.68
2023-10-21,Russia,Visakhapatnam,Fertilizer,Handysize,52399,73.64,603.96,152.52,32.79,84.71,55.68
2023-10-21,Indonesia,Chennai,Fertilizer,Handymax,100562,73.49,603.96,152.52,32.79,84.71,55.68
2023-10-21,South Africa,Visakhapatnam,Fertilizer,Supramax,43439,77.52,603.96,152.52,32.79,84.71,55.68
2023-10-21,Brazil,Krishnapatnam,Iron Ore,Panamax,60309,81.71,603.96,152.52,32.79,84.71,55.68
2023-10-21,Brazil,Paradip,Fertilizer,Handysize,109199,73.9,603.96,152.52,32.79,84.71,55.68
2023-10-21,Australia,Krishnapatnam,Wheat,Handysize,73076,68.01,603.96,152.52,32.79,84.71,55.68
2023-10-21,Australia,Visakhapatnam,Bauxite,Capesize,78735,86.37,603.96,152.52,32.79,84.71,55.68
2023-10-22,Australia,Visakhapatnam,Wheat,Handysize,109042,70.5,812.04,76.41,46.08,85.87,88.53
2023-10-22,Australia,Kakinada,Fertilizer,Panamax,101122,77.86,812.04,76.41,46.08,85.87,88.53
2023-10-22,South Africa,Krishnapatnam,Iron Ore,Capesize,112783,85.66,812.04,76.41,46.08,85.87,88.53
2023-10-22,South Africa,Paradip,Bauxite,Supramax,115352,76.81,812.04,76.41,46.08,85.87,88.53
2023-10-22,Australia,Chennai,Coal,Supramax,115777,75.33,812.04,76.41,46.08,85.87,88.53
2023-10-22,Brazil,Kakinada,Wheat,Supramax,103652,71.92,812.04,76.41,46.08,85.87,88.53
2023-10-22,South Africa,Krishnapatnam,Bauxite,Capesize,103449,81.82,812.04,76.41,46.08,85.87,88.53
2023-10-22,Indonesia,Kakinada,Fertilizer,Supramax,119020,74.1,812.04,76.41,46.08,85.87,88.53
2023-10-23,Russia,Krishnapatnam,Fertilizer,Handymax,61191,79.86,725.11,163.89,60.39,55.61,57.73
2023-10-23,South Africa,Visakhapatnam,Wheat,Handysize,71389,78.64,725.11,163.89,60.39,55.61,57.73
2023-10-23,Russia,Kakinada,Iron Ore,Capesize,79607,88.66,725.11,163.89,60.39,55.61,57.73
2023-10-23,Australia,Kakinada,Wheat,Handymax,64735,72.76,725.11,163.89,60.39,55.61,57.73
2023-10-23,Brazil,Paradip,Coal,Handymax,46835,78.59,725.11,163.89,60.39,55.61,57.73
2023-10-23,South Africa,Chennai,Fertilizer,Capesize,35029,81.83,725.11,163.89,60.39,55.61,57.73
2023-10-23,Australia,Kakinada,Iron Ore,Supramax,83103,81.22,725.11,163.89,60.39,55.61,57.73
2023-10-23,Australia,Kakinada,Coal,Panamax,25839,83.29,725.11,163.89,60.39,55.61,57.73
2023-10-24,Russia,Kakinada,Iron Ore,Handysize,69294,71.54,703.77,95.48,69.18,67.98,43.27
2023-10-24,Indonesia,Krishnapatnam,Iron Ore,Capesize,67646,83.04,703.77,95.48,69.18,67.98,43.27
2023-10-24,Australia,Visakhapatnam,Coal,Handymax,119186,78.35,703.77,95.48,69.18,67.98,43.27
2023-10-24,South Africa,Paradip,Fertilizer,Handysize,108652,71.84,703.77,95.48,69.18,67.98,43.27
2023-10-24,South Africa,Paradip,Bauxite,Capesize,20589,82.66,703.77,95.48,69.18,67.98,43.27
2023-10-24,Russia,Visakhapatnam,Fertilizer,Handysize,86794,71.09,703.77,95.48,69.18,67.98,43.27
2023-10-24,Australia,Krishnapatnam,Bauxite,Handysize,20637,72.64,703.77,95.48,69.18,67.98,43.27
2023-10-24,Australia,Kakinada,Bauxite,Handysize,111732,75.08,703.77,95.48,69.18,67.98,43.27
2023-10-25,Indonesia,Paradip,Wheat,Handysize,33570,62.53,626.34,154.02,10.92,66.67,65.62
2023-10-25,Russia,Paradip,Fertilizer,Supramax,113329,72.76,626.34,154.02,10.92,66.67,65.62
2023-10-25,Brazil,Visakhapatnam,Wheat,Supramax,71761,73.59,626.34,154.02,10.92,66.67,65.62
2023-10-25,Russia,Visakhapatnam,Iron Ore,Handysize,30249,70.55,626.34,154.02,10.92,66.67,65.62
2023-10-25,South Africa,Visakhapatnam,Iron Ore,Handysize,50268,67.24,626.34,154.02,10.92,66.67,65.62
2023-10-25,South Africa,Visakhapatnam,Fertilizer,Handymax,57096,68.4,626.34,154.02,10.92,66.67,65.62
2023-10-25,Australia,Visakhapatnam,Fertilizer,Supramax,62692,68.49,626.34,154.02,10.92,66.67,65.62
2023-10-25,Russia,Chennai,Wheat,Panamax,89108,73.72,626.34,154.02,10.92,66.67,65.62
2023-10-26,Brazil,Paradip,Bauxite,Handysize,60868,79.23,790.88,166.84,57.4,54.5,47.41
2023-10-26,South Africa,Visakhapatnam,Iron Ore,Capesize,30372,88.84,790.88,166.84,57.4,54.5,47.41
2023-10-26,Russia,Kakinada,Wheat,Panamax,60857,85.72,790.88,166.84,57.4,54.5,47.41
2023-10-26,Australia,Kakinada,Fertilizer,Handysize,55561,73.42,790.88,166.84,57.4,54.5,47.41
2023-10-26,South Africa,Krishnapatnam,Coal,Supramax,57693,82.9,790.88,166.84,57.4,54.5,47.41
2023-10-26,Australia,Chennai,Bauxite,Supramax,86861,80.83,790.88,166.84,57.4,54.5,47.41
2023-10-26,Indonesia,Visakhapatnam,Bauxite,Handysize,70840,81.63,790.88,166.84,57.4,54.5,47.41
2023-10-26,South Africa,Paradip,Wheat,Panamax,104716,80.19,790.88,166.84,57.4,54.5,47.41
2023-10-27,Russia,Paradip,Coal,Capesize,34847,69.72,569.86,77.7,15.57,45.24,96.57
2023-10-27,Australia,Kakinada,Iron Ore,Handymax,60955,60.32,569.86,77.7,15.57,45.24,96.57
2023-10-27,Australia,Visakhapatnam,Fertilizer,Supramax,101163,56.43,569.86,77.7,15.57,45.24,96.57
2023-10-27,Russia,Visakhapatnam,Fertilizer,Panamax,71119,59.76,569.86,77.7,15.57,45.24,96.57
2023-10-27,Brazil,Kakinada,Iron Ore,Panamax,78397,63.44,569.86,77.7,15.57,45.24,96.57
2023-10-27,Russia,Kakinada,Iron Ore,Supramax,70998,64.45,569.86,77.7,15.57,45.24,96.57
2023-10-27,Australia,Krishnapatnam,Fertilizer,Handymax,118452,55.51,569.86,77.7,15.57,45.24,96.57
2023-10-27,Australia,Paradip,Iron Ore,Handymax,53585,58.75,569.86,77.7,15.57,45.24,96.57
2023-10-28,Russia,Chennai,Coal,Supramax,94796,72.01,620.33,148.17,28.3,73.19,57.96
2023-10-28,Indonesia,Krishnapatnam,Wheat,Capesize,62817,81.79,620.33,148.17,28.3,73.19,57.96
2023-10-28,Brazil,Chennai,Iron Ore,Handysize,60144,66.04,620.33,148.17,28.3,73.19,57.96
2023-10-28,Russia,Krishnapatnam,Fertilizer,Handysize,81717,66.41,620.33,148.17,28.3,73.19,57.96
2023-10-28,Indonesia,Visakhapatnam,Bauxite,Panamax,119810,76.7,620.33,148.17,28.3,73.19,57.96
2023-10-28,Brazil,Visakhapatnam,Iron Ore,Capesize,48634,89.76,620.33,148.17,28.3,73.19,57.96
2023-10-28,South Africa,Kakinada,Bauxite,Handymax,86103,76.68,620.33,148.17,28.3,73.19,57.96
2023-10-28,Australia,Kakinada,Coal,Supramax,69047,75.54,620.33,148.17,28.3,73.19,57.96
2023-10-29,Brazil,Kakinada,Fertilizer,Capesize,114483,78.67,612.04,159.72,39.87,73.01,74.54
2023-10-29,South Africa,Kakinada,Fertilizer,Handysize,47491,68.28,612.04,159.72,39.87,73.01,74.54
2023-10-29,Australia,Kakinada,Coal,Handymax,71481,76.32,612.04,159.72,39.87,73.01,74.54
2023-10-29,Australia,Chennai,Fertilizer,Supramax,37637,72.33,612.04,159.72,39.87,73.01,74.54
2023-10-29,Indonesia,Krishnapatnam,Bauxite,Panamax,32190,80.51,612.04,159.72,39.87,73.01,74.54
2023-10-29,Indonesia,Kakinada,Coal,Supramax,25432,74.91,612.04,159.72,39.87,73.01,74.54
2023-10-29,South Africa,Paradip,Fertilizer,Capesize,102593,83.94,612.04,159.72,39.87,73.01,74.54
2023-10-29,Brazil,Visakhapatnam,Bauxite,Handysize,118743,74.19,612.04,159.72,39.87,73.01,74.54
2023-10-30,Indonesia,Chennai,Iron Ore,Panamax,66586,87.04,767.54,148.07,26.69,100.0,64.14
2023-10-30,South Africa,Krishnapatnam,Bauxite,Handysize,91677,79.28,767.54,148.07,26.69,100.0,64.14
2023-10-30,South Africa,Kakinada,Wheat,Panamax,85560,82.04,767.54,148.07,26.69,100.0,64.14
2023-10-30,South Africa,Krishnapatnam,Coal,Capesize,60443,89.8,767.54,148.07,26.69,100.0,64.14
2023-10-30,South Africa,Kakinada,Iron Ore,Handymax,88008,81.56,767.54,148.07,26.69,100.0,64.14
2023-10-30,South Africa,Krishnapatnam,Coal,Supramax,54980,81.04,767.54,148.07,26.69,100.0,64.14
2023-10-30,Russia,Chennai,Fertilizer,Panamax,49602,79.19,767.54,148.07,26.69,100.0,64.14
2023-10-30,Brazil,Visakhapatnam,Bauxite,Supramax,37469,83.96,767.54,148.07,26.69,100.0,64.14
2023-10-31,Australia,Chennai,Fertilizer,Supramax,64838,82.8,785.99,167.27,43.81,68.89,58.55
2023-10-31,Australia,Chennai,Wheat,Handymax,83232,78.58,785.99,167.27,43.81,68.89,58.55
2023-10-31,Indonesia,Visakhapatnam,Wheat,Handysize,62124,77.0,785.99,167.27,43.81,68.89,58.55
2023-10-31,Indonesia,Paradip,Bauxite,Supramax,71632,84.36,785.99,167.27,43.81,68.89,58.55
2023-10-31,Brazil,Kakinada,Wheat,Handymax,21320,77.1,785.99,167.27,43.81,68.89,58.55
2023-10-31,South Africa,Kakinada,Wheat,Capesize,86704,88.8,785.99,167.27,43.81,68.89,58.55
2023-10-31,Indonesia,Krishnapatnam,Coal,Supramax,64153,82.66,785.99,167.27,43.81,68.89,58.55
2023-10-31,Indonesia,Paradip,Fertilizer,Capesize,108444,90.03,785.99,167.27,43.81,68.89,58.55
2023-11-01,Russia,Krishnapatnam,Wheat,Handymax,23574,66.39,770.91,81.79,29.9,64.62,33.26
2023-11-01,Australia,Chennai,Coal,Capesize,69711,87.04,770.91,81.79,29.9,64.62,33.26
2023-11-01,South Africa,Chennai,Wheat,Panamax,79507,78.18,770.91,81.79,29.9,64.62,33.26
2023-11-01,Indonesia,Visakhapatnam,Bauxite,Capesize,67219,84.52,770.91,81.79,29.9,64.62,33.26
2023-11-01,Brazil,Kakinada,Coal,Capesize,36375,82.1,770.91,81.79,29.9,64.62,33.26
2023-11-01,Indonesia,Kakinada,Iron Ore,Capesize,91531,85.55,770.91,81.79,29.9,64.62,33.26
2023-11-01,South Africa,Paradip,Fertilizer,Handymax,54510,71.14,770.91,81.79,29.9,64.62,33.26
2023-11-01,Brazil,Kakinada,Wheat,Handysize,43267,66.13,770.91,81.79,29.9,64.62,33.26
2023-11-02,Brazil,Paradip,Bauxite,Supramax,104075,72.23,627.36,90.41,40.3,41.71,55.09
2023-11-02,Australia,Kakinada,Wheat,Panamax,105535,71.8,627.36,90.41,40.3,41.71,55.09
2023-11-02,Russia,Visakhapatnam,Coal,Supramax,29136,72.89,627.36,90.41,40.3,41.71,55.09
2023-11-02,South Africa,Chennai,Bauxite,Handysize,91728,68.06,627.36,90.41,40.3,41.71,55.09
2023-11-02,Russia,Visakhapatnam,Bauxite,Handymax,41258,68.66,627.36,90.41,40.3,41.71,55.09
2023-11-02,South Africa,Visakhapatnam,Wheat,Handysize,60426,67.05,627.36,90.41,40.3,41.71,55.09
2023-11-02,South Africa,Kakinada,Coal,Supramax,70500,67.28,627.36,90.41,40.3,41.71,55.09
2023-11-02,Australia,Chennai,Iron Ore,Handysize,44690,67.15,627.36,90.41,40.3,41.71,55.09
2023-11-03,Indonesia,Paradip,Fertilizer,Panamax,70728,79.07,824.35,80.66,43.83,59.77,52.8
2023-11-03,Brazil,Krishnapatnam,Bauxite,Capesize,80466,83.64,824.35,80.66,43.83,59.77,52.8
2023-11-03,Russia,Kakinada,Iron Ore,Handysize,87160,74.69,824.35,80.66,43.83,59.77,52.8
2023-11-03,Russia,Visakhapatnam,Iron Ore,Capesize,33654,86.42,824.35,80.66,43.83,59.77,52.8
2023-11-03,South Africa,Chennai,Bauxite,Handymax,100565,77.88,824.35,80.66,43.83,59.77,52.8
2023-11-03,Brazil,Kakinada,Coal,Handymax,49418,72.47,824.35,80.66,43.83,59.77,52.8
2023-11-03,Indonesia,Kakinada,Coal,Panamax,101393,84.37,824.35,80.66,43.83,59.77,52.8
2023-11-03,South Africa,Krishnapatnam,Fertilizer,Handymax,37404,71.54,824.35,80.66,43.83,59.77,52.8
2023-11-04,Brazil,Kakinada,Bauxite,Supramax,117576,80.1,676.18,141.36,41.65,70.96,56.84
2023-11-04,Brazil,Visakhapatnam,Wheat,Supramax,45992,74.07,676.18,141.36,41.65,70.96,56.84
2023-11-04,Russia,Paradip,Iron Ore,Handymax,84366,76.23,676.18,141.36,41.65,70.96,56.84
2023-11-04,Indonesia,Krishnapatnam,Iron Ore,Handymax,110382,78.67,676.18,141.36,41.65,70.96,56.84
2023-11-04,South Africa,Krishnapatnam,Bauxite,Capesize,64590,88.24,676.18,141.36,41.65,70.96,56.84
2023-11-04,Russia,Visakhapatnam,Coal,Capesize,50929,84.32,676.18,141.36,41.65,70.96,56.84
2023-11-04,Brazil,Krishnapatnam,Fertilizer,Handymax,32420,74.47,676.18,141.36,41.65,70.96,56.84
2023-11-04,Indonesia,Chennai,Fertilizer,Handymax,45346,76.48,676.18,141.36,41.65,70.96,56.84
2023-11-05,Australia,Paradip,Wheat,Capesize,69600,79.63,611.55,145.22,47.25,74.77,72.37
2023-11-05,South Africa,Kakinada,Bauxite,Panamax,110452,87.47,611.55,145.22,47.25,74.77,72.37
2023-11-05,Australia,Krishnapatnam,Bauxite,Panamax,94684,80.13,611.55,145.22,47.25,74.77,72.37
2023-11-05,Russia,Chennai,Wheat,Panamax,101365,80.48,611.55,145.22,47.25,74.77,72.37
2023-11-05,Australia,Krishnapatnam,Coal,Supramax,43440,77.82,611.55,145.22,47.25,74.77,72.37
2023-11-05,South Africa,Paradip,Iron Ore,Panamax,43233,81.97,611.55,145.22,47.25,74.77,72.37
2023-11-05,Indonesia,Krishnapatnam,Coal,Supramax,92158,79.73,611.55,145.22,47.25,74.77,72.37
2023-11-05,Brazil,Visakhapatnam,Fertilizer,Handysize,81351,71.59,611.55,145.22,47.25,74.77,72.37
2023-11-06,Indonesia,Kakinada,Bauxite,Panamax,21069,85.09,803.59,110.21,53.9,81.92,34.9
2023-11-06,South Africa,Chennai,Coal,Handymax,38540,81.06,803.59,110.21,53.9,81.92,34.9
2023-11-06,Australia,Chennai,Iron Ore,Handymax,97233,87.41,803.59,110.21,53.9,81.92,34.9
2023-11-06,Australia,Krishnapatnam,Iron Ore,Handymax,36744,77.87,803.59,110.21,53.9,81.92,34.9
2023-11-06,Indonesia,Visakhapatnam,Fertilizer,Supramax,33894,80.86,803.59,110.21,53.9,81.92,34.9
2023-11-06,Australia,Chennai,Fertilizer,Capesize,101646,87.68,803.59,110.21,53.9,81.92,34.9
2023-11-06,Brazil,Paradip,Bauxite,Supramax,59313,83.62,803.59,110.21,53.9,81.92,34.9
2023-11-06,South Africa,Visakhapatnam,Bauxite,Panamax,116784,88.26,803.59,110.21,53.9,81.92,34.9
2023-11-07,Brazil,Krishnapatnam,Iron Ore,Supramax,42875,76.14,515.96,119.81,49.43,84.13,77.24
2023-11-07,Australia,Chennai,Bauxite,Capesize,29909,79.97,515.96,119.81,49.43,84.13,77.24
2023-11-07,Russia,Chennai,Wheat,Capesize,68544,79.16,515.96,119.81,49.43,84.13,77.24
2023-11-07,Russia,Krishnapatnam,Wheat,Panamax,47678,71.48,515.96,119.81,49.43,84.13,77.24
2023-11-07,Brazil,Chennai,Fertilizer,Capesize,31246,77.44,515.96,119.81,49.43,84.13,77.24
2023-11-07,South Africa,Visakhapatnam,Wheat,Handymax,107099,69.19,515.96,119.81,49.43,84.13,77.24
2023-11-07,Russia,Kakinada,Coal,Panamax,90072,77.06,515.96,119.81,49.43,84.13,77.24
2023-11-07,Brazil,Visakhapatnam,Wheat,Capesize,100192,82.43,515.96,119.81,49.43,84.13,77.24
2023-11-08,Russia,Krishnapatnam,Iron Ore,Capesize,47215,91.81,768.94,153.29,77.75,86.67,67.87
2023-11-08,Australia,Chennai,Bauxite,Capesize,98157,94.25,768.94,153.29,77.75,86.67,67.87
2023-11-08,South Africa,Chennai,Fertilizer,Panamax,21753,87.23,768.94,153.29,77.75,86.67,67.87
2023-11-08,Indonesia,Visakhapatnam,Wheat,Handysize,61733,76.05,768.94,153.29,77.75,86.67,67.87
2023-11-08,South Africa,Visakhapatnam,Iron Ore,Handymax,73787,87.02,768.94,153.29,77.75,86.67,67.87
2023-11-08,Indonesia,Visakhapatnam,Bauxite,Handymax,68302,82.31,768.94,153.29,77.75,86.67,67.87
2023-11-08,Indonesia,Chennai,Fertilizer,Handysize,118598,81.28,768.94,153.29,77.75,86.67,67.87
2023-11-08,Indonesia,Paradip,Wheat,Handymax,71341,81.66,768.94,153.29,77.75,86.67,67.87
2023-11-09,Brazil,Paradip,Iron Ore,Handymax,74641,79.81,826.46,108.09,46.94,62.51,54.8
2023-11-09,Indonesia,Visakhapatnam,Coal,Capesize,28988,82.33,826.46,108.09,46.94,62.51,54.8
2023-11-09,Indonesia,Krishnapatnam,Coal,Supramax,26103,80.69,826.46,108.09,46.94,62.51,54.8
2023-11-09,Russia,Krishnapatnam,Wheat,Capesize,46825,82.8,826.46,108.09,46.94,62.51,54.8
2023-11-09,Russia,Paradip,Coal,Handysize,21085,75.84,826.46,108.09,46.94,62.51,54.8
2023-11-09,Indonesia,Visakhapatnam,Fertilizer,Handymax,23582,78.99,826.46,108.09,46.94,62.51,54.8
2023-11-09,Brazil,Kakinada,Bauxite,Capesize,55171,85.08,826.46,108.09,46.94,62.51,54.8
2023-11-09,Brazil,Paradip,Wheat,Handymax,81739,74.82,826.46,108.09,46.94,62.51,54.8
2023-11-10,Australia,Paradip,Bauxite,Capesize,84649,77.41,689.5,79.35,31.24,62.26,73.55
2023-11-10,Russia,Kakinada,Wheat,Handysize,41661,62.69,689.5,79.35,31.24,62.26,73.55
2023-11-10,Australia,Chennai,Wheat,Panamax,67429,72.28,689.5,79.35,31.24,62.26,73.55
2023-11-10,Indonesia,Paradip,Bauxite,Capesize,23728,77.01,689.5,79.35,31.24,62.26,73.55
2023-11-10,Australia,Kakinada,Fertilizer,Capesize,86130,76.2,689.5,79.35,31.24,62.26,73.55
2023-11-10,Russia,Visakhapatnam,Fertilizer,Capesize,26089,71.38,689.5,79.35,31.24,62.26,73.55
2023-11-10,Brazil,Paradip,Coal,Panamax,50209,73.27,689.5,79.35,31.24,62.26,73.55
2023-11-10,Brazil,Krishnapatnam,Iron Ore,Supramax,101266,73.1,689.5,79.35,31.24,62.26,73.55
2023-11-11,South Africa,Chennai,Iron Ore,Capesize,114688,84.3,718.97,115.97,40.42,52.81,99.42
2023-11-11,Brazil,Krishnapatnam,Coal,Panamax,88669,75.88,718.97,115.97,40.42,52.81,99.42
2023-11-11,Brazil,Chennai,Fertilizer,Handysize,52699,64.11,718.97,115.97,40.42,52.81,99.42
2023-11-11,Indonesia,Chennai,Bauxite,Panamax,42555,77.48,718.97,115.97,40.42,52.81,99.42
2023-11-11,Indonesia,Paradip,Bauxite,Supramax,63968,73.73,718.97,115.97,40.42,52.81,99.42
2023-11-11,Brazil,Kakinada,Fertilizer,Capesize,106314,79.22,718.97,115.97,40.42,52.81,99.42
2023-11-11,Australia,Kakinada,Coal,Capesize,26331,81.33,718.97,115.97,40.42,52.81,99.42
2023-11-11,Russia,Chennai,Wheat,Supramax,108918,70.37,718.97,115.97,40.42,52.81,99.42
2023-11-12,South Africa,Chennai,Coal,Capesize,22808,85.57,742.35,140.52,28.41,64.24,80.66
2023-11-12,Indonesia,Krishnapatnam,Fertilizer,Capesize,119219,80.06,742.35,140.52,28.41,64.24,80.66
2023-11-12,Indonesia,Kakinada,Wheat,Handymax,71714,68.44,742.35,140.52,28.41,64.24,80.66
2023-11-12,Australia,Chennai,Bauxite,Handymax,84736,73.79,742.35,140.52,28.41,64.24,80.66
2023-11-12,Russia,Kakinada,Wheat,Supramax,91982,77.6,742.35,140.52,28.41,64.24,80.66
2023-11-12,South Africa,Paradip,Wheat,Handymax,89076,71.78,742.35,140.52,28.41,64.24,80.66
2023-11-12,Russia,Paradip,Bauxite,Handysize,111483,70.95,742.35,140.52,28.41,64.24,80.66
2023-11-12,Australia,Kakinada,Bauxite,Capesize,82473,83.18,742.35,140.52,28.41,64.24,80.66
2023-11-13,Russia,Chennai,Fertilizer,Handymax,80750,74.38,540.01,165.88,52.79,60.24,56.6
2023-11-13,Brazil,Paradip,Wheat,Handymax,101583,69.82,540.01,165.88,52.79,60.24,56.6
2023-11-13,Indonesia,Krishnapatnam,Iron Ore,Panamax,51886,83.37,540.01,165.88,52.79,60.24,56.6
2023-11-13,Brazil,Chennai,Fertilizer,Capesize,105717,84.74,540.01,165.88,52.79,60.24,56.6
2023-11-13,South Africa,Chennai,Iron Ore,Handymax,30769,76.72,540.01,165.88,52.79,60.24,56.6
2023-11-13,Australia,Krishnapatnam,Fertilizer,Panamax,50688,77.46,540.01,165.88,52.79,60.24,56.6
2023-11-13,Brazil,Chennai,Coal,Handymax,38254,71.64,540.01,165.88,52.79,60.24,56.6
2023-11-13,Brazil,Paradip,Coal,Handysize,111380,73.51,540.01,165.88,52.79,60.24,56.6
2023-11-14,Russia,Chennai,Bauxite,Capesize,57869,79.78,613.3,128.42,27.49,80.75,85.9
2023-11-14,Brazil,Kakinada,Bauxite,Handysize,26073,66.95,613.3,128.42,27.49,80.75,85.9
2023-11-14,Indonesia,Krishnapatnam,Wheat,Handymax,50773,69.21,613.3,128.42,27.49,80.75,85.9
2023-11-14,Brazil,Chennai,Wheat,Handysize,91791,69.23,613.3,128.42,27.49,80.75,85.9
2023-11-14,Brazil,Paradip,Coal,Capesize,71581,78.5,613.3,128.42,27.49,80.75,85.9
2023-11-14,Brazil,Chennai,Coal,Panamax,51574,79.91,613.3,128.42,27.49,80.75,85.9
2023-11-14,Russia,Krishnapatnam,Bauxite,Supramax,40325,70.78,613.3,128.42,27.49,80.75,85.9
2023-11-14,Brazil,Chennai,Wheat,Panamax,27591,76.51,613.3,128.42,27.49,80.75,85.9
2023-11-15,South Africa,Kakinada,Wheat,Supramax,57077,67.16,634.7,155.11,17.01,56.1,85.94
2023-11-15,Brazil,Krishnapatnam,Bauxite,Panamax,106371,80.1,634.7,155.11,17.01,56.1,85.94
2023-11-15,Australia,Krishnapatnam,Wheat,Supramax,22251,68.1,634.7,155.11,17.01,56.1,85.94
2023-11-15,South Africa,Chennai,Wheat,Handysize,55885,67.96,634.7,155.11,17.01,56.1,85.94
2023-11-15,Russia,Kakinada,Fertilizer,Handysize,21902,66.73,634.7,155.11,17.01,56.1,85.94
2023-11-15,Indonesia,Krishnapatnam,Fertilizer,Capesize,60972,80.31,634.7,155.11,17.01,56.1,85.94
2023-11-15,Australia,Paradip,Bauxite,Handymax,62337,67.22,634.7,155.11,17.01,56.1,85.94
2023-11-15,Brazil,Paradip,Wheat,Capesize,23846,80.12,634.7,155.11,17.01,56.1,85.94
2023-11-16,Brazil,Paradip,Wheat,Handysize,117354,66.57,523.64,94.64,45.29,67.17,65.15
2023-11-16,Russia,Paradip,Iron Ore,Handymax,108017,71.28,523.64,94.64,45.29,67.17,65.15
2023-11-16,Brazil,Paradip,Iron Ore,Panamax,82239,76.32,523.64,94.64,45.29,67.17,65.15
2023-11-16,Russia,Krishnapatnam,Wheat,Supramax,33018,67.33,523.64,94.64,45.29,67.17,65.15
2023-11-16,Brazil,Visakhapatnam,Coal,Supramax,111237,70.75,523.64,94.64,45.29,67.17,65.15
2023-11-16,Australia,Paradip,Wheat,Supramax,114977,65.34,523.64,94.64,45.29,67.17,65.15
2023-11-16,South Africa,Kakinada,Coal,Handymax,30114,67.69,523.64,94.64,45.29,67.17,65.15
2023-11-16,Indonesia,Paradip,Fertilizer,Supramax,103845,73.93,523.64,94.64,45.29,67.17,65.15
2023-11-17,Brazil,Kakinada,Iron Ore,Handymax,104886,83.34,804.62,155.09,70.13,64.59,66.13
2023-11-17,Russia,Kakinada,Bauxite,Handysize,40002,81.85,804.62,155.09,70.13,64.59,66.13
2023-11-17,Russia,Krishnapatnam,Wheat,Panamax,61983,89.6,804.62,155.09,70.13,64.59,66.13
2023-11-17,Brazil,Chennai,Iron Ore,Panamax,35535,90.52,804.62,155.09,70.13,64.59,66.13
2023-11-17,Brazil,Visakhapatnam,Fertilizer,Handymax,25207,79.62,804.62,155.09,70.13,64.59,66.13
2023-11-17,Australia,Chennai,Fertilizer,Capesize,66815,91.16,804.62,155.09,70.13,64.59,66.13
2023-11-17,Russia,Krishnapatnam,Fertilizer,Handymax,119159,80.06,804.62,155.09,70.13,64.59,66.13
2023-11-17,Indonesia,Paradip,Iron Ore,Handysize,70054,79.88,804.62,155.09,70.13,64.59,66.13
2023-11-18,South Africa,Visakhapatnam,Coal,Supramax,61835,83.57,808.98,84.49,47.67,93.48,34.68
2023-11-18,Indonesia,Visakhapatnam,Bauxite,Handysize,61341,80.49,808.98,84.49,47.67,93.48,34.68
2023-11-18,Russia,Krishnapatnam,Iron Ore,Supramax,31971,79.67,808.98,84.49,47.67,93.48,34.68
2023-11-18,Australia,Chennai,Iron Ore,Handymax,57410,79.81,808.98,84.49,47.67,93.48,34.68
2023-11-18,Australia,Paradip,Iron Ore,Supramax,50825,86.86,808.98,84.49,47.67,93.48,34.68
2023-11-18,South Africa,Visakhapatnam,Wheat,Handymax,38913,79.32,808.98,84.49,47.67,93.48,34.68
2023-11-18,Russia,Chennai,Coal,Handysize,103247,80.76,808.98,84.49,47.67,93.48,34.68
2023-11-18,Indonesia,Visakhapatnam,Bauxite,Handysize,47470,79.7,808.98,84.49,47.67,93.48,34.68
2023-11-19,Russia,Chennai,Fertilizer,Handymax,68106,78.86,726.54,114.85,43.96,92.96,31.02
2023-11-19,Russia,Paradip,Coal,Supramax,37111,81.28,726.54,114.85,43.96,92.96,31.02
2023-11-19,Russia,Visakhapatnam,Coal,Supramax,47924,81.98,726.54,114.85,43.96,92.96,31.02
2023-11-19,Indonesia,Paradip,Coal,Handymax,97391,77.23,726.54,114.85,43.96,92.96,31.02
2023-11-19,South Africa,Krishnapatnam,Fertilizer,Handysize,86988,77.88,726.54,114.85,43.96,92.96,31.02
2023-11-19,Australia,Chennai,Fertilizer,Handymax,38639,78.87,726.54,114.85,43.96,92.96,31.02
2023-11-19,Indonesia,Krishnapatnam,Iron Ore,Supramax,92082,88.45,726.54,114.85,43.96,92.96,31.02
2023-11-19,Russia,Krishnapatnam,Bauxite,Capesize,46447,87.41,726.54,114.85,43.96,92.96,31.02
2023-11-20,Australia,Chennai,Bauxite,Supramax,90655,78.46,640.43,157.06,24.15,59.69,65.63
2023-11-20,Indonesia,Krishnapatnam,Iron Ore,Panamax,55081,79.32,640.43,157.06,24.15,59.69,65.63
2023-11-20,Indonesia,Chennai,Bauxite,Panamax,63069,80.07,640.43,157.06,24.15,59.69,65.63
2023-11-20,Indonesia,Chennai,Fertilizer,Panamax,45165,76.6,640.43,157.06,24.15,59.69,65.63
2023-11-20,Russia,Kakinada,Wheat,Supramax,40319,68.35,640.43,157.06,24.15,59.69,65.63
2023-11-20,Brazil,Visakhapatnam,Wheat,Handymax,106348,73.65,640.43,157.06,24.15,59.69,65.63
2023-11-20,Australia,Krishnapatnam,Bauxite,Capesize,56786,79.97,640.43,157.06,24.15,59.69,65.63
2023-11-20,Russia,Chennai,Coal,Handymax,82703,78.05,640.43,157.06,24.15,59.69,65.63
2023-11-21,Russia,Paradip,Bauxite,Handysize,109928,69.12,779.73,104.65,45.28,59.68,69.28
2023-11-21,Australia,Chennai,Iron Ore,Panamax,76776,85.17,779.73,104.65,45.28,59.68,69.28
2023-11-21,Brazil,Kakinada,Wheat,Handymax,86199,74.75,779.73,104.65,45.28,59.68,69.28
2023-11-21,Australia,Krishnapatnam,Fertilizer,Handysize,66002,69.58,779.73,104.65,45.28,59.68,69.28
2023-11-21,Brazil,Chennai,Bauxite,Handymax,81775,72.79,779.73,104.65,45.28,59.68,69.28
2023-11-21,South Africa,Visakhapatnam,Coal,Handymax,77602,73.84,779.73,104.65,45.28,59.68,69.28
2023-11-21,Russia,Visakhapatnam,Iron Ore,Supramax,101550,78.11,779.73,104.65,45.28,59.68,69.28
2023-11-21,Australia,Chennai,Coal,Supramax,117435,77.22,779.73,104.65,45.28,59.68,69.28
2023-11-22,South Africa,Paradip,Fertilizer,Handysize,59720,72.82,742.11,84.02,54.17,66.0,64.6
2023-11-22,Russia,Chennai,Bauxite,Handymax,74457,71.81,742.11,84.02,54.17,66.0,64.6
2023-11-22,Indonesia,Visakhapatnam,Bauxite,Handysize,56258,72.32,742.11,84.02,54.17,66.0,64.6
2023-11-22,South Africa,Paradip,Coal,Supramax,107832,76.5,742.11,84.02,54.17,66.0,64.6
2023-11-22,Brazil,Paradip,Fertilizer,Handymax,33936,71.61,742.11,84.02,54.17,66.0,64.6
2023-11-22,Australia,Chennai,Coal,Panamax,39112,77.63,742.11,84.02,54.17,66.0,64.6
2023-11-22,Indonesia,Visakhapatnam,Coal,Handysize,70100,74.4,742.11,84.02,54.17,66.0,64.6
2023-11-22,Indonesia,Paradip,Wheat,Handysize,77326,70.72,742.11,84.02,54.17,66.0,64.6
2023-11-23,Australia,Paradip,Wheat,Supramax,113786,76.84,624.36,111.32,42.54,66.64,59.18
2023-11-23,Brazil,Kakinada,Coal,Handysize,103227,71.7,624.36,111.32,42.54,66.64,59.18
2023-11-23,Russia,Paradip,Coal,Handymax,87986,73.77,624.36,111.32,42.54,66.64,59.18
2023-11-23,Australia,Krishnapatnam,Wheat,Handymax,96519,70.4,624.36,111.32,42.54,66.64,59.18
2023-11-23,Australia,Kakinada,Coal,Handymax,97294,72.22,624.36,111.32,42.54,66.64,59.18
2023-11-23,Indonesia,Paradip,Fertilizer,Panamax,30040,75.76,624.36,111.32,42.54,66.64,59.18
2023-11-23,Australia,Visakhapatnam,Bauxite,Handymax,60363,69.39,624.36,111.32,42.54,66.64,59.18
2023-11-23,Russia,Visakhapatnam,Wheat,Supramax,42593,71.7,624.36,111.32,42.54,66.64,59.18
2023-11-24,Brazil,Krishnapatnam,Wheat,Handymax,44671,69.92,682.79,109.43,24.17,70.04,42.96
2023-11-24,South Africa,Kakinada,Coal,Handymax,31850,74.65,682.79,109.43,24.17,70.04,42.96
2023-11-24,Indonesia,Chennai,Coal,Handymax,44718,70.1,682.79,109.43,24.17,70.04,42.96
2023-11-24,South Africa,Paradip,Iron Ore,Capesize,47655,81.83,682.79,109.43,24.17,70.04,42.96
2023-11-24,South Africa,Kakinada,Fertilizer,Handysize,41553,71.27,682.79,109.43,24.17,70.04,42.96
2023-11-24,Australia,Visakhapatnam,Bauxite,Panamax,58795,78.28,682.79,109.43,24.17,70.04,42.96
2023-11-24,Indonesia,Kakinada,Fertilizer,Panamax,43459,76.85,682.79,109.43,24.17,70.04,42.96
2023-11-24,Australia,Kakinada,Bauxite,Handysize,108340,74.69,682.79,109.43,24.17,70.04,42.96
2023-11-25,Brazil,Chennai,Wheat,Capesize,86097,75.54,655.86,83.54,43.86,68.7,97.87
2023-11-25,Australia,Visakhapatnam,Wheat,Panamax,94693,72.57,655.86,83.54,43.86,68.7,97.87
2023-11-25,Russia,Chennai,Bauxite,Handymax,68505,67.12,655.86,83.54,43.86,68.7,97.87
2023-11-25,Russia,Visakhapatnam,Iron Ore,Handysize,34800,64.61,655.86,83.54,43.86,68.7,97.87
2023-11-25,Brazil,Chennai,Fertilizer,Handysize,115335,62.98,655.86,83.54,43.86,68.7,97.87
2023-11-25,Indonesia,Paradip,Coal,Handymax,41500,67.15,655.86,83.54,43.86,68.7,97.87
2023-11-25,Brazil,Visakhapatnam,Wheat,Handymax,59056,62.74,655.86,83.54,43.86,68.7,97.87
2023-11-25,Australia,Visakhapatnam,Wheat,Capesize,71529,76.27,655.86,83.54,43.86,68.7,97.87
2023-11-26,South Africa,Kakinada,Coal,Capesize,29096,81.86,533.06,96.58,33.41,74.28,29.92
2023-11-26,Russia,Krishnapatnam,Bauxite,Capesize,21772,78.61,533.06,96.58,33.41,74.28,29.92
2023-11-26,Australia,Paradip,Wheat,Supramax,27213,69.64,533.06,96.58,33.41,74.28,29.92
2023-11-26,Indonesia,Chennai,Coal,Supramax,43368,74.41,533.06,96.58,33.41,74.28,29.92
2023-11-26,Australia,Paradip,Coal,Panamax,30352,74.04,533.06,96.58,33.41,74.28,29.92
2023-11-26,Indonesia,Kakinada,Coal,Handysize,51419,63.5,533.06,96.58,33.41,74.28,29.92
2023-11-26,South Africa,Krishnapatnam,Iron Ore,Supramax,89776,76.68,533.06,96.58,33.41,74.28,29.92
2023-11-26,South Africa,Chennai,Fertilizer,Handysize,101171,67.74,533.06,96.58,33.41,74.28,29.92
2023-11-27,Brazil,Kakinada,Iron Ore,Handymax,28645,73.07,532.64,103.85,40.72,75.48,67.11
2023-11-27,Australia,Chennai,Wheat,Handysize,113083,65.41,532.64,103.85,40.72,75.48,67.11
2023-11-27,Australia,Kakinada,Bauxite,Capesize,61986,78.8,532.64,103.85,40.72,75.48,67.11
2023-11-27,Russia,Paradip,Fertilizer,Handymax,58082,67.92,532.64,103.85,40.72,75.48,67.11
2023-11-27,South Africa,Krishnapatnam,Coal,Panamax,51516,71.42,532.64,103.85,40.72,75.48,67.11
2023-11-27,Australia,Visakhapatnam,Coal,Panamax,101803,74.84,532.64,103.85,40.72,75.48,67.11
2023-11-27,Australia,Paradip,Iron Ore,Handymax,102245,74.72,532.64,103.85,40.72,75.48,67.11
2023-11-27,Indonesia,Krishnapatnam,Fertilizer,Panamax,64700,78.02,532.64,103.85,40.72,75.48,67.11
2023-11-28,Brazil,Paradip,Iron Ore,Panamax,37793,83.8,801.1,175.87,26.07,20.99,64.01
2023-11-28,Russia,Paradip,Iron Ore,Supramax,29551,79.11,801.1,175.87,26.07,20.99,64.01
2023-11-28,South Africa,Chennai,Coal,Handysize,104097,71.17,801.1,175.87,26.07,20.99,64.01
2023-11-28,South Africa,Visakhapatnam,Wheat,Handymax,71663,73.04,801.1,175.87,26.07,20.99,64.01
2023-11-28,Russia,Visakhapatnam,Iron Ore,Capesize,57336,85.95,801.1,175.87,26.07,20.99,64.01
2023-11-28,Australia,Visakhapatnam,Coal,Capesize,109937,84.87,801.1,175.87,26.07,20.99,64.01
2023-11-28,Australia,Chennai,Wheat,Supramax,31780,68.79,801.1,175.87,26.07,20.99,64.01
2023-11-28,Australia,Visakhapatnam,Fertilizer,Panamax,21929,74.74,801.1,175.87,26.07,20.99,64.01
2023-11-29,South Africa,Visakhapatnam,Wheat,Handysize,90390,71.72,781.93,150.61,15.31,61.3,74.25
2023-11-29,Brazil,Paradip,Wheat,Handysize,69284,71.33,781.93,150.61,15.31,61.3,74.25
2023-11-29,South Africa,Paradip,Iron Ore,Supramax,61524,74.22,781.93,150.61,15.31,61.3,74.25
2023-11-29,Brazil,Chennai,Bauxite,Handysize,42327,71.02,781.93,150.61,15.31,61.3,74.25
2023-11-29,Brazil,Kakinada,Iron Ore,Handysize,89654,75.94,781.93,150.61,15.31,61.3,74.25
2023-11-29,Russia,Kakinada,Bauxite,Capesize,105261,85.37,781.93,150.61,15.31,61.3,74.25
2023-11-29,Brazil,Krishnapatnam,Fertilizer,Panamax,21208,78.23,781.93,150.61,15.31,61.3,74.25
2023-11-29,Brazil,Chennai,Coal,Panamax,46641,81.69,781.93,150.61,15.31,61.3,74.25
2023-11-30,Indonesia,Paradip,Iron Ore,Supramax,32521,80.86,671.46,115.37,40.05,81.37,68.51
2023-11-30,Australia,Paradip,Coal,Capesize,50615,85.26,671.46,115.37,40.05,81.37,68.51
2023-11-30,South Africa,Paradip,Iron Ore,Handymax,91028,74.22,671.46,115.37,40.05,81.37,68.51
2023-11-30,Russia,Kakinada,Wheat,Handysize,23255,69.12,671.46,115.37,40.05,81.37,68.51
2023-11-30,South Africa,Paradip,Coal,Supramax,50497,74.63,671.46,115.37,40.05,81.37,68.51
2023-11-30,South Africa,Kakinada,Iron Ore,Supramax,99925,79.93,671.46,115.37,40.05,81.37,68.51
2023-11-30,Australia,Krishnapatnam,Wheat,Supramax,74689,76.46,671.46,115.37,40.05,81.37,68.51
2023-11-30,Australia,Kakinada,Wheat,Supramax,27034,73.48,671.46,115.37,40.05,81.37,68.51
2023-12-01,Australia,Kakinada,Fertilizer,Handysize,74971,79.24,828.3,103.27,50.52,100.0,61.32
2023-12-01,Brazil,Kakinada,Coal,Supramax,117773,86.56,828.3,103.27,50.52,100.0,61.32
2023-12-01,Australia,Chennai,Wheat,Handymax,30830,79.94,828.3,103.27,50.52,100.0,61.32
2023-12-01,Indonesia,Chennai,Bauxite,Supramax,65652,87.96,828.3,103.27,50.52,100.0,61.32
2023-12-01,South Africa,Visakhapatnam,Coal,Handymax,27509,81.65,828.3,103.27,50.52,100.0,61.32
2023-12-01,South Africa,Chennai,Iron Ore,Handymax,72429,83.65,828.3,103.27,50.52,100.0,61.32
2023-12-01,South Africa,Paradip,Coal,Supramax,61576,87.79,828.3,103.27,50.52,100.0,61.32
2023-12-01,Brazil,Visakhapatnam,Iron Ore,Supramax,70697,87.7,828.3,103.27,50.52,100.0,61.32
2023-12-02,Brazil,Kakinada,Fertilizer,Capesize,84388,80.29,505.62,90.7,39.85,76.7,33.17
2023-12-02,Indonesia,Visakhapatnam,Coal,Handysize,20638,68.87,505.62,90.7,39.85,76.7,33.17
2023-12-02,Australia,Kakinada,Iron Ore,Panamax,68047,81.8,505.62,90.7,39.85,76.7,33.17
2023-12-02,Russia,Visakhapatnam,Iron Ore,Handymax,77304,74.94,505.62,90.7,39.85,76.7,33.17
2023-12-02,South Africa,Chennai,Coal,Supramax,37399,72.09,505.62,90.7,39.85,76.7,33.17
2023-12-02,Indonesia,Paradip,Fertilizer,Handymax,69274,69.9,505.62,90.7,39.85,76.7,33.17
2023-12-02,Australia,Krishnapatnam,Wheat,Supramax,52734,70.91,505.62,90.7,39.85,76.7,33.17
2023-12-02,Brazil,Krishnapatnam,Coal,Handymax,73096,74.24,505.62,90.7,39.85,76.7,33.17
2023-12-03,South Africa,Paradip,Bauxite,Capesize,67918,87.23,699.05,125.16,30.51,67.57,63.87
2023-12-03,Brazil,Visakhapatnam,Fertilizer,Handysize,69831,73.98,699.05,125.16,30.51,67.57,63.87
2023-12-03,Brazil,Krishnapatnam,Bauxite,Panamax,101132,81.47,699.05,125.16,30.51,67.57,63.87
2023-12-03,South Africa,Kakinada,Fertilizer,Capesize,67511,82.02,699.05,125.16,30.51,67.57,63.87
2023-12-03,Australia,Kakinada,Iron Ore,Supramax,102159,84.58,699.05,125.16,30.51,67.57,63.87
2023-12-03,Russia,Chennai,Fertilizer,Handysize,101109,71.91,699.05,125.16,30.51,67.57,63.87
2023-12-03,Australia,Kakinada,Fertilizer,Capesize,66865,83.97,699.05,125.16,30.51,67.57,63.87
2023-12-03,Australia,Visakhapatnam,Fertilizer,Capesize,107787,83.89,699.05,125.16,30.51,67.57,63.87
2023-12-04,Russia,Paradip,Iron Ore,Handymax,96902,72.4,514.48,83.26,29.78,73.68,33.32
2023-12-04,Indonesia,Kakinada,Iron Ore,Capesize,90856,80.46,514.48,83.26,29.78,73.68,33.32
2023-12-04,Russia,Chennai,Wheat,Handysize,61417,64.19,514.48,83.26,29.78,73.68,33.32
2023-12-04,Australia,Chennai,Fertilizer,Panamax,39622,70.75,514.48,83.26,29.78,73.68,33.32
2023-12-04,Russia,Visakhapatnam,Wheat,Panamax,80477,70.55,514.48,83.26,29.78,73.68,33.32
2023-12-04,Indonesia,Chennai,Iron Ore,Handysize,53580,74.18,514.48,83.26,29.78,73.68,33.32
2023-12-04,Russia,Chennai,Coal,Supramax,43952,70.03,514.48,83.26,29.78,73.68,33.32
2023-12-04,Brazil,Krishnapatnam,Coal,Capesize,78204,79.37,514.48,83.26,29.78,73.68,33.32
2023-12-05,Russia,Krishnapatnam,Bauxite,Capesize,22655,75.18,645.81,93.3,38.08,55.18,90.53
2023-12-05,Russia,Chennai,Coal,Capesize,24652,76.18,645.81,93.3,38.08,55.18,90.53
2023-12-05,Australia,Chennai,Wheat,Capesize,45110,77.49,645.81,93.3,38.08,55.18,90.53
2023-12-05,Australia,Visakhapatnam,Wheat,Handysize,20218,63.34,645.81,93.3,38.08,55.18,90.53
2023-12-05,Brazil,Visakhapatnam,Fertilizer,Handymax,45852,65.7,645.81,93.3,38.08,55.18,90.53
2023-12-05,Indonesia,Visakhapatnam,Fertilizer,Handysize,80378,63.97,645.81,93.3,38.08,55.18,90.53
2023-12-05,Russia,Krishnapatnam,Bauxite,Capesize,48247,81.97,645.81,93.3,38.08,55.18,90.53
2023-12-05,Russia,Paradip,Iron Ore,Handysize,27131,69.13,645.81,93.3,38.08,55.18,90.53
2023-12-06,Brazil,Krishnapatnam,Fertilizer,Handysize,91035,73.82,672.79,94.33,44.0,63.99,51.0
2023-12-06,Indonesia,Visakhapatnam,Iron Ore,Capesize,49076,86.7,672.79,94.33,44.0,63.99,51.0
2023-12-06,Indonesia,Chennai,Iron Ore,Panamax,38651,81.97,672.79,94.33,44.0,63.99,51.0
2023-12-06,Indonesia,Chennai,Iron Ore,Capesize,113803,84.52,672.79,94.33,44.0,63.99,51.0
2023-12-06,Indonesia,Visakhapatnam,Fertilizer,Capesize,90509,83.22,672.79,94.33,44.0,63.99,51.0
2023-12-06,South Africa,Krishnapatnam,Bauxite,Supramax,93513,78.47,672.79,94.33,44.0,63.99,51.0
2023-12-06,Indonesia,Paradip,Bauxite,Panamax,88024,83.07,672.79,94.33,44.0,63.99,51.0
2023-12-06,Brazil,Paradip,Wheat,Handymax,32697,69.94,672.79,94.33,44.0,63.99,51.0
2023-12-07,Australia,Krishnapatnam,Coal,Capesize,31440,92.32,745.26,165.56,63.78,68.16,54.5
2023-12-07,Russia,Krishnapatnam,Bauxite,Capesize,21935,90.67,745.26,165.56,63.78,68.16,54.5
2023-12-07,Indonesia,Chennai,Iron Ore,Handymax,119039,90.76,745.26,165.56,63.78,68.16,54.5
2023-12-07,South Africa,Paradip,Wheat,Handysize,56994,81.27,745.26,165.56,63.78,68.16,54.5
2023-12-07,Russia,Krishnapatnam,Iron Ore,Supramax,83253,87.76,745.26,165.56,63.78,68.16,54.5
2023-12-07,Indonesia,Chennai,Coal,Supramax,66125,84.65,745.26,165.56,63.78,68.16,54.5
2023-12-07,Australia,Paradip,Bauxite,Handysize,80941,85.5,745.26,165.56,63.78,68.16,54.5
2023-12-07,Russia,Krishnapatnam,Iron Ore,Handymax,94039,89.39,745.26,165.56,63.78,68.16,54.5
2023-12-08,Indonesia,Visakhapatnam,Iron Ore,Handymax,21084,78.0,557.21,105.57,64.61,68.23,49.26
2023-12-08,Australia,Paradip,Iron Ore,Supramax,107393,81.11,557.21,105.57,64.61,68.23,49.26
2023-12-08,Indonesia,Paradip,Coal,Handysize,32018,71.16,557.21,105.57,64.61,68.23,49.26
2023-12-08,South Africa,Chennai,Iron Ore,Handymax,43178,76.02,557.21,105.57,64.61,68.23,49.26
2023-12-08,Brazil,Krishnapatnam,Coal,Supramax,99698,79.52,557.21,105.57,64.61,68.23,49.26
2023-12-08,Indonesia,Chennai,Iron Ore,Supramax,32636,79.73,557.21,105.57,64.61,68.23,49.26
2023-12-08,Brazil,Chennai,Coal,Handymax,42735,74.21,557.21,105.57,64.61,68.23,49.26
2023-12-08,Brazil,Visakhapatnam,Iron Ore,Handysize,80623,73.2,557.21,105.57,64.61,68.23,49.26
2023-12-09,Russia,Chennai,Bauxite,Capesize,22512,86.86,806.58,97.61,40.34,67.41,36.22
2023-12-09,South Africa,Chennai,Fertilizer,Handysize,68339,79.82,806.58,97.61,40.34,67.41,36.22
2023-12-09,Russia,Visakhapatnam,Wheat,Supramax,31655,80.22,806.58,97.61,40.34,67.41,36.22
2023-12-09,Brazil,Krishnapatnam,Coal,Handysize,26172,75.8,806.58,97.61,40.34,67.41,36.22
2023-12-09,Russia,Visakhapatnam,Bauxite,Capesize,48625,89.52,806.58,97.61,40.34,67.41,36.22
2023-12-09,South Africa,Visakhapatnam,Fertilizer,Supramax,44914,80.83,806.58,97.61,40.34,67.41,36.22
2023-12-09,Australia,Krishnapatnam,Wheat,Supramax,99421,83.53,806.58,97.61,40.34,67.41,36.22
2023-12-09,Russia,Paradip,Bauxite,Capesize,95236,91.77,806.58,97.61,40.34,67.41,36.22
2023-12-10,Brazil,Chennai,Coal,Handysize,87564,78.66,790.54,147.96,33.46,60.68,40.0
2023-12-10,South Africa,Paradip,Bauxite,Capesize,38361,90.33,790.54,147.96,33.46,60.68,40.0
2023-12-10,South Africa,Kakinada,Iron Ore,Handymax,49655,83.49,790.54,147.96,33.46,60.68,40.0
2023-12-10,Indonesia,Paradip,Bauxite,Supramax,67673,84.9,790.54,147.96,33.46,60.68,40.0
2023-12-10,Indonesia,Paradip,Coal,Supramax,94453,83.27,790.54,147.96,33.46,60.68,40.0
2023-12-10,South Africa,Kakinada,Bauxite,Capesize,115830,94.44,790.54,147.96,33.46,60.68,40.0
2023-12-10,Indonesia,Paradip,Fertilizer,Panamax,51734,82.48,790.54,147.96,33.46,60.68,40.0
2023-12-10,Indonesia,Kakinada,Coal,Supramax,45793,86.41,790.54,147.96,33.46,60.68,40.0
2023-12-11,Indonesia,Chennai,Coal,Handymax,63815,78.02,580.26,121.84,47.7,91.0,44.09
2023-12-11,Brazil,Kakinada,Coal,Supramax,66716,82.06,580.26,121.84,47.7,91.0,44.09
2023-12-11,Russia,Kakinada,Coal,Panamax,47649,87.48,580.26,121.84,47.7,91.0,44.09
2023-12-11,Indonesia,Kakinada,Bauxite,Handysize,101165,77.67,580.26,121.84,47.7,91.0,44.09
2023-12-11,Brazil,Chennai,Iron Ore,Handysize,74856,78.35,580.26,121.84,47.7,91.0,44.09
2023-12-11,Indonesia,Chennai,Fertilizer,Handysize,39507,71.96,580.26,121.84,47.7,91.0,44.09
2023-12-11,Indonesia,Krishnapatnam,Coal,Panamax,76325,82.88,580.26,121.84,47.7,91.0,44.09
2023-12-11,Russia,Krishnapatnam,Wheat,Handymax,119591,80.22,580.26,121.84,47.7,91.0,44.09
2023-12-12,Russia,Chennai,Coal,Supramax,88348,76.02,741.25,113.81,49.78,28.26,58.69
2023-12-12,Indonesia,Paradip,Fertilizer,Handysize,25988,67.81,741.25,113.81,49.78,28.26,58.69
2023-12-12,Russia,Visakhapatnam,Fertilizer,Supramax,111861,79.72,741.25,113.81,49.78,28.26,58.69
2023-12-12,Indonesia,Chennai,Iron Ore,Panamax,68260,81.71,741.25,113.81,49.78,28.26,58.69
2023-12-12,Australia,Paradip,Bauxite,Handysize,64493,74.14,741.25,113.81,49.78,28.26,58.69
2023-12-12,Indonesia,Visakhapatnam,Wheat,Handymax,86561,72.1,741.25,113.81,49.78,28.26,58.69
2023-12-12,Brazil,Visakhapatnam,Fertilizer,Panamax,54341,77.2,741.25,113.81,49.78,28.26,58.69
2023-12-12,Brazil,Paradip,Fertilizer,Panamax,72510,79.33,741.25,113.81,49.78,28.26,58.69
2023-12-13,South Africa,Krishnapatnam,Wheat,Capesize,68601,82.62,530.61,82.02,37.89,95.65,41.45
2023-12-13,Indonesia,Visakhapatnam,Coal,Supramax,110636,79.95,530.61,82.02,37.89,95.65,41.45
2023-12-13,Indonesia,Krishnapatnam,Wheat,Supramax,62967,72.92,530.61,82.02,37.89,95.65,41.45
2023-12-13,Russia,Chennai,Wheat,Capesize,53782,78.75,530.61,82.02,37.89,95.65,41.45
2023-12-13,Russia,Paradip,Iron Ore,Handymax,49002,74.95,530.61,82.02,37.89,95.65,41.45
2023-12-13,Brazil,Kakinada,Coal,Handymax,78169,75.86,530.61,82.02,37.89,95.65,41.45
2023-12-13,Brazil,Krishnapatnam,Coal,Panamax,64649,81.23,530.61,82.02,37.89,95.65,41.45
2023-12-13,Australia,Kakinada,Wheat,Handysize,59137,71.82,530.61,82.02,37.89,95.65,41.45
2023-12-14,Russia,Paradip,Fertilizer,Handymax,80047,70.09,635.78,80.02,29.22,64.61,56.14
2023-12-14,Russia,Chennai,Fertilizer,Capesize,71070,80.27,635.78,80.02,29.22,64.61,56.14
2023-12-14,Russia,Kakinada,Coal,Panamax,103517,77.54,635.78,80.02,29.22,64.61,56.14
2023-12-14,Russia,Paradip,Iron Ore,Supramax,68120,77.06,635.78,80.02,29.22,64.61,56.14
2023-12-14,Russia,Visakhapatnam,Wheat,Handysize,83537,64.19,635.78,80.02,29.22,64.61,56.14
2023-12-14,South Africa,Chennai,Fertilizer,Handymax,31552,67.2,635.78,80.02,29.22,64.61,56.14
2023-12-14,Indonesia,Krishnapatnam,Coal,Panamax,67679,76.53,635.78,80.02,29.22,64.61,56.14
2023-12-14,Indonesia,Krishnapatnam,Wheat,Panamax,111133,74.04,635.78,80.02,29.22,64.61,56.14
2023-12-15,Brazil,Visakhapatnam,Iron Ore,Handymax,40734,81.63,646.15,146.57,59.91,70.25,32.9
2023-12-15,Brazil,Paradip,Fertilizer,Handysize,102910,81.63,646.15,146.57,59.91,70.25,32.9
2023-12-15,South Africa,Chennai,Coal,Capesize,68723,91.11,646.15,146.57,59.91,70.25,32.9
2023-12-15,South Africa,Visakhapatnam,Coal,Capesize,46013,90.76,646.15,146.57,59.91,70.25,32.9
2023-12-15,Indonesia,Visakhapatnam,Coal,Panamax,59821,87.92,646.15,146.57,59.91,70.25,32.9
2023-12-15,Russia,Kakinada,Iron Ore,Panamax,31073,85.44,646.15,146.57,59.91,70.25,32.9
2023-12-15,South Africa,Paradip,Iron Ore,Supramax,33829,86.35,646.15,146.57,59.91,70.25,32.9
2023-12-15,Indonesia,Krishnapatnam,Coal,Capesize,118997,92.88,646.15,146.57,59.91,70.25,32.9
2023-12-16,Russia,Chennai,Fertilizer,Handymax,36585,81.46,635.07,150.09,57.38,81.22,53.99
2023-12-16,Russia,Kakinada,Iron Ore,Handymax,68533,85.17,635.07,150.09,57.38,81.22,53.99
2023-12-16,Australia,Krishnapatnam,Iron Ore,Handysize,74476,78.83,635.07,150.09,57.38,81.22,53.99
2023-12-16,Brazil,Paradip,Wheat,Handysize,31004,80.21,635.07,150.09,57.38,81.22,53.99
2023-12-16,Indonesia,Krishnapatnam,Coal,Supramax,45123,81.67,635.07,150.09,57.38,81.22,53.99
2023-12-16,Indonesia,Visakhapatnam,Iron Ore,Supramax,108672,86.06,635.07,150.09,57.38,81.22,53.99
2023-12-16,South Africa,Krishnapatnam,Iron Ore,Handysize,56389,79.83,635.07,150.09,57.38,81.22,53.99
2023-12-16,Australia,Paradip,Fertilizer,Handymax,87733,83.23,635.07,150.09,57.38,81.22,53.99
2023-12-17,Australia,Visakhapatnam,Fertilizer,Capesize,47946,83.23,805.87,112.68,26.6,67.12,75.82
2023-12-17,Indonesia,Paradip,Iron Ore,Panamax,25271,81.36,805.87,112.68,26.6,67.12,75.82
2023-12-17,South Africa,Chennai,Bauxite,Supramax,44935,78.42,805.87,112.68,26.6,67.12,75.82
2023-12-17,Russia,Chennai,Fertilizer,Supramax,48615,74.71,805.87,112.68,26.6,67.12,75.82
2023-12-17,South Africa,Chennai,Iron Ore,Handymax,103698,78.78,805.87,112.68,26.6,67.12,75.82
2023-12-17,Brazil,Kakinada,Coal,Supramax,95993,82.34,805.87,112.68,26.6,67.12,75.82
2023-12-17,Brazil,Krishnapatnam,Fertilizer,Handymax,81465,73.53,805.87,112.68,26.6,67.12,75.82
2023-12-17,South Africa,Visakhapatnam,Fertilizer,Supramax,65939,77.08,805.87,112.68,26.6,67.12,75.82
2023-12-18,Brazil,Kakinada,Wheat,Handymax,29630,66.98,610.72,89.71,27.93,41.64,48.2
2023-12-18,Brazil,Visakhapatnam,Wheat,Panamax,59253,74.53,610.72,89.71,27.93,41.64,48.2
2023-12-18,Brazil,Krishnapatnam,Coal,Supramax,44821,71.28,610.72,89.71,27.93,41.64,48.2
2023-12-18,Russia,Krishnapatnam,Wheat,Panamax,82395,76.99,610.72,89.71,27.93,41.64,48.2
2023-12-18,Russia,Chennai,Fertilizer,Panamax,83089,77.72,610.72,89.71,27.93,41.64,48.2
2023-12-18,Australia,Chennai,Iron Ore,Panamax,46592,72.97,610.72,89.71,27.93,41.64,48.2
2023-12-18,Australia,Visakhapatnam,Iron Ore,Supramax,83589,71.38,610.72,89.71,27.93,41.64,48.2
2023-12-18,South Africa,Paradip,Iron Ore,Capesize,22614,79.8,610.72,89.71,27.93,41.64,48.2
2023-12-19,Indonesia,Paradip,Coal,Supramax,116696,78.06,648.45,104.22,51.83,36.31,61.41
2023-12-19,Indonesia,Krishnapatnam,Bauxite,Supramax,53159,71.98,648.45,104.22,51.83,36.31,61.41
2023-12-19,Russia,Kakinada,Fertilizer,Handymax,97818,71.21,648.45,104.22,51.83,36.31,61.41
2023-12-19,Australia,Visakhapatnam,Wheat,Supramax,76973,70.4,648.45,104.22,51.83,36.31,61.41
2023-12-19,Australia,Visakhapatnam,Coal,Handysize,92417,67.56,648.45,104.22,51.83,36.31,61.41
2023-12-19,South Africa,Krishnapatnam,Coal,Handysize,33229,72.01,648.45,104.22,51.83,36.31,61.41
2023-12-19,Indonesia,Krishnapatnam,Coal,Handysize,21249,67.91,648.45,104.22,51.83,36.31,61.41
2023-12-19,South Africa,Chennai,Wheat,Handysize,82134,67.39,648.45,104.22,51.83,36.31,61.41
2023-12-20,Australia,Chennai,Fertilizer,Supramax,68555,76.99,632.97,160.53,38.67,57.96,89.14
2023-12-20,South Africa,Kakinada,Fertilizer,Supramax,68679,74.31,632.97,160.53,38.67,57.96,89.14
2023-12-20,South Africa,Visakhapatnam,Fertilizer,Capesize,29179,81.56,632.97,160.53,38.67,57.96,89.14
2023-12-20,Brazil,Paradip,Bauxite,Capesize,31766,84.05,632.97,160.53,38.67,57.96,89.14
2023-12-20,Australia,Krishnapatnam,Fertilizer,Supramax,84713,72.62,632.97,160.53,38.67,57.96,89.14
2023-12-20,South Africa,Kakinada,Iron Ore,Supramax,108216,81.88,632.97,160.53,38.67,57.96,89.14
2023-12-20,South Africa,Chennai,Wheat,Capesize,37916,83.97,632.97,160.53,38.67,57.96,89.14
2023-12-20,Australia,Paradip,Coal,Panamax,41283,80.24,632.97,160.53,38.67,57.96,89.14
2023-12-21,Australia,Paradip,Iron Ore,Panamax,84950,76.88,550.94,140.61,31.17,69.63,65.25
2023-12-21,South Africa,Paradip,Fertilizer,Capesize,66741,80.3,550.94,140.61,31.17,69.63,65.25
2023-12-21,Australia,Chennai,Fertilizer,Panamax,85167,70.79,550.94,140.61,31.17,69.63,65.25
2023-12-21,Russia,Krishnapatnam,Coal,Capesize,88446,84.04,550.94,140.61,31.17,69.63,65.25
2023-12-21,Russia,Visakhapatnam,Iron Ore,Handymax,60888,80.72,550.94,140.61,31.17,69.63,65.25
2023-12-21,Brazil,Kakinada,Coal,Panamax,74334,78.31,550.94,140.61,31.17,69.63,65.25
2023-12-21,Indonesia,Kakinada,Wheat,Handymax,20826,70.76,550.94,140.61,31.17,69.63,65.25
2023-12-21,Indonesia,Visakhapatnam,Iron Ore,Panamax,70559,84.36,550.94,140.61,31.17,69.63,65.25
2023-12-22,South Africa,Chennai,Iron Ore,Panamax,75709,87.65,774.83,131.27,58.38,69.82,80.53
2023-12-22,Indonesia,Chennai,Iron Ore,Handymax,76207,85.33,774.83,131.27,58.38,69.82,80.53
2023-12-22,South Africa,Krishnapatnam,Coal,Supramax,100096,80.75,774.83,131.27,58.38,69.82,80.53
2023-12-22,Australia,Visakhapatnam,Coal,Capesize,102189,90.47,774.83,131.27,58.38,69.82,80.53
2023-12-22,South Africa,Kakinada,Fertilizer,Supramax,64494,84.48,774.83,131.27,58.38,69.82,80.53
2023-12-22,Indonesia,Chennai,Coal,Capesize,30556,89.0,774.83,131.27,58.38,69.82,80.53
2023-12-22,Indonesia,Visakhapatnam,Iron Ore,Handysize,75619,78.48,774.83,131.27,58.38,69.82,80.53
2023-12-22,Indonesia,Chennai,Iron Ore,Panamax,98682,86.14,774.83,131.27,58.38,69.82,80.53
2023-12-23,Brazil,Visakhapatnam,Iron Ore,Capesize,69339,91.23,834.48,172.71,32.02,58.48,52.23
2023-12-23,Russia,Krishnapatnam,Coal,Panamax,85633,84.55,834.48,172.71,32.02,58.48,52.23
2023-12-23,Brazil,Krishnapatnam,Fertilizer,Capesize,21132,90.57,834.48,172.71,32.02,58.48,52.23
2023-12-23,South Africa,Paradip,Bauxite,Panamax,117772,89.93,834.48,172.71,32.02,58.48,52.23
2023-12-23,Indonesia,Visakhapatnam,Iron Ore,Supramax,83372,89.44,834.48,172.71,32.02,58.48,52.23
2023-12-23,South Africa,Chennai,Coal,Supramax,27089,83.42,834.48,172.71,32.02,58.48,52.23
2023-12-23,South Africa,Kakinada,Wheat,Supramax,36150,83.84,834.48,172.71,32.02,58.48,52.23
2023-12-23,Russia,Krishnapatnam,Iron Ore,Capesize,48082,92.7,834.48,172.71,32.02,58.48,52.23
2023-12-24,Indonesia,Chennai,Iron Ore,Handysize,38640,79.18,822.74,97.71,45.15,91.01,61.96
2023-12-24,Brazil,Chennai,Bauxite,Handymax,80217,80.45,822.74,97.71,45.15,91.01,61.96
2023-12-24,Russia,Paradip,Wheat,Handysize,64619,76.47,822.74,97.71,45.15,91.01,61.96
2023-12-24,South Africa,Paradip,Iron Ore,Supramax,70321,91.22,822.74,97.71,45.15,91.01,61.96
2023-12-24,Indonesia,Chennai,Fertilizer,Handysize,59530,75.22,822.74,97.71,45.15,91.01,61.96
2023-12-24,Indonesia,Kakinada,Fertilizer,Supramax,111586,87.28,822.74,97.71,45.15,91.01,61.96
2023-12-24,Indonesia,Chennai,Bauxite,Handymax,32777,81.61,822.74,97.71,45.15,91.01,61.96
2023-12-24,Australia,Visakhapatnam,Fertilizer,Handymax,100166,83.99,822.74,97.71,45.15,91.01,61.96
2023-12-25,Australia,Kakinada,Wheat,Handymax,82661,82.17,744.99,162.81,49.69,73.58,59.06
2023-12-25,South Africa,Chennai,Bauxite,Handymax,51301,83.49,744.99,162.81,49.69,73.58,59.06
2023-12-25,Australia,Paradip,Wheat,Handysize,104021,83.09,744.99,162.81,49.69,73.58,59.06
2023-12-25,Brazil,Kakinada,Coal,Capesize,76843,92.41,744.99,162.81,49.69,73.58,59.06
2023-12-25,Brazil,Krishnapatnam,Fertilizer,Handymax,55470,80.91,744.99,162.81,49.69,73.58,59.06
2023-12-25,Brazil,Visakhapatnam,Fertilizer,Supramax,26654,82.9,744.99,162.81,49.69,73.58,59.06
2023-12-25,South Africa,Chennai,Bauxite,Panamax,24225,89.26,744.99,162.81,49.69,73.58,59.06
2023-12-25,South Africa,Visakhapatnam,Bauxite,Panamax,65487,90.78,744.99,162.81,49.69,73.58,59.06
2023-12-26,South Africa,Chennai,Fertilizer,Handysize,71342,80.62,721.7,147.86,55.88,78.5,76.03
2023-12-26,Russia,Chennai,Iron Ore,Handymax,114022,88.89,721.7,147.86,55.88,78.5,76.03
2023-12-26,Australia,Chennai,Wheat,Panamax,55740,86.49,721.7,147.86,55.88,78.5,76.03
2023-12-26,South Africa,Krishnapatnam,Wheat,Panamax,86606,85.93,721.7,147.86,55.88,78.5,76.03
2023-12-26,Indonesia,Visakhapatnam,Coal,Supramax,39513,81.91,721.7,147.86,55.88,78.5,76.03
2023-12-26,Australia,Paradip,Wheat,Handymax,93541,75.88,721.7,147.86,55.88,78.5,76.03
2023-12-26,Australia,Visakhapatnam,Coal,Handysize,46866,77.33,721.7,147.86,55.88,78.5,76.03
2023-12-26,Australia,Paradip,Wheat,Handysize,27408,79.35,721.7,147.86,55.88,78.5,76.03
2023-12-27,South Africa,Visakhapatnam,Coal,Capesize,62523,86.52,580.53,141.14,41.4,70.17,67.94
2023-12-27,Russia,Krishnapatnam,Bauxite,Supramax,113614,79.9,580.53,141.14,41.4,70.17,67.94
2023-12-27,South Africa,Krishnapatnam,Bauxite,Capesize,50539,82.03,580.53,141.14,41.4,70.17,67.94
2023-12-27,Brazil,Kakinada,Wheat,Handymax,107114,72.75,580.53,141.14,41.4,70.17,67.94
2023-12-27,South Africa,Kakinada,Iron Ore,Handymax,117519,79.68,580.53,141.14,41.4,70.17,67.94
2023-12-27,Australia,Visakhapatnam,Iron Ore,Panamax,89626,82.66,580.53,141.14,41.4,70.17,67.94
2023-12-27,South Africa,Paradip,Coal,Panamax,38773,78.09,580.53,141.14,41.4,70.17,67.94
2023-12-27,Indonesia,Chennai,Coal,Handymax,62986,79.03,580.53,141.14,41.4,70.17,67.94
2023-12-28,South Africa,Kakinada,Iron Ore,Panamax,94363,89.35,548.7,177.28,31.67,79.5,58.8
2023-12-28,Indonesia,Krishnapatnam,Wheat,Panamax,103162,82.96,548.7,177.28,31.67,79.5,58.8
2023-12-28,South Africa,Kakinada,Bauxite,Supramax,43039,78.59,548.7,177.28,31.67,79.5,58.8
2023-12-28,Indonesia,Visakhapatnam,Fertilizer,Panamax,44599,83.39,548.7,177.28,31.67,79.5,58.8
2023-12-28,Brazil,Paradip,Iron Ore,Panamax,97090,87.26,548.7,177.28,31.67,79.5,58.8
2023-12-28,Russia,Krishnapatnam,Iron Ore,Panamax,81745,88.77,548.7,177.28,31.67,79.5,58.8
2023-12-28,Indonesia,Paradip,Coal,Supramax,34959,80.71,548.7,177.28,31.67,79.5,58.8
2023-12-28,South Africa,Krishnapatnam,Fertilizer,Supramax,94732,80.41,548.7,177.28,31.67,79.5,58.8
2023-12-29,Indonesia,Krishnapatnam,Coal,Panamax,24447,84.07,833.95,165.07,29.23,55.33,59.23
2023-12-29,Brazil,Visakhapatnam,Fertilizer,Handymax,44718,82.12,833.95,165.07,29.23,55.33,59.23
2023-12-29,Australia,Chennai,Fertilizer,Panamax,35689,89.69,833.95,165.07,29.23,55.33,59.23
2023-12-29,Russia,Visakhapatnam,Coal,Handymax,87891,80.91,833.95,165.07,29.23,55.33,59.23
2023-12-29,Australia,Paradip,Fertilizer,Handymax,109422,83.72,833.95,165.07,29.23,55.33,59.23
2023-12-29,Brazil,Chennai,Fertilizer,Supramax,99317,83.28,833.95,165.07,29.23,55.33,59.23
2023-12-29,Brazil,Paradip,Iron Ore,Capesize,36564,88.24,833.95,165.07,29.23,55.33,59.23
2023-12-29,Brazil,Krishnapatnam,Bauxite,Handymax,72775,76.42,833.95,165.07,29.23,55.33,59.23
2023-12-30,Indonesia,Kakinada,Coal,Panamax,61994,88.85,618.61,164.81,57.51,89.09,59.05
2023-12-30,Russia,Chennai,Fertilizer,Capesize,53756,91.71,618.61,164.81,57.51,89.09,59.05
2023-12-30,Australia,Krishnapatnam,Fertilizer,Capesize,115265,93.59,618.61,164.81,57.51,89.09,59.05
2023-12-30,Russia,Paradip,Iron Ore,Capesize,70603,95.89,618.61,164.81,57.51,89.09,59.05
2023-12-30,Brazil,Paradip,Iron Ore,Capesize,35072,94.92,618.61,164.81,57.51,89.09,59.05
2023-12-30,Australia,Chennai,Iron Ore,Handysize,101823,83.61,618.61,164.81,57.51,89.09,59.05
2023-12-30,South Africa,Krishnapatnam,Fertilizer,Supramax,105504,88.22,618.61,164.81,57.51,89.09,59.05
2023-12-30,Indonesia,Kakinada,Wheat,Capesize,108424,97.99,618.61,164.81,57.51,89.09,59.05
2023-12-31,Brazil,Krishnapatnam,Coal,Panamax,66381,81.82,688.92,110.43,34.27,68.45,62.22
2023-12-31,Australia,Chennai,Bauxite,Capesize,38946,84.71,688.92,110.43,34.27,68.45,62.22
2023-12-31,South Africa,Paradip,Iron Ore,Handymax,44440,77.16,688.92,110.43,34.27,68.45,62.22
2023-12-31,Indonesia,Paradip,Bauxite,Supramax,90185,77.5,688.92,110.43,34.27,68.45,62.22
2023-12-31,Australia,Krishnapatnam,Fertilizer,Supramax,28614,76.28,688.92,110.43,34.27,68.45,62.22
2023-12-31,Brazil,Kakinada,Wheat,Panamax,29615,77.1,688.92,110.43,34.27,68.45,62.22
2023-12-31,Indonesia,Kakinada,Wheat,Handymax,96031,72.2,688.92,110.43,34.27,68.45,62.22
2023-12-31,South Africa,Paradip,Wheat,Panamax,35977,76.82,688.92,110.43,34.27,68.45,62.22
2024-01-01,Australia,Visakhapatnam,Iron Ore,Supramax,103762,75.99,500.62,94.5,33.68,60.5,70.85
2024-01-01,Australia,Visakhapatnam,Bauxite,Panamax,106665,79.32,500.62,94.5,33.68,60.5,70.85
2024-01-01,South Africa,Krishnapatnam,Wheat,Panamax,25870,69.31,500.62,94.5,33.68,60.5,70.85
2024-01-01,South Africa,Paradip,Bauxite,Supramax,56126,71.34,500.62,94.5,33.68,60.5,70.85
2024-01-01,South Africa,Chennai,Fertilizer,Supramax,116500,75.17,500.62,94.5,33.68,60.5,70.85
2024-01-01,Brazil,Paradip,Iron Ore,Capesize,82484,83.94,500.62,94.5,33.68,60.5,70.85
2024-01-01,Brazil,Krishnapatnam,Coal,Capesize,45568,76.46,500.62,94.5,33.68,60.5,70.85
2024-01-01,Brazil,Paradip,Fertilizer,Handymax,79643,66.6,500.62,94.5,33.68,60.5,70.85
2024-01-02,Russia,Visakhapatnam,Wheat,Supramax,78812,83.66,770.99,137.08,52.67,71.4,37.71
2024-01-02,South Africa,Visakhapatnam,Coal,Handymax,78418,84.75,770.99,137.08,52.67,71.4,37.71
2024-01-02,Brazil,Kakinada,Wheat,Handysize,102865,86.91,770.99,137.08,52.67,71.4,37.71
2024-01-02,Australia,Kakinada,Wheat,Capesize,48794,90.96,770.99,137.08,52.67,71.4,37.71
2024-01-02,Russia,Visakhapatnam,Fertilizer,Handymax,59128,82.24,770.99,137.08,52.67,71.4,37.71
2024-01-02,Indonesia,Visakhapatnam,Bauxite,Panamax,110348,92.26,770.99,137.08,52.67,71.4,37.71
2024-01-02,Australia,Krishnapatnam,Bauxite,Handysize,60067,83.88,770.99,137.08,52.67,71.4,37.71
2024-01-02,Indonesia,Paradip,Bauxite,Handysize,104683,85.38,770.99,137.08,52.67,71.4,37.71
2024-01-03,Indonesia,Kakinada,Iron Ore,Handysize,81262,80.48,583.6,108.78,60.79,61.75,50.86
2024-01-03,Indonesia,Kakinada,Bauxite,Supramax,78024,79.11,583.6,108.78,60.79,61.75,50.86
2024-01-03,Australia,Visakhapatnam,Wheat,Handymax,20093,74.54,583.6,108.78,60.79,61.75,50.86
2024-01-03,South Africa,Visakhapatnam,Bauxite,Supramax,103942,81.08,583.6,108.78,60.79,61.75,50.86
2024-01-03,Australia,Paradip,Wheat,Supramax,67628,77.33,583.6,108.78,60.79,61.75,50.86
2024-01-03,Indonesia,Krishnapatnam,Wheat,Capesize,65162,86.27,583.6,108.78,60.79,61.75,50.86
2024-01-03,Indonesia,Krishnapatnam,Wheat,Handymax,49030,74.94,583.6,108.78,60.79,61.75,50.86
2024-01-03,South Africa,Visakhapatnam,Iron Ore,Handymax,81068,76.93,583.6,108.78,60.79,61.75,50.86
2024-01-04,South Africa,Chennai,Bauxite,Handysize,110409,82.43,522.68,116.72,62.11,76.83,33.07
2024-01-04,Australia,Paradip,Coal,Panamax,33750,84.51,522.68,116.72,62.11,76.83,33.07
2024-01-04,South Africa,Chennai,Wheat,Handymax,38317,73.42,522.68,116.72,62.11,76.83,33.07
2024-01-04,Indonesia,Visakhapatnam,Iron Ore,Handymax,47955,85.24,522.68,116.72,62.11,76.83,33.07
2024-01-04,Brazil,Visakhapatnam,Coal,Capesize,21713,90.64,522.68,116.72,62.11,76.83,33.07
2024-01-04,Russia,Paradip,Fertilizer,Handymax,80843,75.9,522.68,116.72,62.11,76.83,33.07
2024-01-04,South Africa,Kakinada,Iron Ore,Supramax,85573,86.78,522.68,116.72,62.11,76.83,33.07
2024-01-04,Australia,Krishnapatnam,Fertilizer,Panamax,45094,87.07,522.68,116.72,62.11,76.83,33.07
2024-01-05,Russia,Visakhapatnam,Bauxite,Supramax,97904,80.7,690.21,140.98,15.85,79.24,48.01
2024-01-05,Australia,Visakhapatnam,Fertilizer,Handymax,69956,75.84,690.21,140.98,15.85,79.24,48.01
2024-01-05,Australia,Chennai,Fertilizer,Handysize,101122,75.07,690.21,140.98,15.85,79.24,48.01
2024-01-05,Australia,Krishnapatnam,Wheat,Capesize,32094,86.51,690.21,140.98,15.85,79.24,48.01
2024-01-05,Russia,Paradip,Wheat,Handymax,90270,77.3,690.21,140.98,15.85,79.24,48.01
2024-01-05,Indonesia,Chennai,Fertilizer,Capesize,75951,88.15,690.21,140.98,15.85,79.24,48.01
2024-01-05,Australia,Paradip,Wheat,Handymax,103031,78.55,690.21,140.98,15.85,79.24,48.01
2024-01-05,Russia,Visakhapatnam,Bauxite,Supramax,118538,86.43,690.21,140.98,15.85,79.24,48.01
2024-01-06,South Africa,Visakhapatnam,Fertilizer,Handymax,101664,73.27,514.98,156.9,14.99,70.22,49.54
2024-01-06,Russia,Krishnapatnam,Iron Ore,Panamax,27131,80.56,514.98,156.9,14.99,70.22,49.54
2024-01-06,Russia,Paradip,Wheat,Panamax,32651,79.44,514.98,156.9,14.99,70.22,49.54
2024-01-06,Indonesia,Paradip,Wheat,Panamax,109352,80.17,514.98,156.9,14.99,70.22,49.54
2024-01-06,Brazil,Chennai,Wheat,Capesize,117135,85.58,514.98,156.9,14.99,70.22,49.54
2024-01-06,Australia,Visakhapatnam,Coal,Supramax,30327,78.73,514.98,156.9,14.99,70.22,49.54
2024-01-06,Indonesia,Kakinada,Iron Ore,Supramax,38007,77.28,514.98,156.9,14.99,70.22,49.54
2024-01-06,Indonesia,Paradip,Bauxite,Supramax,24696,78.49,514.98,156.9,14.99,70.22,49.54
2024-01-07,Brazil,Paradip,Bauxite,Capesize,63232,88.88,585.34,117.41,30.13,65.34,51.05
2024-01-07,Indonesia,Chennai,Coal,Handymax,32735,74.96,585.34,117.41,30.13,65.34,51.05
2024-01-07,Brazil,Chennai,Wheat,Supramax,81463,80.54,585.34,117.41,30.13,65.34,51.05
2024-01-07,Indonesia,Paradip,Bauxite,Handysize,52308,73.12,585.34,117.41,30.13,65.34,51.05
2024-01-07,Indonesia,Paradip,Bauxite,Panamax,97700,83.98,585.34,117.41,30.13,65.34,51.05
2024-01-07,Indonesia,Chennai,Wheat,Handysize,59350,71.81,585.34,117.41,30.13,65.34,51.05
2024-01-07,Australia,Chennai,Wheat,Capesize,77782,81.78,585.34,117.41,30.13,65.34,51.05
2024-01-07,Indonesia,Paradip,Iron Ore,Supramax,97930,80.84,585.34,117.41,30.13,65.34,51.05
2024-01-08,Brazil,Kakinada,Wheat,Capesize,115973,84.67,522.72,121.32,38.82,64.39,50.45
2024-01-08,South Africa,Krishnapatnam,Iron Ore,Capesize,25834,87.26,522.72,121.32,38.82,64.39,50.45
2024-01-08,Brazil,Krishnapatnam,Bauxite,Supramax,101344,79.3,522.72,121.32,38.82,64.39,50.45
2024-01-08,Brazil,Visakhapatnam,Iron Ore,Handysize,71457,77.96,522.72,121.32,38.82,64.39,50.45
2024-01-08,Australia,Paradip,Fertilizer,Handymax,104239,69.76,522.72,121.32,38.82,64.39,50.45
2024-01-08,Brazil,Chennai,Wheat,Handysize,37105,70.6,522.72,121.32,38.82,64.39,50.45
2024-01-08,Russia,Paradip,Iron Ore,Handymax,117081,82.87,522.72,121.32,38.82,64.39,50.45
2024-01-08,Australia,Visakhapatnam,Fertilizer,Panamax,26952,75.91,522.72,121.32,38.82,64.39,50.45
2024-01-09,Indonesia,Chennai,Coal,Capesize,109468,90.64,597.76,143.52,56.28,52.81,28.78
2024-01-09,Brazil,Krishnapatnam,Wheat,Capesize,79301,89.93,597.76,143.52,56.28,52.81,28.78
2024-01-09,Australia,Chennai,Coal,Handysize,80690,78.71,597.76,143.52,56.28,52.81,28.78
2024-01-09,Russia,Visakhapatnam,Iron Ore,Capesize,113481,91.8,597.76,143.52,56.28,52.81,28.78
2024-01-09,Australia,Kakinada,Iron Ore,Supramax,51188,85.22,597.76,143.52,56.28,52.81,28.78
2024-01-09,Brazil,Visakhapatnam,Fertilizer,Handymax,39918,81.4,597.76,143.52,56.28,52.81,28.78
2024-01-09,South Africa,Paradip,Coal,Handymax,60205,84.5,597.76,143.52,56.28,52.81,28.78
2024-01-09,Australia,Kakinada,Fertilizer,Handysize,117104,79.23,597.76,143.52,56.28,52.81,28.78
2024-01-10,Russia,Paradip,Coal,Panamax,62380,90.83,504.54,159.55,70.61,100.0,71.35
2024-01-10,Russia,Krishnapatnam,Bauxite,Panamax,117222,87.71,504.54,159.55,70.61,100.0,71.35
2024-01-10,Indonesia,Kakinada,Iron Ore,Handysize,84399,84.68,504.54,159.55,70.61,100.0,71.35
2024-01-10,Indonesia,Paradip,Bauxite,Handysize,47011,81.48,504.54,159.55,70.61,100.0,71.35
2024-01-10,Brazil,Kakinada,Wheat,Handymax,34987,80.6,504.54,159.55,70.61,100.0,71.35
2024-01-10,South Africa,Paradip,Iron Ore,Panamax,29495,90.17,504.54,159.55,70.61,100.0,71.35
2024-01-10,South Africa,Chennai,Fertilizer,Panamax,51688,88.64,504.54,159.55,70.61,100.0,71.35
2024-01-10,Indonesia,Visakhapatnam,Iron Ore,Handymax,102071,86.43,504.54,159.55,70.61,100.0,71.35
2024-01-11,Australia,Krishnapatnam,Iron Ore,Handymax,118873,89.61,785.49,163.9,40.9,68.4,64.33
2024-01-11,Australia,Chennai,Wheat,Capesize,67266,90.66,785.49,163.9,40.9,68.4,64.33
2024-01-11,South Africa,Paradip,Wheat,Handysize,74104,83.45,785.49,163.9,40.9,68.4,64.33
2024-01-11,South Africa,Krishnapatnam,Wheat,Handymax,38223,79.82,785.49,163.9,40.9,68.4,64.33
2024-01-11,Indonesia,Krishnapatnam,Iron Ore,Handymax,102404,87.45,785.49,163.9,40.9,68.4,64.33
2024-01-11,Australia,Chennai,Fertilizer,Panamax,83545,90.48,785.49,163.9,40.9,68.4,64.33
2024-01-11,Russia,Krishnapatnam,Bauxite,Handysize,81604,81.65,785.49,163.9,40.9,68.4,64.33
2024-01-11,South Africa,Chennai,Iron Ore,Handymax,90793,87.19,785.49,163.9,40.9,68.4,64.33
2024-01-12,Russia,Paradip,Fertilizer,Handysize,84940,79.41,670.98,164.77,47.75,45.64,48.7
2024-01-12,Brazil,Chennai,Bauxite,Supramax,60834,86.84,670.98,164.77,47.75,45.64,48.7
2024-01-12,Indonesia,Kakinada,Bauxite,Supramax,82137,81.95,670.98,164.77,47.75,45.64,48.7
2024-01-12,Russia,Chennai,Coal,Handysize,23274,77.04,670.98,164.77,47.75,45.64,48.7
2024-01-12,Australia,Visakhapatnam,Coal,Panamax,106891,88.51,670.98,164.77,47.75,45.64,48.7
2024-01-12,Indonesia,Visakhapatnam,Fertilizer,Handysize,25202,75.98,670.98,164.77,47.75,45.64,48.7
2024-01-12,Indonesia,Visakhapatnam,Wheat,Supramax,26503,81.14,670.98,164.77,47.75,45.64,48.7
2024-01-12,Brazil,Chennai,Wheat,Supramax,69240,84.31,670.98,164.77,47.75,45.64,48.7
2024-01-13,Brazil,Krishnapatnam,Iron Ore,Handysize,83177,79.74,622.88,171.01,42.34,73.89,88.75
2024-01-13,Brazil,Visakhapatnam,Wheat,Handysize,117972,78.77,622.88,171.01,42.34,73.89,88.75
2024-01-13,Brazil,Visakhapatnam,Coal,Panamax,79269,85.27,622.88,171.01,42.34,73.89,88.75
2024-01-13,South Africa,Krishnapatnam,Coal,Capesize,42453,91.88,622.88,171.01,42.34,73.89,88.75
2024-01-13,Indonesia,Paradip,Wheat,Handymax,96237,75.14,622.88,171.01,42.34,73.89,88.75
2024-01-13,Russia,Paradip,Wheat,Handymax,36705,75.74,622.88,171.01,42.34,73.89,88.75
2024-01-13,Brazil,Paradip,Fertilizer,Handymax,43089,79.04,622.88,171.01,42.34,73.89,88.75
2024-01-13,Russia,Chennai,Coal,Capesize,51818,90.7,622.88,171.01,42.34,73.89,88.75
2024-01-14,South Africa,Chennai,Iron Ore,Capesize,34674,85.7,715.05,130.52,26.84,78.12,91.81
2024-01-14,Russia,Kakinada,Iron Ore,Panamax,73140,88.42,715.05,130.52,26.84,78.12,91.81
2024-01-14,South Africa,Krishnapatnam,Bauxite,Capesize,58280,91.08,715.05,130.52,26.84,78.12,91.81
2024-01-14,Brazil,Chennai,Iron Ore,Panamax,80663,84.92,715.05,130.52,26.84,78.12,91.81
2024-01-14,Australia,Chennai,Iron Ore,Supramax,75120,84.67,715.05,130.52,26.84,78.12,91.81
2024-01-14,Russia,Krishnapatnam,Bauxite,Handysize,92968,80.15,715.05,130.52,26.84,78.12,91.81
2024-01-14,Brazil,Chennai,Fertilizer,Panamax,27739,83.27,715.05,130.52,26.84,78.12,91.81
2024-01-14,Brazil,Chennai,Fertilizer,Panamax,77477,82.31,715.05,130.52,26.84,78.12,91.81
2024-01-15,Indonesia,Chennai,Coal,Capesize,98002,93.07,589.98,140.53,48.66,78.28,28.81
2024-01-15,Russia,Krishnapatnam,Coal,Handysize,96347,83.49,589.98,140.53,48.66,78.28,28.81
2024-01-15,Australia,Paradip,Wheat,Capesize,115595,92.95,589.98,140.53,48.66,78.28,28.81
2024-01-15,Indonesia,Visakhapatnam,Coal,Handymax,85519,82.72,589.98,140.53,48.66,78.28,28.81
2024-01-15,South Africa,Chennai,Coal,Capesize,84143,92.3,589.98,140.53,48.66,78.28,28.81
2024-01-15,Russia,Chennai,Wheat,Handysize,51852,74.85,589.98,140.53,48.66,78.28,28.81
2024-01-15,South Africa,Paradip,Coal,Handymax,48194,80.69,589.98,140.53,48.66,78.28,28.81
2024-01-15,Indonesia,Kakinada,Iron Ore,Handymax,113829,87.79,589.98,140.53,48.66,78.28,28.81
2024-01-16,South Africa,Krishnapatnam,Fertilizer,Supramax,110642,85.55,736.87,125.57,50.17,63.2,51.17
2024-01-16,Brazil,Visakhapatnam,Bauxite,Capesize,94836,88.22,736.87,125.57,50.17,63.2,51.17
2024-01-16,Brazil,Paradip,Fertilizer,Handymax,70734,82.55,736.87,125.57,50.17,63.2,51.17
2024-01-16,Australia,Chennai,Iron Ore,Handymax,36860,79.9,736.87,125.57,50.17,63.2,51.17
2024-01-16,Indonesia,Krishnapatnam,Iron Ore,Handymax,71969,85.47,736.87,125.57,50.17,63.2,51.17
2024-01-16,Russia,Visakhapatnam,Wheat,Handysize,35352,77.91,736.87,125.57,50.17,63.2,51.17
2024-01-16,Indonesia,Chennai,Bauxite,Supramax,107163,85.66,736.87,125.57,50.17,63.2,51.17
2024-01-16,South Africa,Krishnapatnam,Wheat,Panamax,30911,81.75,736.87,125.57,50.17,63.2,51.17
2024-01-17,Russia,Chennai,Fertilizer,Handysize,66257,75.07,515.69,178.25,50.79,80.65,84.03
2024-01-17,Australia,Visakhapatnam,Bauxite,Handysize,89561,77.35,515.69,178.25,50.79,80.65,84.03
2024-01-17,Indonesia,Krishnapatnam,Wheat,Capesize,39637,87.59,515.69,178.25,50.79,80.65,84.03
2024-01-17,Indonesia,Chennai,Iron Ore,Supramax,88347,86.59,515.69,178.25,50.79,80.65,84.03
2024-01-17,Australia,Kakinada,Iron Ore,Panamax,77541,86.95,515.69,178.25,50.79,80.65,84.03
2024-01-17,Brazil,Kakinada,Iron Ore,Handysize,33531,75.86,515.69,178.25,50.79,80.65,84.03
2024-01-17,Indonesia,Krishnapatnam,Coal,Panamax,34052,85.58,515.69,178.25,50.79,80.65,84.03
2024-01-17,Indonesia,Paradip,Iron Ore,Capesize,61121,92.88,515.69,178.25,50.79,80.65,84.03
2024-01-18,Australia,Paradip,Bauxite,Panamax,70555,94.96,783.06,109.43,46.4,82.63,41.95
2024-01-18,Brazil,Krishnapatnam,Coal,Panamax,95969,92.69,783.06,109.43,46.4,82.63,41.95
2024-01-18,Australia,Krishnapatnam,Wheat,Handysize,35569,80.28,783.06,109.43,46.4,82.63,41.95
2024-01-18,Russia,Visakhapatnam,Wheat,Handymax,54684,79.91,783.06,109.43,46.4,82.63,41.95
2024-01-18,Brazil,Krishnapatnam,Wheat,Handysize,42972,81.61,783.06,109.43,46.4,82.63,41.95
2024-01-18,Indonesia,Visakhapatnam,Bauxite,Handymax,83649,86.79,783.06,109.43,46.4,82.63,41.95
2024-01-18,Australia,Visakhapatnam,Coal,Capesize,118233,98.47,783.06,109.43,46.4,82.63,41.95
2024-01-18,Indonesia,Krishnapatnam,Wheat,Panamax,88326,89.34,783.06,109.43,46.4,82.63,41.95
2024-01-19,Australia,Visakhapatnam,Fertilizer,Panamax,83956,80.34,517.37,131.68,34.3,60.3,59.09
2024-01-19,South Africa,Krishnapatnam,Coal,Handysize,90904,71.03,517.37,131.68,34.3,60.3,59.09
2024-01-19,Indonesia,Visakhapatnam,Wheat,Capesize,23608,78.2,517.37,131.68,34.3,60.3,59.09
2024-01-19,Australia,Kakinada,Wheat,Capesize,88203,82.51,517.37,131.68,34.3,60.3,59.09
2024-01-19,Australia,Kakinada,Wheat,Handysize,63023,72.64,517.37,131.68,34.3,60.3,59.09
2024-01-19,Indonesia,Chennai,Bauxite,Handysize,106364,72.26,517.37,131.68,34.3,60.3,59.09
2024-01-19,Russia,Visakhapatnam,Fertilizer,Capesize,104606,87.65,517.37,131.68,34.3,60.3,59.09
2024-01-19,Australia,Visakhapatnam,Bauxite,Capesize,81429,84.88,517.37,131.68,34.3,60.3,59.09
2024-01-20,Brazil,Chennai,Bauxite,Handymax,23543,78.26,548.95,122.34,79.83,71.05,100.0
2024-01-20,Brazil,Kakinada,Bauxite,Handymax,22407,76.44,548.95,122.34,79.83,71.05,100.0
2024-01-20,Australia,Visakhapatnam,Coal,Supramax,58459,79.56,548.95,122.34,79.83,71.05,100.0
2024-01-20,South Africa,Chennai,Fertilizer,Panamax,96661,82.72,548.95,122.34,79.83,71.05,100.0
2024-01-20,Russia,Krishnapatnam,Wheat,Supramax,62331,75.4,548.95,122.34,79.83,71.05,100.0
2024-01-20,Brazil,Kakinada,Fertilizer,Handysize,65015,75.33,548.95,122.34,79.83,71.05,100.0
2024-01-20,Brazil,Paradip,Bauxite,Handymax,53488,77.97,548.95,122.34,79.83,71.05,100.0
2024-01-20,Russia,Visakhapatnam,Wheat,Supramax,107181,83.42,548.95,122.34,79.83,71.05,100.0
2024-01-21,Brazil,Krishnapatnam,Fertilizer,Handysize,98191,76.75,668.14,93.15,57.54,79.9,70.24
2024-01-21,South Africa,Krishnapatnam,Bauxite,Capesize,44271,88.61,668.14,93.15,57.54,79.9,70.24
2024-01-21,Brazil,Kakinada,Wheat,Handysize,33427,73.9,668.14,93.15,57.54,79.9,70.24
2024-01-21,Australia,Visakhapatnam,Bauxite,Panamax,31870,85.52,668.14,93.15,57.54,79.9,70.24
2024-01-21,Australia,Visakhapatnam,Wheat,Handymax,84551,76.69,668.14,93.15,57.54,79.9,70.24
2024-01-21,Brazil,Krishnapatnam,Bauxite,Supramax,33795,82.07,668.14,93.15,57.54,79.9,70.24
2024-01-21,Russia,Visakhapatnam,Wheat,Capesize,21872,87.2,668.14,93.15,57.54,79.9,70.24
2024-01-21,Russia,Kakinada,Bauxite,Capesize,85270,88.3,668.14,93.15,57.54,79.9,70.24
2024-01-22,Indonesia,Chennai,Bauxite,Panamax,41649,83.91,651.82,131.08,28.85,55.42,38.54
2024-01-22,Brazil,Krishnapatnam,Iron Ore,Panamax,36551,83.34,651.82,131.08,28.85,55.42,38.54
2024-01-22,Australia,Krishnapatnam,Wheat,Handymax,61682,76.81,651.82,131.08,28.85,55.42,38.54
2024-01-22,Indonesia,Visakhapatnam,Fertilizer,Supramax,26630,78.99,651.82,131.08,28.85,55.42,38.54
2024-01-22,Australia,Krishnapatnam,Coal,Panamax,60721,84.4,651.82,131.08,28.85,55.42,38.54
2024-01-22,Brazil,Chennai,Coal,Handymax,96028,82.14,651.82,131.08,28.85,55.42,38.54
2024-01-22,Australia,Kakinada,Coal,Capesize,46951,86.63,651.82,131.08,28.85,55.42,38.54
2024-01-22,Australia,Visakhapatnam,Fertilizer,Supramax,101069,82.98,651.82,131.08,28.85,55.42,38.54
2024-01-23,South Africa,Chennai,Coal,Handysize,63374,73.56,606.64,87.8,31.03,93.88,47.8
2024-01-23,Brazil,Krishnapatnam,Fertilizer,Handymax,70528,73.82,606.64,87.8,31.03,93.88,47.8
2024-01-23,South Africa,Paradip,Wheat,Capesize,91296,86.49,606.64,87.8,31.03,93.88,47.8
2024-01-23,South Africa,Paradip,Iron Ore,Panamax,38229,81.5,606.64,87.8,31.03,93.88,47.8
2024-01-23,Brazil,Krishnapatnam,Fertilizer,Capesize,64739,88.96,606.64,87.8,31.03,93.88,47.8
2024-01-23,Indonesia,Krishnapatnam,Fertilizer,Capesize,105916,89.64,606.64,87.8,31.03,93.88,47.8
2024-01-23,Russia,Paradip,Coal,Handysize,100066,75.01,606.64,87.8,31.03,93.88,47.8
2024-01-23,Brazil,Visakhapatnam,Wheat,Capesize,55862,82.99,606.64,87.8,31.03,93.88,47.8
2024-01-24,South Africa,Visakhapatnam,Fertilizer,Panamax,105443,89.13,584.11,139.97,67.59,77.6,71.48
2024-01-24,South Africa,Visakhapatnam,Bauxite,Supramax,72136,86.27,584.11,139.97,67.59,77.6,71.48
2024-01-24,Brazil,Kakinada,Fertilizer,Handysize,87147,74.65,584.11,139.97,67.59,77.6,71.48
2024-01-24,Australia,Visakhapatnam,Fertilizer,Handymax,65213,78.41,584.11,139.97,67.59,77.6,71.48
2024-01-24,Australia,Chennai,Bauxite,Supramax,22482,82.35,584.11,139.97,67.59,77.6,71.48
2024-01-24,Brazil,Paradip,Fertilizer,Capesize,97271,91.87,584.11,139.97,67.59,77.6,71.48
2024-01-24,Russia,Paradip,Fertilizer,Capesize,76284,87.85,584.11,139.97,67.59,77.6,71.48
2024-01-24,Brazil,Chennai,Coal,Panamax,68514,84.74,584.11,139.97,67.59,77.6,71.48
2024-01-25,Russia,Krishnapatnam,Wheat,Supramax,28802,78.8,558.23,97.27,61.0,85.11,34.81
2024-01-25,Brazil,Visakhapatnam,Iron Ore,Handymax,43060,81.55,558.23,97.27,61.0,85.11,34.81
2024-01-25,Indonesia,Visakhapatnam,Iron Ore,Panamax,68384,85.93,558.23,97.27,61.0,85.11,34.81
2024-01-25,Russia,Paradip,Coal,Capesize,68196,92.71,558.23,97.27,61.0,85.11,34.81
2024-01-25,Brazil,Chennai,Coal,Supramax,68001,81.93,558.23,97.27,61.0,85.11,34.81
2024-01-25,Brazil,Kakinada,Wheat,Supramax,55848,81.01,558.23,97.27,61.0,85.11,34.81
2024-01-25,Australia,Krishnapatnam,Iron Ore,Handysize,55377,78.01,558.23,97.27,61.0,85.11,34.81
2024-01-25,Australia,Kakinada,Bauxite,Handymax,28390,78.0,558.23,97.27,61.0,85.11,34.81
2024-01-26,Australia,Krishnapatnam,Bauxite,Handysize,66335,79.6,678.86,88.18,63.2,67.06,38.53
2024-01-26,Russia,Visakhapatnam,Coal,Panamax,74470,86.94,678.86,88.18,63.2,67.06,38.53
2024-01-26,Indonesia,Chennai,Wheat,Supramax,80361,79.94,678.86,88.18,63.2,67.06,38.53
2024-01-26,Russia,Paradip,Iron Ore,Handymax,89833,82.18,678.86,88.18,63.2,67.06,38.53
2024-01-26,Indonesia,Visakhapatnam,Coal,Supramax,93524,87.14,678.86,88.18,63.2,67.06,38.53
2024-01-26,Indonesia,Chennai,Fertilizer,Panamax,20503,86.71,678.86,88.18,63.2,67.06,38.53
2024-01-26,Russia,Chennai,Wheat,Handymax,86917,76.12,678.86,88.18,63.2,67.06,38.53
2024-01-26,South Africa,Krishnapatnam,Fertilizer,Capesize,115660,91.56,678.86,88.18,63.2,67.06,38.53
2024-01-27,Australia,Paradip,Fertilizer,Handymax,86473,82.15,810.63,105.56,32.82,68.71,51.56
2024-01-27,Russia,Krishnapatnam,Fertilizer,Handysize,118111,80.81,810.63,105.56,32.82,68.71,51.56
2024-01-27,South Africa,Krishnapatnam,Bauxite,Handysize,65952,78.41,810.63,105.56,32.82,68.71,51.56
2024-01-27,South Africa,Paradip,Wheat,Handymax,52850,78.54,810.63,105.56,32.82,68.71,51.56
2024-01-27,Russia,Paradip,Wheat,Panamax,57269,84.37,810.63,105.56,32.82,68.71,51.56
2024-01-27,Australia,Kakinada,Iron Ore,Supramax,21473,87.28,810.63,105.56,32.82,68.71,51.56
2024-01-27,Australia,Krishnapatnam,Fertilizer,Supramax,29200,80.36,810.63,105.56,32.82,68.71,51.56
2024-01-27,Russia,Krishnapatnam,Coal,Supramax,112424,87.33,810.63,105.56,32.82,68.71,51.56
2024-01-28,South Africa,Krishnapatnam,Fertilizer,Panamax,85957,80.26,547.35,129.86,51.45,69.6,70.75
2024-01-28,South Africa,Visakhapatnam,Iron Ore,Capesize,109049,89.98,547.35,129.86,51.45,69.6,70.75
2024-01-28,Russia,Kakinada,Bauxite,Supramax,94805,84.44,547.35,129.86,51.45,69.6,70.75
2024-01-28,Indonesia,Paradip,Bauxite,Capesize,22843,85.05,547.35,129.86,51.45,69.6,70.75
2024-01-28,South Africa,Paradip,Fertilizer,Panamax,69577,81.99,547.35,129.86,51.45,69.6,70.75
2024-01-28,Indonesia,Chennai,Wheat,Handysize,75450,75.04,547.35,129.86,51.45,69.6,70.75
2024-01-28,Brazil,Visakhapatnam,Fertilizer,Supramax,61787,75.17,547.35,129.86,51.45,69.6,70.75
2024-01-28,Australia,Chennai,Fertilizer,Handysize,44448,71.78,547.35,129.86,51.45,69.6,70.75
2024-01-29,Australia,Chennai,Wheat,Supramax,102966,84.21,767.38,153.17,36.81,85.92,64.05
2024-01-29,Russia,Chennai,Wheat,Supramax,86036,86.26,767.38,153.17,36.81,85.92,64.05
2024-01-29,Russia,Visakhapatnam,Fertilizer,Panamax,92836,90.08,767.38,153.17,36.81,85.92,64.05
2024-01-29,Brazil,Chennai,Fertilizer,Panamax,103035,84.24,767.38,153.17,36.81,85.92,64.05
2024-01-29,South Africa,Paradip,Iron Ore,Panamax,63183,97.11,767.38,153.17,36.81,85.92,64.05
2024-01-29,Russia,Visakhapatnam,Fertilizer,Handymax,117654,84.39,767.38,153.17,36.81,85.92,64.05
2024-01-29,Brazil,Kakinada,Bauxite,Capesize,111353,97.67,767.38,153.17,36.81,85.92,64.05
2024-01-29,Brazil,Paradip,Bauxite,Handymax,33806,82.87,767.38,153.17,36.81,85.92,64.05
2024-01-30,South Africa,Krishnapatnam,Coal,Panamax,90561,88.09,837.7,109.0,53.04,68.97,65.86
2024-01-30,Australia,Kakinada,Wheat,Panamax,76912,90.51,837.7,109.0,53.04,68.97,65.86
2024-01-30,Russia,Kakinada,Iron Ore,Capesize,115643,95.36,837.7,109.0,53.04,68.97,65.86
2024-01-30,South Africa,Visakhapatnam,Bauxite,Handymax,99908,86.53,837.7,109.0,53.04,68.97,65.86
2024-01-30,Brazil,Krishnapatnam,Bauxite,Handymax,87852,82.65,837.7,109.0,53.04,68.97,65.86
2024-01-30,Brazil,Visakhapatnam,Bauxite,Handymax,55751,83.92,837.7,109.0,53.04,68.97,65.86
2024-01-30,South Africa,Krishnapatnam,Fertilizer,Capesize,84102,90.41,837.7,109.0,53.04,68.97,65.86
2024-01-30,Brazil,Paradip,Coal,Handysize,95475,79.61,837.7,109.0,53.04,68.97,65.86
2024-01-31,Russia,Visakhapatnam,Wheat,Handysize,99874,79.81,643.77,137.08,46.25,86.4,58.68
2024-01-31,Brazil,Paradip,Iron Ore,Panamax,95888,91.1,643.77,137.08,46.25,86.4,58.68
2024-01-31,South Africa,Visakhapatnam,Coal,Handymax,101079,82.97,643.77,137.08,46.25,86.4,58.68
2024-01-31,Australia,Kakinada,Bauxite,Panamax,27071,85.19,643.77,137.08,46.25,86.4,58.68
2024-01-31,South Africa,Chennai,Fertilizer,Panamax,80117,84.97,643.77,137.08,46.25,86.4,58.68
2024-01-31,Brazil,Kakinada,Fertilizer,Handysize,56843,78.18,643.77,137.08,46.25,86.4,58.68
2024-01-31,Russia,Paradip,Coal,Handysize,109838,80.74,643.77,137.08,46.25,86.4,58.68
2024-01-31,Indonesia,Paradip,Wheat,Handysize,67401,78.45,643.77,137.08,46.25,86.4,58.68
2024-02-01,South Africa,Visakhapatnam,Fertilizer,Supramax,97195,80.49,531.13,119.39,46.76,87.14,65.25
2024-02-01,Brazil,Paradip,Bauxite,Panamax,69954,84.74,531.13,119.39,46.76,87.14,65.25
2024-02-01,Brazil,Kakinada,Fertilizer,Capesize,58210,89.01,531.13,119.39,46.76,87.14,65.25
2024-02-01,South Africa,Visakhapatnam,Coal,Panamax,71747,87.79,531.13,119.39,46.76,87.14,65.25
2024-02-01,South Africa,Chennai,Bauxite,Panamax,93768,86.44,531.13,119.39,46.76,87.14,65.25
2024-02-01,Russia,Chennai,Bauxite,Panamax,75704,88.34,531.13,119.39,46.76,87.14,65.25
2024-02-01,South Africa,Krishnapatnam,Fertilizer,Capesize,38535,87.36,531.13,119.39,46.76,87.14,65.25
2024-02-01,Australia,Kakinada,Coal,Capesize,42622,90.21,531.13,119.39,46.76,87.14,65.25
2024-02-02,Russia,Paradip,Coal,Panamax,85138,85.89,615.95,142.73,38.33,61.62,82.96
2024-02-02,Russia,Visakhapatnam,Bauxite,Capesize,57039,90.79,615.95,142.73,38.33,61.62,82.96
2024-02-02,Brazil,Kakinada,Iron Ore,Handymax,54030,78.98,615.95,142.73,38.33,61.62,82.96
2024-02-02,South Africa,Paradip,Coal,Panamax,104482,85.03,615.95,142.73,38.33,61.62,82.96
2024-02-02,Australia,Paradip,Iron Ore,Supramax,92485,85.27,615.95,142.73,38.33,61.62,82.96
2024-02-02,Indonesia,Kakinada,Bauxite,Supramax,52803,83.3,615.95,142.73,38.33,61.62,82.96
2024-02-02,Indonesia,Krishnapatnam,Iron Ore,Handymax,96488,80.29,615.95,142.73,38.33,61.62,82.96
2024-02-02,Indonesia,Chennai,Fertilizer,Panamax,83153,81.97,615.95,142.73,38.33,61.62,82.96
2024-02-03,South Africa,Paradip,Wheat,Supramax,57260,81.08,586.23,135.06,51.45,62.27,41.75
2024-02-03,South Africa,Kakinada,Bauxite,Supramax,82970,87.44,586.23,135.06,51.45,62.27,41.75
2024-02-03,Russia,Krishnapatnam,Bauxite,Handysize,60285,82.94,586.23,135.06,51.45,62.27,41.75
2024-02-03,Indonesia,Kakinada,Bauxite,Handysize,34155,79.61,586.23,135.06,51.45,62.27,41.75
2024-02-03,Russia,Kakinada,Bauxite,Supramax,110894,84.73,586.23,135.06,51.45,62.27,41.75
2024-02-03,South Africa,Visakhapatnam,Fertilizer,Handymax,95761,80.33,586.23,135.06,51.45,62.27,41.75
2024-02-03,Russia,Kakinada,Fertilizer,Panamax,50956,83.37,586.23,135.06,51.45,62.27,41.75
2024-02-03,Australia,Kakinada,Coal,Handysize,22991,75.37,586.23,135.06,51.45,62.27,41.75
2024-02-04,Russia,Chennai,Fertilizer,Supramax,34864,84.31,822.79,87.21,31.81,80.66,68.36
2024-02-04,Brazil,Krishnapatnam,Coal,Handymax,97474,81.39,822.79,87.21,31.81,80.66,68.36
2024-02-04,South Africa,Chennai,Coal,Capesize,81800,92.56,822.79,87.21,31.81,80.66,68.36
2024-02-04,Australia,Kakinada,Fertilizer,Capesize,92822,90.8,822.79,87.21,31.81,80.66,68.36
2024-02-04,Russia,Visakhapatnam,Bauxite,Capesize,43486,94.51,822.79,87.21,31.81,80.66,68.36
2024-02-04,Russia,Kakinada,Wheat,Handymax,119056,80.25,822.79,87.21,31.81,80.66,68.36
2024-02-04,Russia,Paradip,Wheat,Capesize,86877,92.29,822.79,87.21,31.81,80.66,68.36
2024-02-04,Brazil,Kakinada,Iron Ore,Handymax,81491,83.74,822.79,87.21,31.81,80.66,68.36
2024-02-05,South Africa,Krishnapatnam,Fertilizer,Handymax,86918,82.92,754.01,117.66,63.42,83.7,84.31
2024-02-05,Russia,Chennai,Wheat,Capesize,33850,89.08,754.01,117.66,63.42,83.7,84.31
2024-02-05,Russia,Paradip,Iron Ore,Supramax,86064,88.66,754.01,117.66,63.42,83.7,84.31
2024-02-05,Russia,Kakinada,Coal,Capesize,96591,95.39,754.01,117.66,63.42,83.7,84.31
2024-02-05,Australia,Visakhapatnam,Fertilizer,Handysize,34833,79.4,754.01,117.66,63.42,83.7,84.31
2024-02-05,Russia,Paradip,Wheat,Supramax,24509,81.83,754.01,117.66,63.42,83.7,84.31
2024-02-05,Brazil,Chennai,Coal,Panamax,63739,89.75,754.01,117.66,63.42,83.7,84.31
2024-02-05,South Africa,Chennai,Fertilizer,Handysize,61253,84.17,754.01,117.66,63.42,83.7,84.31
2024-02-06,Australia,Chennai,Wheat,Handymax,70467,77.51,510.1,96.7,30.79,93.88,56.67
2024-02-06,Australia,Chennai,Bauxite,Handymax,45223,77.93,510.1,96.7,30.79,93.88,56.67
2024-02-06,Indonesia,Paradip,Iron Ore,Handymax,118428,82.75,510.1,96.7,30.79,93.88,56.67
2024-02-06,Indonesia,Visakhapatnam,Fertilizer,Supramax,23573,77.43,510.1,96.7,30.79,93.88,56.67
2024-02-06,South Africa,Krishnapatnam,Iron Ore,Handymax,63915,78.52,510.1,96.7,30.79,93.88,56.67
2024-02-06,Australia,Chennai,Wheat,Capesize,67611,83.09,510.1,96.7,30.79,93.88,56.67
2024-02-06,Australia,Visakhapatnam,Fertilizer,Handysize,55744,75.15,510.1,96.7,30.79,93.88,56.67
2024-02-06,Russia,Paradip,Coal,Handymax,107472,77.6,510.1,96.7,30.79,93.88,56.67
2024-02-07,Indonesia,Chennai,Bauxite,Panamax,96939,96.96,807.18,148.59,46.34,89.1,69.21
2024-02-07,South Africa,Visakhapatnam,Coal,Panamax,70354,93.29,807.18,148.59,46.34,89.1,69.21
2024-02-07,Australia,Visakhapatnam,Fertilizer,Supramax,58416,89.76,807.18,148.59,46.34,89.1,69.21
2024-02-07,South Africa,Krishnapatnam,Wheat,Supramax,113923,88.77,807.18,148.59,46.34,89.1,69.21
2024-02-07,Brazil,Paradip,Coal,Capesize,108454,98.72,807.18,148.59,46.34,89.1,69.21
2024-02-07,South Africa,Krishnapatnam,Fertilizer,Capesize,108660,99.15,807.18,148.59,46.34,89.1,69.21
2024-02-07,Brazil,Chennai,Wheat,Handysize,86345,80.44,807.18,148.59,46.34,89.1,69.21
2024-02-07,Indonesia,Kakinada,Bauxite,Capesize,71738,101.12,807.18,148.59,46.34,89.1,69.21
2024-02-08,Indonesia,Visakhapatnam,Bauxite,Handysize,112501,72.97,501.77,125.18,41.34,52.36,76.99
2024-02-08,Australia,Visakhapatnam,Coal,Handysize,58221,69.73,501.77,125.18,41.34,52.36,76.99
2024-02-08,Brazil,Chennai,Iron Ore,Supramax,115675,79.5,501.77,125.18,41.34,52.36,76.99
2024-02-08,Brazil,Kakinada,Bauxite,Handymax,114286,73.55,501.77,125.18,41.34,52.36,76.99
2024-02-08,Russia,Krishnapatnam,Coal,Handysize,51001,73.24,501.77,125.18,41.34,52.36,76.99
2024-02-08,Brazil,Visakhapatnam,Bauxite,Handymax,64541,73.59,501.77,125.18,41.34,52.36,76.99
2024-02-08,Australia,Kakinada,Bauxite,Supramax,29906,78.25,501.77,125.18,41.34,52.36,76.99
2024-02-08,South Africa,Kakinada,Iron Ore,Panamax,60694,79.94,501.77,125.18,41.34,52.36,76.99
2024-02-09,Australia,Chennai,Fertilizer,Supramax,117013,80.71,738.9,88.99,33.77,55.18,59.38
2024-02-09,Russia,Kakinada,Wheat,Capesize,113518,86.95,738.9,88.99,33.77,55.18,59.38
2024-02-09,Australia,Visakhapatnam,Iron Ore,Handymax,59502,74.6,738.9,88.99,33.77,55.18,59.38
2024-02-09,Indonesia,Visakhapatnam,Bauxite,Capesize,94174,94.4,738.9,88.99,33.77,55.18,59.38
2024-02-09,South Africa,Paradip,Fertilizer,Handysize,54075,75.41,738.9,88.99,33.77,55.18,59.38
2024-02-09,Indonesia,Kakinada,Fertilizer,Supramax,112097,82.42,738.9,88.99,33.77,55.18,59.38
2024-02-09,Russia,Chennai,Iron Ore,Supramax,92944,84.55,738.9,88.99,33.77,55.18,59.38
2024-02-09,South Africa,Paradip,Bauxite,Capesize,31766,90.55,738.9,88.99,33.77,55.18,59.38
2024-02-10,South Africa,Kakinada,Coal,Supramax,65939,86.41,668.55,134.48,23.06,86.48,43.44
2024-02-10,Indonesia,Kakinada,Bauxite,Panamax,64291,90.42,668.55,134.48,23.06,86.48,43.44
2024-02-10,Australia,Krishnapatnam,Bauxite,Handymax,107638,83.47,668.55,134.48,23.06,86.48,43.44
2024-02-10,Australia,Visakhapatnam,Bauxite,Handymax,110287,85.01,668.55,134.48,23.06,86.48,43.44
2024-02-10,Russia,Krishnapatnam,Bauxite,Panamax,109860,93.78,668.55,134.48,23.06,86.48,43.44
2024-02-10,Australia,Visakhapatnam,Iron Ore,Supramax,106700,88.29,668.55,134.48,23.06,86.48,43.44
2024-02-10,Australia,Kakinada,Wheat,Handymax,59899,79.99,668.55,134.48,23.06,86.48,43.44
2024-02-10,Russia,Kakinada,Bauxite,Panamax,88095,92.23,668.55,134.48,23.06,86.48,43.44
2024-02-11,Indonesia,Krishnapatnam,Fertilizer,Handysize,59974,80.63,720.52,148.73,47.36,64.78,35.49
2024-02-11,South Africa,Kakinada,Fertilizer,Panamax,95652,93.65,720.52,148.73,47.36,64.78,35.49
2024-02-11,Russia,Paradip,Wheat,Handymax,35770,83.13,720.52,148.73,47.36,64.78,35.49
2024-02-11,Australia,Krishnapatnam,Iron Ore,Capesize,43268,99.88,720.52,148.73,47.36,64.78,35.49
2024-02-11,Australia,Chennai,Iron Ore,Supramax,99951,95.23,720.52,148.73,47.36,64.78,35.49
2024-02-11,Brazil,Visakhapatnam,Fertilizer,Supramax,64156,94.32,720.52,148.73,47.36,64.78,35.49
2024-02-11,South Africa,Krishnapatnam,Fertilizer,Handysize,29933,81.55,720.52,148.73,47.36,64.78,35.49
2024-02-11,South Africa,Chennai,Bauxite,Panamax,92195,92.17,720.52,148.73,47.36,64.78,35.49
2024-02-12,Brazil,Chennai,Wheat,Handymax,87719,81.05,510.53,181.3,77.28,77.52,92.15
2024-02-12,Australia,Kakinada,Iron Ore,Handymax,85355,81.67,510.53,181.3,77.28,77.52,92.15
2024-02-12,Australia,Krishnapatnam,Fertilizer,Supramax,60735,83.62,510.53,181.3,77.28,77.52,92.15
2024-02-12,Indonesia,Visakhapatnam,Bauxite,Capesize,30739,94.54,510.53,181.3,77.28,77.52,92.15
2024-02-12,Russia,Visakhapatnam,Fertilizer,Panamax,30624,86.44,510.53,181.3,77.28,77.52,92.15
2024-02-12,Russia,Krishnapatnam,Fertilizer,Panamax,27587,86.12,510.53,181.3,77.28,77.52,92.15
2024-02-12,Brazil,Kakinada,Fertilizer,Panamax,40243,86.72,510.53,181.3,77.28,77.52,92.15
2024-02-12,Australia,Chennai,Fertilizer,Supramax,95477,89.08,510.53,181.3,77.28,77.52,92.15
2024-02-13,Indonesia,Paradip,Wheat,Handymax,46427,79.98,600.45,119.74,45.2,100.0,71.4
2024-02-13,Russia,Kakinada,Fertilizer,Capesize,104285,92.63,600.45,119.74,45.2,100.0,71.4
2024-02-13,Indonesia,Paradip,Fertilizer,Supramax,73408,83.92,600.45,119.74,45.2,100.0,71.4
2024-02-13,South Africa,Krishnapatnam,Iron Ore,Handysize,83535,79.2,600.45,119.74,45.2,100.0,71.4
2024-02-13,South Africa,Krishnapatnam,Iron Ore,Capesize,78611,95.92,600.45,119.74,45.2,100.0,71.4
2024-02-13,Russia,Visakhapatnam,Bauxite,Panamax,117407,91.65,600.45,119.74,45.2,100.0,71.4
2024-02-13,South Africa,Visakhapatnam,Bauxite,Handymax,54905,77.89,600.45,119.74,45.2,100.0,71.4
2024-02-13,Indonesia,Kakinada,Iron Ore,Supramax,64391,86.97,600.45,119.74,45.2,100.0,71.4
2024-02-14,South Africa,Paradip,Coal,Supramax,118534,76.32,518.24,94.54,27.17,66.65,63.13
2024-02-14,Brazil,Kakinada,Coal,Handysize,114673,70.85,518.24,94.54,27.17,66.65,63.13
2024-02-14,Australia,Chennai,Iron Ore,Panamax,63861,79.49,518.24,94.54,27.17,66.65,63.13
2024-02-14,South Africa,Chennai,Fertilizer,Capesize,40733,78.44,518.24,94.54,27.17,66.65,63.13
2024-02-14,South Africa,Kakinada,Iron Ore,Handysize,23413,74.54,518.24,94.54,27.17,66.65,63.13
2024-02-14,South Africa,Visakhapatnam,Bauxite,Capesize,118960,82.13,518.24,94.54,27.17,66.65,63.13
2024-02-14,South Africa,Krishnapatnam,Wheat,Handymax,35646,71.41,518.24,94.54,27.17,66.65,63.13
2024-02-14,Indonesia,Kakinada,Wheat,Capesize,66557,78.23,518.24,94.54,27.17,66.65,63.13
2024-02-15,Brazil,Krishnapatnam,Iron Ore,Supramax,88512,89.15,661.64,140.95,44.03,74.89,65.35
2024-02-15,Brazil,Visakhapatnam,Fertilizer,Capesize,107702,94.5,661.64,140.95,44.03,74.89,65.35
2024-02-15,Brazil,Chennai,Iron Ore,Panamax,38206,91.1,661.64,140.95,44.03,74.89,65.35
2024-02-15,Brazil,Chennai,Bauxite,Supramax,88498,88.24,661.64,140.95,44.03,74.89,65.35
2024-02-15,South Africa,Paradip,Iron Ore,Capesize,37673,94.32,661.64,140.95,44.03,74.89,65.35
2024-02-15,South Africa,Chennai,Wheat,Capesize,58334,90.16,661.64,140.95,44.03,74.89,65.35
2024-02-15,Brazil,Kakinada,Bauxite,Panamax,27590,88.99,661.64,140.95,44.03,74.89,65.35
2024-02-15,Brazil,Krishnapatnam,Coal,Handysize,117484,78.51,661.64,140.95,44.03,74.89,65.35
2024-02-16,Brazil,Krishnapatnam,Bauxite,Capesize,109622,94.35,509.07,169.15,27.08,76.42,65.81
2024-02-16,Australia,Chennai,Iron Ore,Capesize,105049,94.01,509.07,169.15,27.08,76.42,65.81
2024-02-16,Australia,Krishnapatnam,Coal,Handysize,38050,75.84,509.07,169.15,27.08,76.42,65.81
2024-02-16,Australia,Krishnapatnam,Fertilizer,Handysize,24115,72.97,509.07,169.15,27.08,76.42,65.81
2024-02-16,Australia,Chennai,Iron Ore,Supramax,59355,82.61,509.07,169.15,27.08,76.42,65.81
2024-02-16,Australia,Chennai,Wheat,Capesize,42007,85.28,509.07,169.15,27.08,76.42,65.81
2024-02-16,Russia,Krishnapatnam,Coal,Handymax,93098,80.57,509.07,169.15,27.08,76.42,65.81
2024-02-16,Australia,Paradip,Fertilizer,Panamax,70382,81.77,509.07,169.15,27.08,76.42,65.81
2024-02-17,Australia,Paradip,Fertilizer,Handysize,109446,81.29,816.27,163.39,28.98,67.71,86.79
2024-02-17,Russia,Paradip,Bauxite,Capesize,90096,97.34,816.27,163.39,28.98,67.71,86.79
2024-02-17,Indonesia,Chennai,Wheat,Capesize,73537,89.34,816.27,163.39,28.98,67.71,86.79
2024-02-17,Brazil,Visakhapatnam,Wheat,Handymax,93247,82.82,816.27,163.39,28.98,67.71,86.79
2024-02-17,Brazil,Chennai,Iron Ore,Capesize,62154,92.87,816.27,163.39,28.98,67.71,86.79
2024-02-17,Australia,Paradip,Bauxite,Handysize,97702,85.45,816.27,163.39,28.98,67.71,86.79
2024-02-17,Russia,Paradip,Wheat,Supramax,112681,86.26,816.27,163.39,28.98,67.71,86.79
2024-02-17,Australia,Krishnapatnam,Bauxite,Handysize,47386,81.52,816.27,163.39,28.98,67.71,86.79
2024-02-18,Russia,Visakhapatnam,Fertilizer,Supramax,43553,86.76,546.82,127.52,62.46,91.61,35.65
2024-02-18,Russia,Chennai,Bauxite,Handysize,85876,81.43,546.82,127.52,62.46,91.61,35.65
2024-02-18,Australia,Visakhapatnam,Fertilizer,Handysize,58180,80.12,546.82,127.52,62.46,91.61,35.65
2024-02-18,Russia,Paradip,Iron Ore,Panamax,87393,92.69,546.82,127.52,62.46,91.61,35.65
2024-02-18,Brazil,Kakinada,Coal,Handysize,104076,82.6,546.82,127.52,62.46,91.61,35.65
2024-02-18,South Africa,Chennai,Wheat,Panamax,101456,90.89,546.82,127.52,62.46,91.61,35.65
2024-02-18,South Africa,Kakinada,Fertilizer,Handymax,79432,80.66,546.82,127.52,62.46,91.61,35.65
2024-02-18,Brazil,Visakhapatnam,Coal,Panamax,107464,93.07,546.82,127.52,62.46,91.61,35.65
2024-02-19,Russia,Paradip,Fertilizer,Capesize,78896,92.32,745.96,116.35,57.41,68.15,67.43
2024-02-19,Indonesia,Kakinada,Coal,Handysize,106069,81.46,745.96,116.35,57.41,68.15,67.43
2024-02-19,Russia,Chennai,Bauxite,Panamax,81645,91.85,745.96,116.35,57.41,68.15,67.43
2024-02-19,Russia,Chennai,Iron Ore,Handymax,87178,85.77,745.96,116.35,57.41,68.15,67.43
2024-02-19,Indonesia,Visakhapatnam,Fertilizer,Capesize,68429,87.26,745.96,116.35,57.41,68.15,67.43
2024-02-19,Australia,Kakinada,Coal,Supramax,33690,85.95,745.96,116.35,57.41,68.15,67.43
2024-02-19,Brazil,Kakinada,Bauxite,Handymax,33369,86.21,745.96,116.35,57.41,68.15,67.43
2024-02-19,Australia,Chennai,Fertilizer,Handysize,46817,80.17,745.96,116.35,57.41,68.15,67.43
2024-02-20,South Africa,Chennai,Iron Ore,Handysize,44774,82.24,660.72,183.86,18.57,76.19,68.48
2024-02-20,Russia,Krishnapatnam,Fertilizer,Handysize,33269,79.28,660.72,183.86,18.57,76.19,68.48
2024-02-20,Indonesia,Chennai,Fertilizer,Panamax,101210,87.89,660.72,183.86,18.57,76.19,68.48
2024-02-20,Australia,Visakhapatnam,Coal,Supramax,102941,85.55,660.72,183.86,18.57,76.19,68.48
2024-02-20,Indonesia,Krishnapatnam,Fertilizer,Handysize,60584,79.36,660.72,183.86,18.57,76.19,68.48
2024-02-20,Indonesia,Visakhapatnam,Wheat,Panamax,79113,86.12,660.72,183.86,18.57,76.19,68.48
2024-02-20,Australia,Paradip,Coal,Capesize,55276,90.92,660.72,183.86,18.57,76.19,68.48
2024-02-20,Russia,Paradip,Iron Ore,Supramax,46011,84.85,660.72,183.86,18.57,76.19,68.48
2024-02-21,Brazil,Kakinada,Fertilizer,Capesize,99091,91.59,619.31,116.26,39.32,87.29,65.01
2024-02-21,Brazil,Krishnapatnam,Iron Ore,Supramax,43765,85.51,619.31,116.26,39.32,87.29,65.01
2024-02-21,Indonesia,Paradip,Fertilizer,Handymax,27430,75.74,619.31,116.26,39.32,87.29,65.01
2024-02-21,Australia,Visakhapatnam,Bauxite,Handymax,31112,77.74,619.31,116.26,39.32,87.29,65.01
2024-02-21,South Africa,Chennai,Wheat,Supramax,107691,79.42,619.31,116.26,39.32,87.29,65.01
2024-02-21,Russia,Visakhapatnam,Iron Ore,Capesize,26557,87.8,619.31,116.26,39.32,87.29,65.01
2024-02-21,Russia,Krishnapatnam,Fertilizer,Panamax,27943,82.43,619.31,116.26,39.32,87.29,65.01
2024-02-21,Brazil,Kakinada,Iron Ore,Capesize,83475,91.1,619.31,116.26,39.32,87.29,65.01
2024-02-22,Brazil,Visakhapatnam,Bauxite,Supramax,88541,96.57,602.01,176.85,66.92,95.78,63.83
2024-02-22,South Africa,Krishnapatnam,Wheat,Handymax,88275,87.01,602.01,176.85,66.92,95.78,63.83
2024-02-22,Brazil,Kakinada,Wheat,Supramax,98730,87.9,602.01,176.85,66.92,95.78,63.83
2024-02-22,Brazil,Visakhapatnam,Wheat,Handymax,75878,90.58,602.01,176.85,66.92,95.78,63.83
2024-02-22,Russia,Chennai,Bauxite,Capesize,64555,98.68,602.01,176.85,66.92,95.78,63.83
2024-02-22,South Africa,Chennai,Iron Ore,Handysize,35009,88.05,602.01,176.85,66.92,95.78,63.83
2024-02-22,Indonesia,Krishnapatnam,Coal,Supramax,29185,90.41,602.01,176.85,66.92,95.78,63.83
2024-02-22,Indonesia,Krishnapatnam,Bauxite,Handymax,115164,88.8,602.01,176.85,66.92,95.78,63.83
2024-02-23,Australia,Krishnapatnam,Iron Ore,Handymax,60459,86.37,751.92,113.24,61.88,93.01,46.38
2024-02-23,Russia,Kakinada,Bauxite,Panamax,104259,96.94,751.92,113.24,61.88,93.01,46.38
2024-02-23,South Africa,Chennai,Bauxite,Capesize,90400,101.73,751.92,113.24,61.88,93.01,46.38
2024-02-23,Russia,Visakhapatnam,Fertilizer,Handysize,82099,85.56,751.92,113.24,61.88,93.01,46.38
2024-02-23,Russia,Chennai,Iron Ore,Supramax,44045,94.47,751.92,113.24,61.88,93.01,46.38
2024-02-23,Russia,Kakinada,Coal,Supramax,53623,88.48,751.92,113.24,61.88,93.01,46.38
2024-02-23,Indonesia,Paradip,Fertilizer,Handymax,51063,84.8,751.92,113.24,61.88,93.01,46.38
2024-02-23,Russia,Kakinada,Coal,Capesize,68671,99.76,751.92,113.24,61.88,93.01,46.38
2024-02-24,Russia,Chennai,Iron Ore,Capesize,78654,99.44,599.6,165.27,67.99,65.49,46.8
2024-02-24,South Africa,Kakinada,Wheat,Panamax,107156,93.4,599.6,165.27,67.99,65.49,46.8
2024-02-24,Australia,Kakinada,Bauxite,Handymax,66973,84.16,599.6,165.27,67.99,65.49,46.8
2024-02-24,Russia,Visakhapatnam,Wheat,Handysize,95690,80.16,599.6,165.27,67.99,65.49,46.8
2024-02-24,Brazil,Visakhapatnam,Fertilizer,Handymax,91600,84.01,599.6,165.27,67.99,65.49,46.8
2024-02-24,South Africa,Visakhapatnam,Bauxite,Panamax,108373,97.21,599.6,165.27,67.99,65.49,46.8
2024-02-24,South Africa,Kakinada,Iron Ore,Capesize,99919,97.52,599.6,165.27,67.99,65.49,46.8
2024-02-24,Russia,Visakhapatnam,Bauxite,Panamax,50373,94.18,599.6,165.27,67.99,65.49,46.8
2024-02-25,Brazil,Krishnapatnam,Fertilizer,Panamax,116108,85.58,720.22,131.97,44.25,73.48,77.69
2024-02-25,Brazil,Krishnapatnam,Fertilizer,Supramax,59441,81.11,720.22,131.97,44.25,73.48,77.69
2024-02-25,South Africa,Visakhapatnam,Fertilizer,Capesize,68419,87.13,720.22,131.97,44.25,73.48,77.69
2024-02-25,Brazil,Kakinada,Bauxite,Handymax,107095,85.45,720.22,131.97,44.25,73.48,77.69
2024-02-25,Brazil,Paradip,Bauxite,Handysize,57214,78.86,720.22,131.97,44.25,73.48,77.69
2024-02-25,Brazil,Kakinada,Wheat,Supramax,35740,80.15,720.22,131.97,44.25,73.48,77.69
2024-02-25,Brazil,Paradip,Coal,Handysize,93839,80.75,720.22,131.97,44.25,73.48,77.69
2024-02-25,Australia,Krishnapatnam,Iron Ore,Panamax,39584,91.61,720.22,131.97,44.25,73.48,77.69
2024-02-26,Brazil,Kakinada,Bauxite,Panamax,106889,93.55,674.87,150.26,10.58,100.0,54.68
2024-02-26,South Africa,Paradip,Coal,Handysize,73077,84.41,674.87,150.26,10.58,100.0,54.68
2024-02-26,Russia,Kakinada,Bauxite,Handysize,53435,79.54,674.87,150.26,10.58,100.0,54.68
2024-02-26,Australia,Krishnapatnam,Bauxite,Panamax,84052,92.55,674.87,150.26,10.58,100.0,54.68
2024-02-26,Brazil,Visakhapatnam,Iron Ore,Capesize,114191,97.49,674.87,150.26,10.58,100.0,54.68
2024-02-26,Brazil,Paradip,Iron Ore,Capesize,33823,95.46,674.87,150.26,10.58,100.0,54.68
2024-02-26,Australia,Paradip,Fertilizer,Panamax,106333,87.41,674.87,150.26,10.58,100.0,54.68
2024-02-26,Indonesia,Visakhapatnam,Bauxite,Handysize,110132,86.38,674.87,150.26,10.58,100.0,54.68
2024-02-27,Australia,Krishnapatnam,Fertilizer,Handymax,35419,79.28,603.53,119.41,19.63,73.51,48.73
2024-02-27,Russia,Kakinada,Wheat,Supramax,75277,79.21,603.53,119.41,19.63,73.51,48.73
2024-02-27,Indonesia,Kakinada,Wheat,Capesize,84994,83.97,603.53,119.41,19.63,73.51,48.73
2024-02-27,Australia,Paradip,Bauxite,Panamax,98966,85.21,603.53,119.41,19.63,73.51,48.73
2024-02-27,South Africa,Paradip,Fertilizer,Handysize,108719,74.57,603.53,119.41,19.63,73.51,48.73
2024-02-27,Indonesia,Kakinada,Bauxite,Handymax,30722,78.24,603.53,119.41,19.63,73.51,48.73
2024-02-27,Russia,Paradip,Iron Ore,Handymax,25334,75.01,603.53,119.41,19.63,73.51,48.73
2024-02-27,Brazil,Kakinada,Fertilizer,Handysize,42713,74.31,603.53,119.41,19.63,73.51,48.73
2024-02-28,Australia,Chennai,Coal,Handysize,34075,85.23,689.37,115.98,53.8,91.46,52.09
2024-02-28,Indonesia,Krishnapatnam,Fertilizer,Capesize,52229,91.38,689.37,115.98,53.8,91.46,52.09
2024-02-28,South Africa,Paradip,Fertilizer,Supramax,57924,85.25,689.37,115.98,53.8,91.46,52.09
2024-02-28,South Africa,Kakinada,Iron Ore,Capesize,99712,94.87,689.37,115.98,53.8,91.46,52.09
2024-02-28,Russia,Chennai,Fertilizer,Capesize,66993,95.28,689.37,115.98,53.8,91.46,52.09
2024-02-28,Russia,Krishnapatnam,Iron Ore,Handymax,28174,85.7,689.37,115.98,53.8,91.46,52.09
2024-02-28,Russia,Kakinada,Wheat,Supramax,91504,88.44,689.37,115.98,53.8,91.46,52.09
2024-02-28,Brazil,Visakhapatnam,Iron Ore,Panamax,44394,88.77,689.37,115.98,53.8,91.46,52.09
2024-02-29,South Africa,Visakhapatnam,Coal,Panamax,22353,92.37,826.75,105.24,32.53,94.66,90.65
2024-02-29,Brazil,Krishnapatnam,Bauxite,Capesize,51131,93.95,826.75,105.24,32.53,94.66,90.65
2024-02-29,Indonesia,Krishnapatnam,Coal,Panamax,111512,90.36,826.75,105.24,32.53,94.66,90.65
2024-02-29,Russia,Chennai,Wheat,Supramax,42247,83.66,826.75,105.24,32.53,94.66,90.65
2024-02-29,Australia,Visakhapatnam,Wheat,Handysize,91121,81.3,826.75,105.24,32.53,94.66,90.65
2024-02-29,Indonesia,Chennai,Wheat,Handymax,74740,82.58,826.75,105.24,32.53,94.66,90.65
2024-02-29,Indonesia,Krishnapatnam,Coal,Supramax,59440,86.78,826.75,105.24,32.53,94.66,90.65
2024-02-29,Indonesia,Kakinada,Iron Ore,Supramax,36908,86.21,826.75,105.24,32.53,94.66,90.65
2024-03-01,Russia,Chennai,Iron Ore,Supramax,70154,84.29,626.99,93.57,36.34,68.25,74.29
2024-03-01,Australia,Chennai,Bauxite,Panamax,29859,81.53,626.99,93.57,36.34,68.25,74.29
2024-03-01,Indonesia,Kakinada,Fertilizer,Supramax,77163,77.81,626.99,93.57,36.34,68.25,74.29
2024-03-01,Australia,Kakinada,Coal,Handysize,96427,78.02,626.99,93.57,36.34,68.25,74.29
2024-03-01,Brazil,Chennai,Coal,Capesize,35229,86.78,626.99,93.57,36.34,68.25,74.29
2024-03-01,Indonesia,Kakinada,Iron Ore,Supramax,83324,78.82,626.99,93.57,36.34,68.25,74.29
2024-03-01,Russia,Kakinada,Iron Ore,Panamax,33763,80.6,626.99,93.57,36.34,68.25,74.29
2024-03-01,Brazil,Visakhapatnam,Coal,Handymax,29775,73.71,626.99,93.57,36.34,68.25,74.29
2024-03-02,Russia,Krishnapatnam,Fertilizer,Panamax,23709,90.4,679.01,168.83,37.22,78.55,60.77
2024-03-02,South Africa,Chennai,Iron Ore,Supramax,25094,87.22,679.01,168.83,37.22,78.55,60.77
2024-03-02,Australia,Kakinada,Fertilizer,Handymax,47948,84.93,679.01,168.83,37.22,78.55,60.77
2024-03-02,Russia,Chennai,Fertilizer,Panamax,47961,93.49,679.01,168.83,37.22,78.55,60.77
2024-03-02,Brazil,Visakhapatnam,Bauxite,Handysize,70509,85.33,679.01,168.83,37.22,78.55,60.77
2024-03-02,Brazil,Chennai,Wheat,Capesize,60059,95.55,679.01,168.83,37.22,78.55,60.77
2024-03-02,Australia,Kakinada,Wheat,Handysize,50100,82.46,679.01,168.83,37.22,78.55,60.77
2024-03-02,Australia,Paradip,Wheat,Supramax,97530,86.45,679.01,168.83,37.22,78.55,60.77
2024-03-03,Australia,Visakhapatnam,Fertilizer,Supramax,51247,91.11,849.01,159.49,45.48,68.27,67.92
2024-03-03,Indonesia,Paradip,Iron Ore,Handysize,52021,86.33,849.01,159.49,45.48,68.27,67.92
2024-03-03,Indonesia,Krishnapatnam,Coal,Handysize,80690,86.15,849.01,159.49,45.48,68.27,67.92
2024-03-03,Brazil,Paradip,Iron Ore,Handysize,35802,87.77,849.01,159.49,45.48,68.27,67.92
2024-03-03,Indonesia,Paradip,Iron Ore,Supramax,72191,94.13,849.01,159.49,45.48,68.27,67.92
2024-03-03,South Africa,Krishnapatnam,Coal,Supramax,84430,92.1,849.01,159.49,45.48,68.27,67.92
2024-03-03,Australia,Visakhapatnam,Iron Ore,Supramax,109471,95.92,849.01,159.49,45.48,68.27,67.92
2024-03-03,South Africa,Paradip,Wheat,Handysize,20234,85.54,849.01,159.49,45.48,68.27,67.92
2024-03-04,South Africa,Kakinada,Coal,Panamax,37660,89.08,591.25,174.08,60.44,55.1,72.33
2024-03-04,Indonesia,Kakinada,Coal,Capesize,60499,91.09,591.25,174.08,60.44,55.1,72.33
2024-03-04,South Africa,Visakhapatnam,Fertilizer,Handymax,114285,84.19,591.25,174.08,60.44,55.1,72.33
2024-03-04,Russia,Krishnapatnam,Coal,Panamax,37674,85.44,591.25,174.08,60.44,55.1,72.33
2024-03-04,South Africa,Krishnapatnam,Wheat,Panamax,87542,86.68,591.25,174.08,60.44,55.1,72.33
2024-03-04,Brazil,Krishnapatnam,Bauxite,Supramax,67128,86.73,591.25,174.08,60.44,55.1,72.33
2024-03-04,Russia,Visakhapatnam,Bauxite,Capesize,38262,96.59,591.25,174.08,60.44,55.1,72.33
2024-03-04,Indonesia,Chennai,Fertilizer,Handymax,48385,79.78,591.25,174.08,60.44,55.1,72.33
2024-03-05,Australia,Paradip,Coal,Panamax,49684,95.66,721.09,142.69,68.54,100.0,37.81
2024-03-05,Brazil,Paradip,Bauxite,Supramax,70142,95.24,721.09,142.69,68.54,100.0,37.81
2024-03-05,Brazil,Krishnapatnam,Bauxite,Supramax,73168,97.51,721.09,142.69,68.54,100.0,37.81
2024-03-05,South Africa,Visakhapatnam,Fertilizer,Handysize,37945,88.54,721.09,142.69,68.54,100.0,37.81
2024-03-05,Brazil,Krishnapatnam,Fertilizer,Supramax,72262,94.43,721.09,142.69,68.54,100.0,37.81
2024-03-05,Indonesia,Kakinada,Wheat,Capesize,73639,104.29,721.09,142.69,68.54,100.0,37.81
2024-03-05,Australia,Chennai,Iron Ore,Handymax,20797,97.46,721.09,142.69,68.54,100.0,37.81
2024-03-05,Australia,Paradip,Bauxite,Handymax,102594,94.19,721.09,142.69,68.54,100.0,37.81
2024-03-06,Indonesia,Paradip,Wheat,Handymax,75448,91.64,844.34,144.86,51.33,89.11,41.52
2024-03-06,South Africa,Krishnapatnam,Wheat,Supramax,116444,97.58,844.34,144.86,51.33,89.11,41.52
2024-03-06,Indonesia,Kakinada,Bauxite,Capesize,102976,102.35,844.34,144.86,51.33,89.11,41.52
2024-03-06,Russia,Chennai,Wheat,Handymax,70060,89.91,844.34,144.86,51.33,89.11,41.52
2024-03-06,Indonesia,Krishnapatnam,Coal,Handymax,23345,93.64,844.34,144.86,51.33,89.11,41.52
2024-03-06,South Africa,Kakinada,Iron Ore,Supramax,103375,98.71,844.34,144.86,51.33,89.11,41.52
2024-03-06,Brazil,Chennai,Bauxite,Handymax,43583,93.53,844.34,144.86,51.33,89.11,41.52
2024-03-06,Indonesia,Kakinada,Coal,Handymax,99351,93.7,844.34,144.86,51.33,89.11,41.52
2024-03-07,Indonesia,Kakinada,Iron Ore,Handymax,44959,86.15,757.59,138.01,40.78,74.73,53.14
2024-03-07,South Africa,Paradip,Fertilizer,Panamax,40191,91.23,757.59,138.01,40.78,74.73,53.14
2024-03-07,Indonesia,Chennai,Fertilizer,Panamax,49136,89.46,757.59,138.01,40.78,74.73,53.14
2024-03-07,South Africa,Visakhapatnam,Fertilizer,Supramax,78559,86.98,757.59,138.01,40.78,74.73,53.14
2024-03-07,Brazil,Kakinada,Wheat,Handysize,101776,81.61,757.59,138.01,40.78,74.73,53.14
2024-03-07,South Africa,Chennai,Wheat,Supramax,21722,84.89,757.59,138.01,40.78,74.73,53.14
2024-03-07,Russia,Kakinada,Iron Ore,Handymax,61001,87.3,757.59,138.01,40.78,74.73,53.14
2024-03-07,Indonesia,Visakhapatnam,Fertilizer,Supramax,25492,87.64,757.59,138.01,40.78,74.73,53.14
2024-03-08,Indonesia,Krishnapatnam,Bauxite,Capesize,113938,93.78,541.36,172.73,37.39,87.51,73.68
2024-03-08,Russia,Paradip,Coal,Panamax,94843,90.97,541.36,172.73,37.39,87.51,73.68
2024-03-08,Australia,Chennai,Coal,Capesize,44188,90.02,541.36,172.73,37.39,87.51,73.68
2024-03-08,South Africa,Chennai,Bauxite,Capesize,52286,96.42,541.36,172.73,37.39,87.51,73.68
2024-03-08,Australia,Kakinada,Iron Ore,Supramax,92988,90.14,541.36,172.73,37.39,87.51,73.68
2024-03-08,Australia,Kakinada,Iron Ore,Capesize,85533,96.74,541.36,172.73,37.39,87.51,73.68
2024-03-08,Russia,Visakhapatnam,Iron Ore,Panamax,84975,89.75,541.36,172.73,37.39,87.51,73.68
2024-03-08,Russia,Kakinada,Wheat,Capesize,43074,90.5,541.36,172.73,37.39,87.51,73.68
2024-03-09,Australia,Krishnapatnam,Wheat,Supramax,91102,83.17,579.4,106.91,56.15,67.4,36.7
2024-03-09,Indonesia,Chennai,Wheat,Capesize,29868,83.3,579.4,106.91,56.15,67.4,36.7
2024-03-09,Australia,Paradip,Wheat,Handysize,91091,75.69,579.4,106.91,56.15,67.4,36.7
2024-03-09,Indonesia,Visakhapatnam,Bauxite,Panamax,41307,86.32,579.4,106.91,56.15,67.4,36.7
2024-03-09,South Africa,Krishnapatnam,Coal,Panamax,79179,90.21,579.4,106.91,56.15,67.4,36.7
2024-03-09,Australia,Krishnapatnam,Wheat,Panamax,107533,88.62,579.4,106.91,56.15,67.4,36.7
2024-03-09,Russia,Chennai,Fertilizer,Capesize,72822,86.74,579.4,106.91,56.15,67.4,36.7
2024-03-09,Indonesia,Chennai,Coal,Panamax,37139,87.45,579.4,106.91,56.15,67.4,36.7
2024-03-10,Russia,Visakhapatnam,Iron Ore,Capesize,96159,99.9,733.76,132.13,38.56,93.04,39.18
2024-03-10,Indonesia,Chennai,Coal,Handymax,36110,87.48,733.76,132.13,38.56,93.04,39.18
2024-03-10,Australia,Visakhapatnam,Wheat,Supramax,20893,85.61,733.76,132.13,38.56,93.04,39.18
2024-03-10,Australia,Krishnapatnam,Iron Ore,Handysize,119684,86.76,733.76,132.13,38.56,93.04,39.18
2024-03-10,South Africa,Chennai,Bauxite,Panamax,91637,96.93,733.76,132.13,38.56,93.04,39.18
2024-03-10,Australia,Kakinada,Fertilizer,Panamax,34890,91.7,733.76,132.13,38.56,93.04,39.18
2024-03-10,Indonesia,Visakhapatnam,Fertilizer,Supramax,82594,93.01,733.76,132.13,38.56,93.04,39.18
2024-03-10,Brazil,Paradip,Iron Ore,Handymax,28747,86.52,733.76,132.13,38.56,93.04,39.18
2024-03-11,South Africa,Paradip,Bauxite,Handymax,39467,83.51,626.4,147.27,29.36,76.05,59.33
2024-03-11,South Africa,Kakinada,Bauxite,Handymax,61357,85.31,626.4,147.27,29.36,76.05,59.33
2024-03-11,Indonesia,Kakinada,Coal,Panamax,42188,85.3,626.4,147.27,29.36,76.05,59.33
2024-03-11,Indonesia,Krishnapatnam,Fertilizer,Handymax,95531,81.75,626.4,147.27,29.36,76.05,59.33
2024-03-11,Brazil,Kakinada,Bauxite,Panamax,24188,85.99,626.4,147.27,29.36,76.05,59.33
2024-03-11,Brazil,Chennai,Fertilizer,Panamax,66095,87.83,626.4,147.27,29.36,76.05,59.33
2024-03-11,Indonesia,Chennai,Bauxite,Handysize,103087,83.19,626.4,147.27,29.36,76.05,59.33
2024-03-11,Brazil,Kakinada,Coal,Supramax,95764,88.85,626.4,147.27,29.36,76.05,59.33
2024-03-12,Brazil,Visakhapatnam,Fertilizer,Panamax,38604,82.32,802.68,94.38,25.33,93.05,78.3
2024-03-12,Indonesia,Kakinada,Fertilizer,Capesize,45362,88.58,802.68,94.38,25.33,93.05,78.3
2024-03-12,South Africa,Visakhapatnam,Fertilizer,Handysize,113696,78.5,802.68,94.38,25.33,93.05,78.3
2024-03-12,Brazil,Kakinada,Iron Ore,Handysize,60727,82.45,802.68,94.38,25.33,93.05,78.3
2024-03-12,Australia,Visakhapatnam,Bauxite,Handysize,51227,80.25,802.68,94.38,25.33,93.05,78.3
2024-03-12,Russia,Visakhapatnam,Coal,Handymax,20337,79.54,802.68,94.38,25.33,93.05,78.3
2024-03-12,Brazil,Kakinada,Bauxite,Handysize,92025,81.45,802.68,94.38,25.33,93.05,78.3
2024-03-12,Russia,Paradip,Fertilizer,Handysize,94901,79.5,802.68,94.38,25.33,93.05,78.3
2024-03-13,South Africa,Kakinada,Wheat,Panamax,55071,79.59,518.21,128.82,41.2,80.44,79.4
2024-03-13,Russia,Chennai,Iron Ore,Handysize,102561,79.75,518.21,128.82,41.2,80.44,79.4
2024-03-13,Russia,Chennai,Coal,Capesize,88872,85.96,518.21,128.82,41.2,80.44,79.4
2024-03-13,Brazil,Chennai,Iron Ore,Handysize,42027,80.09,518.21,128.82,41.2,80.44,79.4
2024-03-13,Brazil,Krishnapatnam,Coal,Handysize,104293,77.47,518.21,128.82,41.2,80.44,79.4
2024-03-13,Brazil,Chennai,Bauxite,Panamax,112438,85.2,518.21,128.82,41.2,80.44,79.4
2024-03-13,Brazil,Chennai,Fertilizer,Panamax,97115,85.9,518.21,128.82,41.2,80.44,79.4
2024-03-13,South Africa,Visakhapatnam,Wheat,Handymax,48359,75.03,518.21,128.82,41.2,80.44,79.4
2024-03-14,Russia,Visakhapatnam,Fertilizer,Panamax,23745,90.42,769.54,98.25,54.95,83.28,35.31
2024-03-14,Russia,Kakinada,Coal,Panamax,33489,93.02,769.54,98.25,54.95,83.28,35.31
2024-03-14,Russia,Kakinada,Coal,Handysize,96711,86.33,769.54,98.25,54.95,83.28,35.31
2024-03-14,Indonesia,Visakhapatnam,Wheat,Supramax,79698,86.44,769.54,98.25,54.95,83.28,35.31
2024-03-14,Indonesia,Chennai,Iron Ore,Handymax,89980,92.81,769.54,98.25,54.95,83.28,35.31
2024-03-14,Russia,Chennai,Wheat,Panamax,95603,89.89,769.54,98.25,54.95,83.28,35.31
2024-03-14,Brazil,Visakhapatnam,Wheat,Supramax,114571,92.01,769.54,98.25,54.95,83.28,35.31
2024-03-14,Russia,Kakinada,Fertilizer,Handysize,107292,82.16,769.54,98.25,54.95,83.28,35.31
2024-03-15,Russia,Krishnapatnam,Iron Ore,Handymax,117074,84.19,749.24,101.16,29.29,75.5,57.49
2024-03-15,Brazil,Paradip,Coal,Capesize,56559,85.78,749.24,101.16,29.29,75.5,57.49
2024-03-15,Indonesia,Paradip,Bauxite,Capesize,50006,91.44,749.24,101.16,29.29,75.5,57.49
2024-03-15,Indonesia,Paradip,Iron Ore,Supramax,30190,85.62,749.24,101.16,29.29,75.5,57.49
2024-03-15,South Africa,Kakinada,Iron Ore,Handysize,89616,81.84,749.24,101.16,29.29,75.5,57.49
2024-03-15,Russia,Krishnapatnam,Wheat,Handymax,99880,75.64,749.24,101.16,29.29,75.5,57.49
2024-03-15,Russia,Paradip,Fertilizer,Handymax,20789,75.55,749.24,101.16,29.29,75.5,57.49
2024-03-15,Australia,Visakhapatnam,Wheat,Panamax,34705,82.7,749.24,101.16,29.29,75.5,57.49
2024-03-16,Indonesia,Chennai,Wheat,Handymax,88440,81.42,721.05,124.81,39.53,64.93,59.26
2024-03-16,Brazil,Chennai,Iron Ore,Handymax,116492,87.26,721.05,124.81,39.53,64.93,59.26
2024-03-16,South Africa,Visakhapatnam,Wheat,Capesize,77272,91.27,721.05,124.81,39.53,64.93,59.26
2024-03-16,Brazil,Chennai,Coal,Handymax,28283,78.46,721.05,124.81,39.53,64.93,59.26
2024-03-16,Russia,Paradip,Iron Ore,Supramax,90949,85.07,721.05,124.81,39.53,64.93,59.26
2024-03-16,Russia,Kakinada,Bauxite,Capesize,89368,95.04,721.05,124.81,39.53,64.93,59.26
2024-03-16,Russia,Krishnapatnam,Iron Ore,Handysize,88882,80.89,721.05,124.81,39.53,64.93,59.26
2024-03-16,Australia,Paradip,Fertilizer,Handymax,30535,80.17,721.05,124.81,39.53,64.93,59.26
2024-03-17,Australia,Kakinada,Iron Ore,Capesize,21085,100.42,841.32,143.94,24.8,100.0,63.99
2024-03-17,Brazil,Chennai,Fertilizer,Panamax,35658,91.19,841.32,143.94,24.8,100.0,63.99
2024-03-17,Brazil,Krishnapatnam,Coal,Handymax,94499,92.0,841.32,143.94,24.8,100.0,63.99
2024-03-17,Brazil,Paradip,Fertilizer,Capesize,98501,98.42,841.32,143.94,24.8,100.0,63.99
2024-03-17,Indonesia,Krishnapatnam,Coal,Handymax,34184,93.39,841.32,143.94,24.8,100.0,63.99
2024-03-17,Brazil,Paradip,Iron Ore,Handysize,69178,88.04,841.32,143.94,24.8,100.0,63.99
2024-03-17,Indonesia,Chennai,Wheat,Handysize,99811,87.44,841.32,143.94,24.8,100.0,63.99
2024-03-17,South Africa,Krishnapatnam,Fertilizer,Supramax,28308,87.03,841.32,143.94,24.8,100.0,63.99
2024-03-18,Brazil,Chennai,Coal,Handysize,54261,77.65,547.47,128.55,43.88,67.84,34.4
2024-03-18,Australia,Krishnapatnam,Iron Ore,Handysize,40336,81.74,547.47,128.55,43.88,67.84,34.4
2024-03-18,Indonesia,Krishnapatnam,Bauxite,Supramax,116453,81.56,547.47,128.55,43.88,67.84,34.4
2024-03-18,Russia,Visakhapatnam,Fertilizer,Handysize,88334,78.59,547.47,128.55,43.88,67.84,34.4
2024-03-18,South Africa,Visakhapatnam,Fertilizer,Capesize,102374,92.34,547.47,128.55,43.88,67.84,34.4
2024-03-18,Brazil,Visakhapatnam,Bauxite,Panamax,88125,86.78,547.47,128.55,43.88,67.84,34.4
2024-03-18,Russia,Visakhapatnam,Bauxite,Supramax,65052,86.01,547.47,128.55,43.88,67.84,34.4
2024-03-18,Indonesia,Chennai,Fertilizer,Supramax,68735,83.7,547.47,128.55,43.88,67.84,34.4
2024-03-19,South Africa,Krishnapatnam,Iron Ore,Supramax,50545,84.52,656.53,123.07,58.53,77.42,79.3
2024-03-19,Brazil,Visakhapatnam,Wheat,Capesize,59279,89.6,656.53,123.07,58.53,77.42,79.3
2024-03-19,Indonesia,Krishnapatnam,Coal,Handysize,50043,78.43,656.53,123.07,58.53,77.42,79.3
2024-03-19,Russia,Chennai,Coal,Panamax,107111,88.89,656.53,123.07,58.53,77.42,79.3
2024-03-19,Indonesia,Krishnapatnam,Coal,Capesize,60252,93.53,656.53,123.07,58.53,77.42,79.3
2024-03-19,Australia,Kakinada,Wheat,Panamax,104066,88.03,656.53,123.07,58.53,77.42,79.3
2024-03-19,Russia,Chennai,Bauxite,Handysize,117391,81.94,656.53,123.07,58.53,77.42,79.3
2024-03-19,South Africa,Paradip,Fertilizer,Handymax,24834,82.69,656.53,123.07,58.53,77.42,79.3
2024-03-20,Russia,Krishnapatnam,Iron Ore,Handysize,88193,77.03,784.78,97.58,5.0,56.23,77.42
2024-03-20,South Africa,Kakinada,Bauxite,Handymax,111118,79.51,784.78,97.58,5.0,56.23,77.42
2024-03-20,Indonesia,Chennai,Bauxite,Handysize,39589,75.23,784.78,97.58,5.0,56.23,77.42
2024-03-20,South Africa,Paradip,Iron Ore,Supramax,95623,83.2,784.78,97.58,5.0,56.23,77.42
2024-03-20,South Africa,Krishnapatnam,Iron Ore,Panamax,117969,83.66,784.78,97.58,5.0,56.23,77.42
2024-03-20,Indonesia,Chennai,Fertilizer,Handysize,29109,71.03,784.78,97.58,5.0,56.23,77.42
2024-03-20,Indonesia,Krishnapatnam,Fertilizer,Handymax,104343,72.7,784.78,97.58,5.0,56.23,77.42
2024-03-20,South Africa,Paradip,Fertilizer,Panamax,62759,79.16,784.78,97.58,5.0,56.23,77.42
2024-03-21,Brazil,Chennai,Coal,Panamax,24398,88.4,817.54,98.56,48.63,81.31,51.46
2024-03-21,Indonesia,Chennai,Coal,Handysize,57275,85.0,817.54,98.56,48.63,81.31,51.46
2024-03-21,Indonesia,Chennai,Iron Ore,Panamax,32343,93.08,817.54,98.56,48.63,81.31,51.46
2024-03-21,Indonesia,Chennai,Bauxite,Capesize,35438,96.77,817.54,98.56,48.63,81.31,51.46
2024-03-21,Australia,Kakinada,Coal,Supramax,106704,91.55,817.54,98.56,48.63,81.31,51.46
2024-03-21,Brazil,Krishnapatnam,Iron Ore,Supramax,44570,94.01,817.54,98.56,48.63,81.31,51.46
2024-03-21,Russia,Visakhapatnam,Fertilizer,Capesize,77522,97.18,817.54,98.56,48.63,81.31,51.46
2024-03-21,Australia,Chennai,Iron Ore,Capesize,21283,93.53,817.54,98.56,48.63,81.31,51.46
2024-03-22,South Africa,Visakhapatnam,Coal,Supramax,58779,91.07,568.71,173.42,62.36,69.83,45.24
2024-03-22,Australia,Chennai,Bauxite,Handysize,55249,81.5,568.71,173.42,62.36,69.83,45.24
2024-03-22,Russia,Chennai,Fertilizer,Capesize,115146,94.48,568.71,173.42,62.36,69.83,45.24
2024-03-22,Australia,Krishnapatnam,Wheat,Panamax,29361,92.24,568.71,173.42,62.36,69.83,45.24
2024-03-22,Brazil,Paradip,Coal,Panamax,90251,93.84,568.71,173.42,62.36,69.83,45.24
2024-03-22,Australia,Visakhapatnam,Coal,Panamax,101986,91.7,568.71,173.42,62.36,69.83,45.24
2024-03-22,Indonesia,Kakinada,Bauxite,Capesize,29325,95.15,568.71,173.42,62.36,69.83,45.24
2024-03-22,South Africa,Kakinada,Wheat,Capesize,42454,93.82,568.71,173.42,62.36,69.83,45.24
2024-03-23,South Africa,Krishnapatnam,Iron Ore,Capesize,82212,102.01,763.42,166.7,52.45,93.22,72.84
2024-03-23,Brazil,Visakhapatnam,Bauxite,Handysize,62793,89.17,763.42,166.7,52.45,93.22,72.84
2024-03-23,Russia,Paradip,Bauxite,Panamax,98632,98.38,763.42,166.7,52.45,93.22,72.84
2024-03-23,Brazil,Kakinada,Coal,Supramax,48803,90.32,763.42,166.7,52.45,93.22,72.84
2024-03-23,Indonesia,Visakhapatnam,Bauxite,Handysize,80554,90.51,763.42,166.7,52.45,93.22,72.84
2024-03-23,Australia,Krishnapatnam,Coal,Panamax,102022,96.93,763.42,166.7,52.45,93.22,72.84
2024-03-23,Indonesia,Chennai,Iron Ore,Handysize,33248,91.45,763.42,166.7,52.45,93.22,72.84
2024-03-23,Indonesia,Paradip,Iron Ore,Handymax,35494,91.25,763.42,166.7,52.45,93.22,72.84
2024-03-24,Russia,Chennai,Iron Ore,Panamax,108307,91.11,744.23,88.41,27.36,72.74,51.91
2024-03-24,Indonesia,Krishnapatnam,Bauxite,Supramax,108383,87.36,744.23,88.41,27.36,72.74,51.91
2024-03-24,Brazil,Kakinada,Iron Ore,Handysize,111777,78.07,744.23,88.41,27.36,72.74,51.91
2024-03-24,Australia,Chennai,Wheat,Handysize,88140,75.13,744.23,88.41,27.36,72.74,51.91
2024-03-24,Australia,Krishnapatnam,Fertilizer,Handysize,113460,79.14,744.23,88.41,27.36,72.74,51.91
2024-03-24,South Africa,Chennai,Coal,Capesize,83258,92.56,744.23,88.41,27.36,72.74,51.91
2024-03-24,Australia,Krishnapatnam,Bauxite,Handymax,56036,79.79,744.23,88.41,27.36,72.74,51.91
2024-03-24,South Africa,Chennai,Coal,Panamax,89495,91.14,744.23,88.41,27.36,72.74,51.91
2024-03-25,Australia,Krishnapatnam,Coal,Supramax,95498,83.33,806.66,85.1,40.31,74.27,62.45
2024-03-25,Russia,Krishnapatnam,Iron Ore,Handymax,45380,84.98,806.66,85.1,40.31,74.27,62.45
2024-03-25,Australia,Paradip,Iron Ore,Supramax,44610,86.57,806.66,85.1,40.31,74.27,62.45
2024-03-25,Indonesia,Krishnapatnam,Fertilizer,Handymax,51092,81.95,806.66,85.1,40.31,74.27,62.45
2024-03-25,Indonesia,Krishnapatnam,Coal,Supramax,48776,84.98,806.66,85.1,40.31,74.27,62.45
2024-03-25,Brazil,Kakinada,Bauxite,Handysize,86681,82.37,806.66,85.1,40.31,74.27,62.45
2024-03-25,Indonesia,Krishnapatnam,Fertilizer,Panamax,109898,85.31,806.66,85.1,40.31,74.27,62.45
2024-03-25,Australia,Kakinada,Coal,Capesize,100468,92.76,806.66,85.1,40.31,74.27,62.45
2024-03-26,Indonesia,Chennai,Iron Ore,Panamax,69108,89.29,510.99,96.65,55.93,86.76,40.4
2024-03-26,Indonesia,Visakhapatnam,Wheat,Handymax,108219,80.3,510.99,96.65,55.93,86.76,40.4
2024-03-26,Brazil,Paradip,Iron Ore,Supramax,80548,83.97,510.99,96.65,55.93,86.76,40.4
2024-03-26,Australia,Chennai,Iron Ore,Capesize,61614,94.79,510.99,96.65,55.93,86.76,40.4
2024-03-26,Brazil,Paradip,Iron Ore,Supramax,36411,83.69,510.99,96.65,55.93,86.76,40.4
2024-03-26,Indonesia,Kakinada,Bauxite,Handymax,76058,82.94,510.99,96.65,55.93,86.76,40.4
2024-03-26,Russia,Kakinada,Coal,Supramax,40930,80.84,510.99,96.65,55.93,86.76,40.4
2024-03-26,Brazil,Krishnapatnam,Wheat,Handymax,22027,76.54,510.99,96.65,55.93,86.76,40.4
2024-03-27,Indonesia,Kakinada,Coal,Supramax,92673,89.12,813.22,103.53,47.39,75.57,39.22
2024-03-27,Brazil,Chennai,Iron Ore,Capesize,35491,95.66,813.22,103.53,47.39,75.57,39.22
2024-03-27,Indonesia,Visakhapatnam,Bauxite,Panamax,37564,92.65,813.22,103.53,47.39,75.57,39.22
2024-03-27,Brazil,Visakhapatnam,Coal,Handymax,114913,88.97,813.22,103.53,47.39,75.57,39.22
2024-03-27,South Africa,Visakhapatnam,Iron Ore,Handysize,90344,87.32,813.22,103.53,47.39,75.57,39.22
2024-03-27,Brazil,Krishnapatnam,Fertilizer,Handysize,39171,79.54,813.22,103.53,47.39,75.57,39.22
2024-03-27,Russia,Paradip,Fertilizer,Supramax,51342,90.1,813.22,103.53,47.39,75.57,39.22
2024-03-27,Australia,Krishnapatnam,Bauxite,Handymax,80333,87.13,813.22,103.53,47.39,75.57,39.22
2024-03-28,Russia,Paradip,Wheat,Capesize,87778,97.64,817.57,148.68,50.0,74.36,65.67
2024-03-28,Australia,Chennai,Wheat,Panamax,74034,89.86,817.57,148.68,50.0,74.36,65.67
2024-03-28,Australia,Krishnapatnam,Iron Ore,Capesize,56716,101.2,817.57,148.68,50.0,74.36,65.67
2024-03-28,South Africa,Paradip,Wheat,Handysize,40856,86.4,817.57,148.68,50.0,74.36,65.67
2024-03-28,Russia,Chennai,Iron Ore,Supramax,83214,89.99,817.57,148.68,50.0,74.36,65.67
2024-03-28,South Africa,Kakinada,Fertilizer,Handymax,87053,84.36,817.57,148.68,50.0,74.36,65.67
2024-03-28,Brazil,Krishnapatnam,Coal,Handysize,79048,85.76,817.57,148.68,50.0,74.36,65.67
2024-03-28,Russia,Krishnapatnam,Coal,Handysize,41497,83.49,817.57,148.68,50.0,74.36,65.67
2024-03-29,Brazil,Chennai,Bauxite,Supramax,57345,90.39,759.13,164.93,42.97,62.08,69.78
2024-03-29,South Africa,Kakinada,Bauxite,Panamax,73965,93.07,759.13,164.93,42.97,62.08,69.78
2024-03-29,Russia,Visakhapatnam,Wheat,Capesize,68440,92.32,759.13,164.93,42.97,62.08,69.78
2024-03-29,Indonesia,Paradip,Wheat,Handysize,50753,82.41,759.13,164.93,42.97,62.08,69.78
2024-03-29,Russia,Kakinada,Iron Ore,Panamax,96518,95.21,759.13,164.93,42.97,62.08,69.78
2024-03-29,South Africa,Visakhapatnam,Coal,Panamax,41775,91.49,759.13,164.93,42.97,62.08,69.78
2024-03-29,South Africa,Krishnapatnam,Coal,Handysize,34927,81.33,759.13,164.93,42.97,62.08,69.78
2024-03-29,Australia,Paradip,Wheat,Handysize,44556,81.73,759.13,164.93,42.97,62.08,69.78
2024-03-30,Russia,Krishnapatnam,Iron Ore,Handymax,65562,87.84,745.11,155.28,31.92,76.55,53.24
2024-03-30,South Africa,Kakinada,Bauxite,Handymax,35698,87.79,745.11,155.28,31.92,76.55,53.24
2024-03-30,Russia,Kakinada,Bauxite,Capesize,104695,101.4,745.11,155.28,31.92,76.55,53.24
2024-03-30,Indonesia,Paradip,Fertilizer,Supramax,98254,86.92,745.11,155.28,31.92,76.55,53.24
2024-03-30,Brazil,Krishnapatnam,Wheat,Supramax,67032,84.73,745.11,155.28,31.92,76.55,53.24
2024-03-30,South Africa,Krishnapatnam,Iron Ore,Handysize,36371,85.5,745.11,155.28,31.92,76.55,53.24
2024-03-30,Australia,Visakhapatnam,Wheat,Handymax,49577,82.99,745.11,155.28,31.92,76.55,53.24
2024-03-30,South Africa,Krishnapatnam,Iron Ore,Handymax,92053,87.16,745.11,155.28,31.92,76.55,53.24
2024-03-31,Brazil,Krishnapatnam,Bauxite,Handysize,63239,78.51,610.21,120.86,39.35,82.46,60.49
2024-03-31,Brazil,Paradip,Iron Ore,Panamax,100389,90.33,610.21,120.86,39.35,82.46,60.49
2024-03-31,Indonesia,Kakinada,Bauxite,Handymax,103105,78.96,610.21,120.86,39.35,82.46,60.49
2024-03-31,Russia,Krishnapatnam,Iron Ore,Handymax,111494,83.36,610.21,120.86,39.35,82.46,60.49
2024-03-31,Brazil,Visakhapatnam,Iron Ore,Handymax,59875,83.61,610.21,120.86,39.35,82.46,60.49
2024-03-31,South Africa,Krishnapatnam,Fertilizer,Panamax,73984,88.26,610.21,120.86,39.35,82.46,60.49
2024-03-31,Russia,Paradip,Bauxite,Handysize,101937,80.56,610.21,120.86,39.35,82.46,60.49
2024-03-31,Australia,Krishnapatnam,Bauxite,Panamax,72239,88.75,610.21,120.86,39.35,82.46,60.49
2024-04-01,South Africa,Visakhapatnam,Wheat,Capesize,93301,81.58,559.03,93.12,38.63,64.37,75.9
2024-04-01,Australia,Paradip,Fertilizer,Handymax,58182,72.51,559.03,93.12,38.63,64.37,75.9
2024-04-01,Brazil,Kakinada,Bauxite,Capesize,98812,84.53,559.03,93.12,38.63,64.37,75.9
2024-04-01,Russia,Visakhapatnam,Wheat,Capesize,110133,82.29,559.03,93.12,38.63,64.37,75.9
2024-04-01,Russia,Paradip,Wheat,Handysize,62852,67.51,559.03,93.12,38.63,64.37,75.9
2024-04-01,Brazil,Kakinada,Iron Ore,Capesize,57352,85.93,559.03,93.12,38.63,64.37,75.9
2024-04-01,Russia,Visakhapatnam,Coal,Supramax,46844,77.15,559.03,93.12,38.63,64.37,75.9
2024-04-01,Russia,Krishnapatnam,Bauxite,Handysize,25362,70.26,559.03,93.12,38.63,64.37,75.9
2024-04-02,South Africa,Visakhapatnam,Bauxite,Handymax,71534,80.06,585.07,141.54,33.6,83.62,70.84
2024-04-02,Australia,Krishnapatnam,Bauxite,Handysize,47460,77.25,585.07,141.54,33.6,83.62,70.84
2024-04-02,Indonesia,Kakinada,Wheat,Handysize,94783,74.08,585.07,141.54,33.6,83.62,70.84
2024-04-02,South Africa,Kakinada,Wheat,Panamax,36387,81.17,585.07,141.54,33.6,83.62,70.84
2024-04-02,Indonesia,Krishnapatnam,Fertilizer,Capesize,81580,85.29,585.07,141.54,33.6,83.62,70.84
2024-04-02,Russia,Paradip,Bauxite,Supramax,84697,82.47,585.07,141.54,33.6,83.62,70.84
2024-04-02,Australia,Krishnapatnam,Coal,Panamax,72680,86.42,585.07,141.54,33.6,83.62,70.84
2024-04-02,Brazil,Krishnapatnam,Wheat,Handymax,66589,80.71,585.07,141.54,33.6,83.62,70.84
2024-04-03,Australia,Krishnapatnam,Bauxite,Handymax,119203,81.77,749.68,120.49,45.6,51.48,69.66
2024-04-03,Australia,Krishnapatnam,Wheat,Handymax,101483,77.35,749.68,120.49,45.6,51.48,69.66
2024-04-03,Brazil,Paradip,Wheat,Capesize,81281,90.8,749.68,120.49,45.6,51.48,69.66
2024-04-03,South Africa,Krishnapatnam,Wheat,Panamax,51485,83.6,749.68,120.49,45.6,51.48,69.66
2024-04-03,Brazil,Paradip,Coal,Panamax,48692,84.21,749.68,120.49,45.6,51.48,69.66
2024-04-03,Australia,Kakinada,Bauxite,Panamax,61620,87.87,749.68,120.49,45.6,51.48,69.66
2024-04-03,Brazil,Visakhapatnam,Wheat,Handymax,63051,77.95,749.68,120.49,45.6,51.48,69.66
2024-04-03,Russia,Paradip,Fertilizer,Supramax,44564,80.65,749.68,120.49,45.6,51.48,69.66
2024-04-04,South Africa,Chennai,Coal,Panamax,99543,92.85,545.56,167.0,54.19,82.42,55.0
2024-04-04,Indonesia,Krishnapatnam,Wheat,Panamax,42670,88.68,545.56,167.0,54.19,82.42,55.0
2024-04-04,South Africa,Chennai,Bauxite,Capesize,22208,93.18,545.56,167.0,54.19,82.42,55.0
2024-04-04,South Africa,Paradip,Iron Ore,Capesize,104059,96.67,545.56,167.0,54.19,82.42,55.0
2024-04-04,Brazil,Kakinada,Iron Ore,Handymax,63758,84.27,545.56,167.0,54.19,82.42,55.0
2024-04-04,Australia,Visakhapatnam,Bauxite,Handysize,113946,82.46,545.56,167.0,54.19,82.42,55.0
2024-04-04,Australia,Visakhapatnam,Wheat,Supramax,43212,83.68,545.56,167.0,54.19,82.42,55.0
2024-04-04,Brazil,Krishnapatnam,Bauxite,Capesize,48063,95.05,545.56,167.0,54.19,82.42,55.0
2024-04-05,Brazil,Krishnapatnam,Iron Ore,Handymax,78812,95.26,796.25,155.16,47.73,94.12,69.77
2024-04-05,Brazil,Chennai,Bauxite,Capesize,116123,104.41,796.25,155.16,47.73,94.12,69.77
2024-04-05,Brazil,Krishnapatnam,Coal,Supramax,40378,90.01,796.25,155.16,47.73,94.12,69.77
2024-04-05,Australia,Paradip,Bauxite,Capesize,106353,100.06,796.25,155.16,47.73,94.12,69.77
2024-04-05,Russia,Chennai,Coal,Handysize,25135,90.59,796.25,155.16,47.73,94.12,69.77
2024-04-05,Australia,Visakhapatnam,Iron Ore,Panamax,41925,95.74,796.25,155.16,47.73,94.12,69.77
2024-04-05,Brazil,Kakinada,Fertilizer,Panamax,118376,96.56,796.25,155.16,47.73,94.12,69.77
2024-04-05,Indonesia,Paradip,Iron Ore,Panamax,27426,95.28,796.25,155.16,47.73,94.12,69.77
2024-04-06,Australia,Chennai,Coal,Handymax,83778,85.21,517.17,168.09,47.73,94.73,59.33
2024-04-06,Indonesia,Visakhapatnam,Fertilizer,Panamax,21903,87.88,517.17,168.09,47.73,94.73,59.33
2024-04-06,Indonesia,Chennai,Iron Ore,Handysize,29271,83.04,517.17,168.09,47.73,94.73,59.33
2024-04-06,Indonesia,Visakhapatnam,Iron Ore,Supramax,22332,86.76,517.17,168.09,47.73,94.73,59.33
2024-04-06,Australia,Paradip,Coal,Supramax,82396,89.62,517.17,168.09,47.73,94.73,59.33
2024-04-06,South Africa,Kakinada,Coal,Handymax,91784,88.72,517.17,168.09,47.73,94.73,59.33
2024-04-06,South Africa,Chennai,Iron Ore,Panamax,89053,91.43,517.17,168.09,47.73,94.73,59.33
2024-04-06,Brazil,Paradip,Bauxite,Capesize,75910,93.48,517.17,168.09,47.73,94.73,59.33
2024-04-07,Indonesia,Krishnapatnam,Coal,Supramax,47377,84.74,576.58,160.17,44.66,61.22,50.19
2024-04-07,Australia,Paradip,Fertilizer,Panamax,114941,86.63,576.58,160.17,44.66,61.22,50.19
2024-04-07,South Africa,Chennai,Iron Ore,Panamax,95710,87.82,576.58,160.17,44.66,61.22,50.19
2024-04-07,Australia,Chennai,Bauxite,Capesize,114525,95.56,576.58,160.17,44.66,61.22,50.19
2024-04-07,Brazil,Paradip,Coal,Handysize,78521,80.85,576.58,160.17,44.66,61.22,50.19
2024-04-07,Australia,Paradip,Fertilizer,Capesize,76270,89.08,576.58,160.17,44.66,61.22,50.19
2024-04-07,Australia,Chennai,Fertilizer,Panamax,42438,86.75,576.58,160.17,44.66,61.22,50.19
2024-04-07,Indonesia,Krishnapatnam,Fertilizer,Supramax,33696,80.72,576.58,160.17,44.66,61.22,50.19
2024-04-08,Indonesia,Visakhapatnam,Wheat,Panamax,62736,83.25,710.39,89.41,40.74,80.37,68.31
2024-04-08,Brazil,Paradip,Iron Ore,Capesize,101085,91.88,710.39,89.41,40.74,80.37,68.31
2024-04-08,Australia,Kakinada,Fertilizer,Capesize,119371,87.03,710.39,89.41,40.74,80.37,68.31
2024-04-08,Brazil,Chennai,Coal,Panamax,99669,88.46,710.39,89.41,40.74,80.37,68.31
2024-04-08,Russia,Krishnapatnam,Coal,Panamax,47074,84.26,710.39,89.41,40.74,80.37,68.31
2024-04-08,Australia,Krishnapatnam,Bauxite,Supramax,107019,87.39,710.39,89.41,40.74,80.37,68.31
2024-04-08,Brazil,Chennai,Bauxite,Capesize,67650,89.5,710.39,89.41,40.74,80.37,68.31
2024-04-08,Russia,Paradip,Bauxite,Capesize,75300,94.27,710.39,89.41,40.74,80.37,68.31
2024-04-09,Australia,Krishnapatnam,Bauxite,Supramax,87792,84.27,516.92,140.28,33.73,83.62,66.82
2024-04-09,Australia,Paradip,Bauxite,Panamax,52039,88.97,516.92,140.28,33.73,83.62,66.82
2024-04-09,Brazil,Chennai,Iron Ore,Panamax,68789,86.11,516.92,140.28,33.73,83.62,66.82
2024-04-09,Australia,Paradip,Wheat,Capesize,96747,86.9,516.92,140.28,33.73,83.62,66.82
2024-04-09,Russia,Krishnapatnam,Coal,Handymax,119323,80.27,516.92,140.28,33.73,83.62,66.82
2024-04-09,Australia,Paradip,Bauxite,Handymax,31139,79.97,516.92,140.28,33.73,83.62,66.82
2024-04-09,Brazil,Paradip,Fertilizer,Handysize,110435,74.86,516.92,140.28,33.73,83.62,66.82
2024-04-09,South Africa,Visakhapatnam,Coal,Supramax,85091,83.56,516.92,140.28,33.73,83.62,66.82
2024-04-10,Brazil,Paradip,Wheat,Handymax,116726,78.76,816.31,138.23,37.34,63.68,85.04
2024-04-10,Australia,Krishnapatnam,Bauxite,Panamax,44379,85.81,816.31,138.23,37.34,63.68,85.04
2024-04-10,South Africa,Kakinada,Fertilizer,Panamax,89745,84.67,816.31,138.23,37.34,63.68,85.04
2024-04-10,Russia,Chennai,Iron Ore,Capesize,106814,94.49,816.31,138.23,37.34,63.68,85.04
2024-04-10,Brazil,Chennai,Iron Ore,Handysize,56671,82.27,816.31,138.23,37.34,63.68,85.04
2024-04-10,South Africa,Visakhapatnam,Bauxite,Capesize,78954,97.29,816.31,138.23,37.34,63.68,85.04
2024-04-10,Indonesia,Chennai,Fertilizer,Panamax,30470,85.39,816.31,138.23,37.34,63.68,85.04
2024-04-10,South Africa,Krishnapatnam,Bauxite,Panamax,115707,89.16,816.31,138.23,37.34,63.68,85.04
2024-04-11,Russia,Chennai,Bauxite,Supramax,62115,89.87,746.35,163.5,40.9,77.25,45.61
2024-04-11,Australia,Chennai,Wheat,Supramax,41555,86.38,746.35,163.5,40.9,77.25,45.61
2024-04-11,Russia,Kakinada,Fertilizer,Handymax,92445,86.41,746.35,163.5,40.9,77.25,45.61
2024-04-11,Australia,Krishnapatnam,Iron Ore,Capesize,51411,96.95,746.35,163.5,40.9,77.25,45.61
2024-04-11,South Africa,Visakhapatnam,Bauxite,Panamax,110053,92.58,746.35,163.5,40.9,77.25,45.61
2024-04-11,Brazil,Krishnapatnam,Wheat,Capesize,58554,96.02,746.35,163.5,40.9,77.25,45.61
2024-04-11,Australia,Chennai,Coal,Supramax,28459,88.53,746.35,163.5,40.9,77.25,45.61
2024-04-11,South Africa,Chennai,Wheat,Supramax,70352,92.76,746.35,163.5,40.9,77.25,45.61
2024-04-12,South Africa,Krishnapatnam,Wheat,Capesize,114418,93.13,745.1,170.64,33.06,80.38,73.5
2024-04-12,South Africa,Visakhapatnam,Iron Ore,Supramax,40134,91.84,745.1,170.64,33.06,80.38,73.5
2024-04-12,Russia,Krishnapatnam,Coal,Handysize,73114,86.28,745.1,170.64,33.06,80.38,73.5
2024-04-12,Australia,Kakinada,Coal,Panamax,26704,90.83,745.1,170.64,33.06,80.38,73.5
2024-04-12,Russia,Krishnapatnam,Wheat,Supramax,102774,90.43,745.1,170.64,33.06,80.38,73.5
2024-04-12,Indonesia,Chennai,Coal,Supramax,85891,90.03,745.1,170.64,33.06,80.38,73.5
2024-04-12,Indonesia,Kakinada,Iron Ore,Supramax,65303,93.1,745.1,170.64,33.06,80.38,73.5
2024-04-12,Russia,Krishnapatnam,Iron Ore,Panamax,47793,93.16,745.1,170.64,33.06,80.38,73.5
2024-04-13,Russia,Chennai,Coal,Panamax,29933,82.95,673.32,145.88,20.77,57.26,49.31
2024-04-13,Indonesia,Paradip,Coal,Capesize,112997,93.12,673.32,145.88,20.77,57.26,49.31
2024-04-13,Australia,Visakhapatnam,Iron Ore,Handymax,106967,86.46,673.32,145.88,20.77,57.26,49.31
2024-04-13,Russia,Paradip,Iron Ore,Handymax,36035,80.75,673.32,145.88,20.77,57.26,49.31
2024-04-13,Russia,Kakinada,Fertilizer,Panamax,28624,84.7,673.32,145.88,20.77,57.26,49.31
2024-04-13,Australia,Visakhapatnam,Coal,Handysize,31194,77.52,673.32,145.88,20.77,57.26,49.31
2024-04-13,Indonesia,Krishnapatnam,Iron Ore,Handysize,86036,80.59,673.32,145.88,20.77,57.26,49.31
2024-04-13,South Africa,Kakinada,Fertilizer,Supramax,43014,81.08,673.32,145.88,20.77,57.26,49.31
2024-04-14,South Africa,Paradip,Coal,Handysize,55109,81.7,698.36,110.05,56.89,99.38,61.37
2024-04-14,Australia,Krishnapatnam,Iron Ore,Handymax,82208,91.19,698.36,110.05,56.89,99.38,61.37
2024-04-14,Brazil,Krishnapatnam,Fertilizer,Supramax,60566,88.34,698.36,110.05,56.89,99.38,61.37
2024-04-14,Australia,Kakinada,Fertilizer,Handysize,66304,84.15,698.36,110.05,56.89,99.38,61.37
2024-04-14,Indonesia,Krishnapatnam,Fertilizer,Supramax,97629,89.33,698.36,110.05,56.89,99.38,61.37
2024-04-14,Brazil,Chennai,Wheat,Panamax,29657,88.97,698.36,110.05,56.89,99.38,61.37
2024-04-14,Russia,Krishnapatnam,Coal,Supramax,26494,87.64,698.36,110.05,56.89,99.38,61.37
2024-04-14,Russia,Kakinada,Fertilizer,Supramax,111611,89.58,698.36,110.05,56.89,99.38,61.37
2024-04-15,Australia,Krishnapatnam,Iron Ore,Capesize,24626,101.38,838.91,89.86,70.41,87.18,62.82
2024-04-15,Indonesia,Krishnapatnam,Coal,Panamax,34859,90.99,838.91,89.86,70.41,87.18,62.82
2024-04-15,South Africa,Visakhapatnam,Coal,Handysize,98777,88.3,838.91,89.86,70.41,87.18,62.82
2024-04-15,Brazil,Chennai,Coal,Supramax,87165,88.45,838.91,89.86,70.41,87.18,62.82
2024-04-15,Indonesia,Krishnapatnam,Coal,Handymax,45555,85.24,838.91,89.86,70.41,87.18,62.82
2024-04-15,Australia,Krishnapatnam,Bauxite,Panamax,106416,93.35,838.91,89.86,70.41,87.18,62.82
2024-04-15,Russia,Visakhapatnam,Iron Ore,Supramax,75956,91.6,838.91,89.86,70.41,87.18,62.82
2024-04-15,Russia,Chennai,Wheat,Supramax,46507,86.72,838.91,89.86,70.41,87.18,62.82
2024-04-16,Brazil,Visakhapatnam,Wheat,Handymax,48304,79.84,501.21,171.41,50.74,61.41,33.78
2024-04-16,Australia,Krishnapatnam,Bauxite,Handymax,84735,84.22,501.21,171.41,50.74,61.41,33.78
2024-04-16,South Africa,Kakinada,Coal,Supramax,45410,81.62,501.21,171.41,50.74,61.41,33.78
2024-04-16,Russia,Kakinada,Bauxite,Handymax,100211,85.0,501.21,171.41,50.74,61.41,33.78
2024-04-16,Indonesia,Paradip,Coal,Panamax,99544,89.2,501.21,171.41,50.74,61.41,33.78
2024-04-16,Australia,Kakinada,Bauxite,Handysize,22272,81.62,501.21,171.41,50.74,61.41,33.78
2024-04-16,Australia,Chennai,Coal,Capesize,39290,90.84,501.21,171.41,50.74,61.41,33.78
2024-04-16,South Africa,Visakhapatnam,Coal,Handymax,49811,81.7,501.21,171.41,50.74,61.41,33.78
2024-04-17,Australia,Krishnapatnam,Coal,Supramax,41128,87.93,673.37,97.81,50.12,93.25,56.85
2024-04-17,Brazil,Krishnapatnam,Fertilizer,Panamax,21527,84.98,673.37,97.81,50.12,93.25,56.85
2024-04-17,Australia,Kakinada,Wheat,Handymax,80207,80.25,673.37,97.81,50.12,93.25,56.85
2024-04-17,South Africa,Visakhapatnam,Iron Ore,Handymax,106170,87.16,673.37,97.81,50.12,93.25,56.85
2024-04-17,South Africa,Krishnapatnam,Iron Ore,Supramax,38058,87.23,673.37,97.81,50.12,93.25,56.85
2024-04-17,South Africa,Paradip,Coal,Handymax,114501,80.67,673.37,97.81,50.12,93.25,56.85
2024-04-17,Brazil,Krishnapatnam,Bauxite,Capesize,56536,94.2,673.37,97.81,50.12,93.25,56.85
2024-04-17,Australia,Chennai,Bauxite,Supramax,77012,85.95,673.37,97.81,50.12,93.25,56.85
2024-04-18,Russia,Kakinada,Iron Ore,Handymax,51912,88.75,744.33,123.91,85.83,73.85,43.85
2024-04-18,Russia,Visakhapatnam,Iron Ore,Handysize,32924,89.58,744.33,123.91,85.83,73.85,43.85
2024-04-18,Indonesia,Paradip,Coal,Supramax,102841,92.26,744.33,123.91,85.83,73.85,43.85
2024-04-18,Brazil,Paradip,Coal,Handysize,97026,88.36,744.33,123.91,85.83,73.85,43.85
2024-04-18,Indonesia,Paradip,Bauxite,Supramax,94345,90.85,744.33,123.91,85.83,73.85,43.85
2024-04-18,Russia,Kakinada,Bauxite,Supramax,52400,89.54,744.33,123.91,85.83,73.85,43.85
2024-04-18,Brazil,Krishnapatnam,Iron Ore,Supramax,101362,93.89,744.33,123.91,85.83,73.85,43.85
2024-04-18,Russia,Paradip,Coal,Panamax,93532,98.05,744.33,123.91,85.83,73.85,43.85
2024-04-19,Russia,Krishnapatnam,Fertilizer,Capesize,75452,86.58,528.64,96.93,51.97,89.15,57.61
2024-04-19,Brazil,Kakinada,Fertilizer,Handysize,28096,76.13,528.64,96.93,51.97,89.15,57.61
2024-04-19,Brazil,Krishnapatnam,Coal,Supramax,112476,81.23,528.64,96.93,51.97,89.15,57.61
2024-04-19,Brazil,Chennai,Bauxite,Handymax,32631,82.83,528.64,96.93,51.97,89.15,57.61
2024-04-19,Russia,Krishnapatnam,Fertilizer,Handysize,70640,75.93,528.64,96.93,51.97,89.15,57.61
2024-04-19,Australia,Chennai,Coal,Capesize,97649,92.62,528.64,96.93,51.97,89.15,57.61
2024-04-19,Indonesia,Paradip,Bauxite,Capesize,26195,88.84,528.64,96.93,51.97,89.15,57.61
2024-04-19,Brazil,Kakinada,Bauxite,Handysize,68450,74.08,528.64,96.93,51.97,89.15,57.61
2024-04-20,Brazil,Visakhapatnam,Fertilizer,Handymax,38217,83.97,849.83,142.34,33.8,74.96,46.52
2024-04-20,Australia,Visakhapatnam,Bauxite,Supramax,116765,96.52,849.83,142.34,33.8,74.96,46.52
2024-04-20,Brazil,Chennai,Fertilizer,Capesize,115981,97.39,849.83,142.34,33.8,74.96,46.52
2024-04-20,Brazil,Kakinada,Coal,Handysize,70442,85.2,849.83,142.34,33.8,74.96,46.52
2024-04-20,Indonesia,Krishnapatnam,Bauxite,Supramax,44428,92.22,849.83,142.34,33.8,74.96,46.52
2024-04-20,Australia,Paradip,Coal,Handysize,70750,83.9,849.83,142.34,33.8,74.96,46.52
2024-04-20,Indonesia,Krishnapatnam,Coal,Capesize,69214,97.87,849.83,142.34,33.8,74.96,46.52
2024-04-20,Russia,Paradip,Coal,Handysize,74984,86.21,849.83,142.34,33.8,74.96,46.52
2024-04-21,South Africa,Kakinada,Coal,Capesize,37740,88.11,540.36,100.25,57.54,89.26,66.91
2024-04-21,Australia,Chennai,Bauxite,Capesize,34410,88.26,540.36,100.25,57.54,89.26,66.91
2024-04-21,Australia,Chennai,Wheat,Handymax,113691,79.56,540.36,100.25,57.54,89.26,66.91
2024-04-21,Indonesia,Paradip,Bauxite,Capesize,28151,86.05,540.36,100.25,57.54,89.26,66.91
2024-04-21,Russia,Krishnapatnam,Coal,Supramax,60510,83.28,540.36,100.25,57.54,89.26,66.91
2024-04-21,South Africa,Visakhapatnam,Coal,Handysize,100692,76.46,540.36,100.25,57.54,89.26,66.91
2024-04-21,South Africa,Kakinada,Fertilizer,Panamax,33514,82.19,540.36,100.25,57.54,89.26,66.91
2024-04-21,Brazil,Visakhapatnam,Bauxite,Capesize,114101,89.12,540.36,100.25,57.54,89.26,66.91
2024-04-22,Indonesia,Krishnapatnam,Coal,Capesize,92009,91.83,660.97,149.95,20.82,71.54,43.31
2024-04-22,Indonesia,Krishnapatnam,Wheat,Handymax,20397,79.26,660.97,149.95,20.82,71.54,43.31
2024-04-22,Indonesia,Paradip,Coal,Handymax,84268,82.84,660.97,149.95,20.82,71.54,43.31
2024-04-22,Australia,Kakinada,Coal,Capesize,84853,93.03,660.97,149.95,20.82,71.54,43.31
2024-04-22,Australia,Paradip,Iron Ore,Capesize,78620,93.3,660.97,149.95,20.82,71.54,43.31
2024-04-22,South Africa,Krishnapatnam,Fertilizer,Supramax,35456,82.28,660.97,149.95,20.82,71.54,43.31
2024-04-22,Russia,Kakinada,Fertilizer,Handysize,88682,80.82,660.97,149.95,20.82,71.54,43.31
2024-04-22,Australia,Kakinada,Fertilizer,Handysize,27293,75.74,660.97,149.95,20.82,71.54,43.31
2024-04-23,Russia,Kakinada,Wheat,Handymax,46907,75.45,502.01,134.82,26.16,73.66,20.6
2024-04-23,Russia,Paradip,Bauxite,Handymax,115039,82.43,502.01,134.82,26.16,73.66,20.6
2024-04-23,Russia,Kakinada,Coal,Panamax,78482,86.03,502.01,134.82,26.16,73.66,20.6
2024-04-23,South Africa,Visakhapatnam,Iron Ore,Handymax,47400,78.41,502.01,134.82,26.16,73.66,20.6
2024-04-23,Russia,Kakinada,Bauxite,Capesize,28627,90.89,502.01,134.82,26.16,73.66,20.6
2024-04-23,Russia,Kakinada,Wheat,Handysize,104679,76.26,502.01,134.82,26.16,73.66,20.6
2024-04-23,Russia,Paradip,Iron Ore,Handymax,73602,81.36,502.01,134.82,26.16,73.66,20.6
2024-04-23,Indonesia,Paradip,Coal,Capesize,78117,90.99,502.01,134.82,26.16,73.66,20.6
2024-04-24,Australia,Chennai,Bauxite,Handysize,103136,88.22,743.12,143.1,27.43,100.0,31.73
2024-04-24,Australia,Krishnapatnam,Bauxite,Handymax,89282,90.58,743.12,143.1,27.43,100.0,31.73
2024-04-24,South Africa,Chennai,Iron Ore,Panamax,61961,95.7,743.12,143.1,27.43,100.0,31.73
2024-04-24,Brazil,Visakhapatnam,Wheat,Supramax,21063,90.09,743.12,143.1,27.43,100.0,31.73
2024-04-24,Australia,Chennai,Coal,Supramax,97275,92.89,743.12,143.1,27.43,100.0,31.73
2024-04-24,South Africa,Visakhapatnam,Bauxite,Capesize,29363,99.52,743.12,143.1,27.43,100.0,31.73
2024-04-24,South Africa,Krishnapatnam,Iron Ore,Handysize,31990,86.39,743.12,143.1,27.43,100.0,31.73
2024-04-24,Brazil,Visakhapatnam,Wheat,Supramax,118654,93.03,743.12,143.1,27.43,100.0,31.73
2024-04-25,South Africa,Visakhapatnam,Wheat,Panamax,78826,87.88,565.54,152.37,64.26,67.43,61.24
2024-04-25,Indonesia,Krishnapatnam,Coal,Supramax,77631,85.03,565.54,152.37,64.26,67.43,61.24
2024-04-25,Brazil,Paradip,Fertilizer,Handymax,35322,78.37,565.54,152.37,64.26,67.43,61.24
2024-04-25,Russia,Krishnapatnam,Wheat,Handysize,67368,77.39,565.54,152.37,64.26,67.43,61.24
2024-04-25,Brazil,Visakhapatnam,Fertilizer,Handymax,116774,82.19,565.54,152.37,64.26,67.43,61.24
2024-04-25,Russia,Chennai,Coal,Capesize,93834,93.77,565.54,152.37,64.26,67.43,61.24
2024-04-25,South Africa,Chennai,Bauxite,Panamax,103857,91.72,565.54,152.37,64.26,67.43,61.24
2024-04-25,Australia,Visakhapatnam,Fertilizer,Panamax,102331,87.89,565.54,152.37,64.26,67.43,61.24
2024-04-26,Australia,Krishnapatnam,Fertilizer,Supramax,46585,87.88,718.79,164.15,31.74,68.85,53.88
2024-04-26,Indonesia,Krishnapatnam,Fertilizer,Panamax,45448,84.02,718.79,164.15,31.74,68.85,53.88
2024-04-26,South Africa,Krishnapatnam,Wheat,Handysize,109064,79.25,718.79,164.15,31.74,68.85,53.88
2024-04-26,Brazil,Chennai,Bauxite,Supramax,55030,90.02,718.79,164.15,31.74,68.85,53.88
2024-04-26,Indonesia,Paradip,Coal,Supramax,61817,87.56,718.79,164.15,31.74,68.85,53.88
2024-04-26,Brazil,Chennai,Bauxite,Panamax,27341,92.53,718.79,164.15,31.74,68.85,53.88
2024-04-26,Russia,Kakinada,Coal,Capesize,78677,91.88,718.79,164.15,31.74,68.85,53.88
2024-04-26,Brazil,Kakinada,Bauxite,Capesize,62811,94.72,718.79,164.15,31.74,68.85,53.88
2024-04-27,Australia,Visakhapatnam,Fertilizer,Panamax,42674,82.9,612.63,117.88,41.24,100.0,98.12
2024-04-27,Russia,Kakinada,Coal,Panamax,41826,86.08,612.63,117.88,41.24,100.0,98.12
2024-04-27,Australia,Visakhapatnam,Iron Ore,Panamax,90795,90.0,612.63,117.88,41.24,100.0,98.12
2024-04-27,Australia,Chennai,Bauxite,Handysize,107052,78.12,612.63,117.88,41.24,100.0,98.12
2024-04-27,South Africa,Visakhapatnam,Iron Ore,Handymax,114791,84.61,612.63,117.88,41.24,100.0,98.12
2024-04-27,Indonesia,Krishnapatnam,Wheat,Handysize,85129,75.9,612.63,117.88,41.24,100.0,98.12
2024-04-27,Russia,Paradip,Iron Ore,Supramax,83818,85.22,612.63,117.88,41.24,100.0,98.12
2024-04-27,Russia,Visakhapatnam,Fertilizer,Panamax,99220,86.3,612.63,117.88,41.24,100.0,98.12
2024-04-28,Russia,Krishnapatnam,Fertilizer,Handysize,99584,80.26,532.95,168.89,43.81,76.25,50.76
2024-04-28,Indonesia,Kakinada,Bauxite,Handymax,65820,84.71,532.95,168.89,43.81,76.25,50.76
2024-04-28,Brazil,Paradip,Wheat,Supramax,60140,86.44,532.95,168.89,43.81,76.25,50.76
2024-04-28,Australia,Krishnapatnam,Bauxite,Handymax,108956,91.19,532.95,168.89,43.81,76.25,50.76
2024-04-28,Russia,Paradip,Iron Ore,Handymax,47866,82.51,532.95,168.89,43.81,76.25,50.76
2024-04-28,South Africa,Kakinada,Iron Ore,Handysize,78612,80.45,532.95,168.89,43.81,76.25,50.76
2024-04-28,Indonesia,Krishnapatnam,Bauxite,Panamax,115490,92.81,532.95,168.89,43.81,76.25,50.76
2024-04-28,Brazil,Visakhapatnam,Iron Ore,Supramax,62164,89.76,532.95,168.89,43.81,76.25,50.76
2024-04-29,South Africa,Kakinada,Coal,Handymax,81731,88.01,621.38,181.34,34.26,88.21,29.77
2024-04-29,Indonesia,Chennai,Fertilizer,Panamax,98399,96.63,621.38,181.34,34.26,88.21,29.77
2024-04-29,Australia,Paradip,Wheat,Capesize,105917,96.01,621.38,181.34,34.26,88.21,29.77
2024-04-29,Russia,Visakhapatnam,Wheat,Handysize,70141,84.66,621.38,181.34,34.26,88.21,29.77
2024-04-29,Indonesia,Krishnapatnam,Bauxite,Handymax,74784,88.46,621.38,181.34,34.26,88.21,29.77
2024-04-29,Australia,Visakhapatnam,Wheat,Capesize,95501,98.32,621.38,181.34,34.26,88.21,29.77
2024-04-29,South Africa,Paradip,Fertilizer,Handysize,105922,85.07,621.38,181.34,34.26,88.21,29.77
2024-04-29,South Africa,Kakinada,Fertilizer,Capesize,35556,98.76,621.38,181.34,34.26,88.21,29.77
2024-04-30,Indonesia,Visakhapatnam,Bauxite,Handymax,23448,76.67,705.7,142.15,32.94,44.0,68.16
2024-04-30,South Africa,Kakinada,Wheat,Panamax,117100,83.14,705.7,142.15,32.94,44.0,68.16
2024-04-30,Russia,Visakhapatnam,Bauxite,Capesize,37270,89.35,705.7,142.15,32.94,44.0,68.16
2024-04-30,Australia,Visakhapatnam,Coal,Panamax,106873,87.32,705.7,142.15,32.94,44.0,68.16
2024-04-30,Russia,Krishnapatnam,Coal,Handysize,25243,71.92,705.7,142.15,32.94,44.0,68.16
2024-04-30,South Africa,Chennai,Bauxite,Panamax,37439,82.62,705.7,142.15,32.94,44.0,68.16
2024-04-30,Indonesia,Paradip,Bauxite,Panamax,113640,89.58,705.7,142.15,32.94,44.0,68.16
2024-04-30,Brazil,Krishnapatnam,Iron Ore,Handysize,68183,80.03,705.7,142.15,32.94,44.0,68.16
2024-05-01,South Africa,Krishnapatnam,Coal,Capesize,97567,97.34,745.19,150.72,46.2,100.0,72.06
2024-05-01,Brazil,Kakinada,Wheat,Panamax,94767,94.85,745.19,150.72,46.2,100.0,72.06
2024-05-01,Brazil,Kakinada,Coal,Capesize,94047,100.04,745.19,150.72,46.2,100.0,72.06
2024-05-01,Brazil,Krishnapatnam,Fertilizer,Supramax,87942,89.01,745.19,150.72,46.2,100.0,72.06
2024-05-01,Russia,Visakhapatnam,Iron Ore,Panamax,109589,97.32,745.19,150.72,46.2,100.0,72.06
2024-05-01,Indonesia,Krishnapatnam,Bauxite,Panamax,45673,94.0,745.19,150.72,46.2,100.0,72.06
2024-05-01,Brazil,Chennai,Bauxite,Supramax,58551,86.94,745.19,150.72,46.2,100.0,72.06
2024-05-01,Brazil,Visakhapatnam,Fertilizer,Handysize,88028,82.49,745.19,150.72,46.2,100.0,72.06
2024-05-02,South Africa,Kakinada,Iron Ore,Panamax,96087,91.5,812.26,126.85,54.57,66.27,61.3
2024-05-02,Australia,Paradip,Coal,Handysize,28664,76.69,812.26,126.85,54.57,66.27,61.3
2024-05-02,Australia,Paradip,Wheat,Handysize,40845,77.54,812.26,126.85,54.57,66.27,61.3
2024-05-02,Russia,Paradip,Coal,Capesize,112995,94.23,812.26,126.85,54.57,66.27,61.3
2024-05-02,Indonesia,Kakinada,Bauxite,Handysize,62162,79.11,812.26,126.85,54.57,66.27,61.3
2024-05-02,Indonesia,Krishnapatnam,Wheat,Supramax,88007,85.01,812.26,126.85,54.57,66.27,61.3
2024-05-02,Indonesia,Paradip,Bauxite,Panamax,107905,90.66,812.26,126.85,54.57,66.27,61.3
2024-05-02,Russia,Paradip,Wheat,Handymax,64308,79.26,812.26,126.85,54.57,66.27,61.3
2024-05-03,South Africa,Kakinada,Iron Ore,Capesize,98802,93.64,680.58,138.37,41.13,65.14,48.28
2024-05-03,Indonesia,Krishnapatnam,Iron Ore,Capesize,94457,94.95,680.58,138.37,41.13,65.14,48.28
2024-05-03,South Africa,Kakinada,Bauxite,Handymax,51297,83.13,680.58,138.37,41.13,65.14,48.28
2024-05-03,South Africa,Chennai,Wheat,Capesize,56880,90.62,680.58,138.37,41.13,65.14,48.28
2024-05-03,Indonesia,Krishnapatnam,Iron Ore,Handysize,96412,83.73,680.58,138.37,41.13,65.14,48.28
2024-05-03,Brazil,Chennai,Fertilizer,Supramax,116895,81.78,680.58,138.37,41.13,65.14,48.28
2024-05-03,Brazil,Kakinada,Wheat,Supramax,76852,85.99,680.58,138.37,41.13,65.14,48.28
2024-05-03,Australia,Chennai,Iron Ore,Supramax,35011,83.52,680.58,138.37,41.13,65.14,48.28
2024-05-04,Brazil,Chennai,Bauxite,Panamax,54973,79.93,560.83,98.81,46.45,80.03,81.61
2024-05-04,Brazil,Chennai,Iron Ore,Supramax,97684,81.65,560.83,98.81,46.45,80.03,81.61
2024-05-04,Australia,Chennai,Bauxite,Capesize,84963,87.27,560.83,98.81,46.45,80.03,81.61
2024-05-04,South Africa,Visakhapatnam,Fertilizer,Handysize,59070,71.99,560.83,98.81,46.45,80.03,81.61
2024-05-04,Brazil,Krishnapatnam,Bauxite,Handysize,47161,71.56,560.83,98.81,46.45,80.03,81.61
2024-05-04,Indonesia,Krishnapatnam,Bauxite,Supramax,66662,75.9,560.83,98.81,46.45,80.03,81.61
2024-05-04,Indonesia,Kakinada,Fertilizer,Supramax,49230,73.62,560.83,98.81,46.45,80.03,81.61
2024-05-04,Brazil,Visakhapatnam,Fertilizer,Handysize,91663,73.56,560.83,98.81,46.45,80.03,81.61
2024-05-05,Brazil,Visakhapatnam,Bauxite,Capesize,65874,91.44,586.12,105.12,38.17,85.01,43.77
2024-05-05,Brazil,Krishnapatnam,Fertilizer,Panamax,22804,81.33,586.12,105.12,38.17,85.01,43.77
2024-05-05,Russia,Chennai,Coal,Panamax,96037,86.24,586.12,105.12,38.17,85.01,43.77
2024-05-05,Indonesia,Kakinada,Iron Ore,Supramax,57386,81.53,586.12,105.12,38.17,85.01,43.77
2024-05-05,Australia,Krishnapatnam,Wheat,Handymax,105496,76.88,586.12,105.12,38.17,85.01,43.77
2024-05-05,Brazil,Kakinada,Iron Ore,Supramax,21660,81.13,586.12,105.12,38.17,85.01,43.77
2024-05-05,Russia,Paradip,Coal,Handysize,104678,76.07,586.12,105.12,38.17,85.01,43.77
2024-05-05,South Africa,Krishnapatnam,Iron Ore,Capesize,81804,89.44,586.12,105.12,38.17,85.01,43.77
2024-05-06,Russia,Krishnapatnam,Iron Ore,Handysize,53973,80.99,620.73,176.56,48.34,65.09,71.35
2024-05-06,Indonesia,Chennai,Wheat,Panamax,56133,81.53,620.73,176.56,48.34,65.09,71.35
2024-05-06,Brazil,Krishnapatnam,Fertilizer,Panamax,87201,86.97,620.73,176.56,48.34,65.09,71.35
2024-05-06,Australia,Visakhapatnam,Wheat,Handysize,107667,81.67,620.73,176.56,48.34,65.09,71.35
2024-05-06,Australia,Kakinada,Bauxite,Handymax,81518,81.86,620.73,176.56,48.34,65.09,71.35
2024-05-06,South Africa,Kakinada,Wheat,Capesize,77470,92.26,620.73,176.56,48.34,65.09,71.35
2024-05-06,South Africa,Chennai,Iron Ore,Handymax,93723,84.8,620.73,176.56,48.34,65.09,71.35
2024-05-06,Australia,Krishnapatnam,Fertilizer,Handymax,21843,78.4,620.73,176.56,48.34,65.09,71.35
2024-05-07,Australia,Kakinada,Coal,Capesize,80269,95.19,747.96,159.67,39.96,75.38,43.92
2024-05-07,Russia,Visakhapatnam,Bauxite,Capesize,59404,94.48,747.96,159.67,39.96,75.38,43.92
2024-05-07,South Africa,Kakinada,Coal,Handymax,81948,84.62,747.96,159.67,39.96,75.38,43.92
2024-05-07,Brazil,Paradip,Bauxite,Capesize,39338,93.89,747.96,159.67,39.96,75.38,43.92
2024-05-07,Indonesia,Paradip,Iron Ore,Handymax,104622,88.34,747.96,159.67,39.96,75.38,43.92
2024-05-07,Australia,Kakinada,Coal,Handysize,97686,86.71,747.96,159.67,39.96,75.38,43.92
2024-05-07,Brazil,Krishnapatnam,Bauxite,Supramax,117364,88.42,747.96,159.67,39.96,75.38,43.92
2024-05-07,South Africa,Visakhapatnam,Wheat,Panamax,96303,94.66,747.96,159.67,39.96,75.38,43.92
2024-05-08,Brazil,Visakhapatnam,Iron Ore,Capesize,43149,91.83,598.73,145.77,43.5,81.87,42.12
2024-05-08,Russia,Visakhapatnam,Wheat,Capesize,116119,92.46,598.73,145.77,43.5,81.87,42.12
2024-05-08,Brazil,Paradip,Coal,Capesize,101605,97.21,598.73,145.77,43.5,81.87,42.12
2024-05-08,Brazil,Chennai,Bauxite,Panamax,112214,89.79,598.73,145.77,43.5,81.87,42.12
2024-05-08,Indonesia,Kakinada,Bauxite,Handymax,114990,82.02,598.73,145.77,43.5,81.87,42.12
2024-05-08,Brazil,Chennai,Fertilizer,Supramax,93111,83.97,598.73,145.77,43.5,81.87,42.12
2024-05-08,Indonesia,Chennai,Iron Ore,Handysize,116636,83.38,598.73,145.77,43.5,81.87,42.12
2024-05-08,South Africa,Chennai,Wheat,Panamax,45391,86.93,598.73,145.77,43.5,81.87,42.12
2024-05-09,Brazil,Krishnapatnam,Bauxite,Panamax,109276,89.51,793.86,107.77,40.87,67.58,60.73
2024-05-09,South Africa,Visakhapatnam,Iron Ore,Handymax,39606,83.46,793.86,107.77,40.87,67.58,60.73
2024-05-09,South Africa,Visakhapatnam,Bauxite,Capesize,38344,90.48,793.86,107.77,40.87,67.58,60.73
2024-05-09,Australia,Krishnapatnam,Iron Ore,Panamax,41812,89.64,793.86,107.77,40.87,67.58,60.73
2024-05-09,Australia,Visakhapatnam,Bauxite,Panamax,57851,85.75,793.86,107.77,40.87,67.58,60.73
2024-05-09,South Africa,Chennai,Bauxite,Capesize,21459,91.97,793.86,107.77,40.87,67.58,60.73
2024-05-09,South Africa,Visakhapatnam,Bauxite,Panamax,96266,86.96,793.86,107.77,40.87,67.58,60.73
2024-05-09,Russia,Visakhapatnam,Wheat,Panamax,118408,84.36,793.86,107.77,40.87,67.58,60.73
2024-05-10,South Africa,Visakhapatnam,Wheat,Supramax,38033,83.9,759.26,160.35,58.43,64.78,73.66
2024-05-10,Australia,Visakhapatnam,Bauxite,Panamax,46896,89.15,759.26,160.35,58.43,64.78,73.66
2024-05-10,Australia,Visakhapatnam,Bauxite,Supramax,24406,85.88,759.26,160.35,58.43,64.78,73.66
2024-05-10,Australia,Visakhapatnam,Iron Ore,Handysize,92232,83.89,759.26,160.35,58.43,64.78,73.66
2024-05-10,South Africa,Visakhapatnam,Bauxite,Handysize,34432,81.46,759.26,160.35,58.43,64.78,73.66
2024-05-10,Australia,Paradip,Wheat,Handysize,56497,78.22,759.26,160.35,58.43,64.78,73.66
2024-05-10,Russia,Kakinada,Bauxite,Capesize,69914,94.2,759.26,160.35,58.43,64.78,73.66
2024-05-10,South Africa,Visakhapatnam,Bauxite,Handymax,114527,82.5,759.26,160.35,58.43,64.78,73.66
2024-05-11,Australia,Krishnapatnam,Iron Ore,Panamax,55416,86.63,727.39,124.71,34.62,68.45,49.66
2024-05-11,Brazil,Paradip,Iron Ore,Handymax,86469,78.32,727.39,124.71,34.62,68.45,49.66
2024-05-11,Brazil,Krishnapatnam,Fertilizer,Handymax,108387,80.57,727.39,124.71,34.62,68.45,49.66
2024-05-11,South Africa,Kakinada,Coal,Panamax,29547,84.52,727.39,124.71,34.62,68.45,49.66
2024-05-11,Russia,Visakhapatnam,Iron Ore,Capesize,95594,92.33,727.39,124.71,34.62,68.45,49.66
2024-05-11,Russia,Krishnapatnam,Bauxite,Supramax,80321,82.14,727.39,124.71,34.62,68.45,49.66
2024-05-11,South Africa,Kakinada,Wheat,Supramax,37623,80.18,727.39,124.71,34.62,68.45,49.66
2024-05-11,Australia,Chennai,Bauxite,Supramax,72915,86.23,727.39,124.71,34.62,68.45,49.66
2024-05-12,Indonesia,Chennai,Coal,Panamax,94864,88.85,585.77,138.58,48.2,76.44,60.35
2024-05-12,South Africa,Chennai,Coal,Capesize,59237,91.39,585.77,138.58,48.2,76.44,60.35
2024-05-12,Australia,Kakinada,Coal,Supramax,54880,81.97,585.77,138.58,48.2,76.44,60.35
2024-05-12,South Africa,Kakinada,Fertilizer,Supramax,75180,82.1,585.77,138.58,48.2,76.44,60.35
2024-05-12,Indonesia,Chennai,Fertilizer,Handysize,101124,81.91,585.77,138.58,48.2,76.44,60.35
2024-05-12,South Africa,Visakhapatnam,Fertilizer,Handysize,93058,76.17,585.77,138.58,48.2,76.44,60.35
2024-05-12,Australia,Paradip,Iron Ore,Handysize,115504,79.61,585.77,138.58,48.2,76.44,60.35
2024-05-12,Indonesia,Chennai,Wheat,Handymax,89051,77.61,585.77,138.58,48.2,76.44,60.35
2024-05-13,Brazil,Kakinada,Fertilizer,Handysize,61920,71.61,643.55,97.04,33.56,78.36,67.45
2024-05-13,Brazil,Visakhapatnam,Iron Ore,Handysize,39700,75.91,643.55,97.04,33.56,78.36,67.45
2024-05-13,South Africa,Kakinada,Iron Ore,Capesize,48436,87.19,643.55,97.04,33.56,78.36,67.45
2024-05-13,Indonesia,Kakinada,Bauxite,Supramax,30519,78.98,643.55,97.04,33.56,78.36,67.45
2024-05-13,South Africa,Kakinada,Coal,Panamax,106363,83.4,643.55,97.04,33.56,78.36,67.45
2024-05-13,Russia,Krishnapatnam,Fertilizer,Handymax,64956,71.2,643.55,97.04,33.56,78.36,67.45
2024-05-13,Russia,Chennai,Coal,Handysize,38123,71.86,643.55,97.04,33.56,78.36,67.45
2024-05-13,Australia,Kakinada,Bauxite,Handysize,109947,76.52,643.55,97.04,33.56,78.36,67.45
2024-05-14,Indonesia,Visakhapatnam,Coal,Handymax,85180,80.57,593.18,109.86,62.02,60.13,25.99
2024-05-14,South Africa,Visakhapatnam,Iron Ore,Capesize,51584,93.06,593.18,109.86,62.02,60.13,25.99
2024-05-14,Australia,Visakhapatnam,Fertilizer,Panamax,104562,84.34,593.18,109.86,62.02,60.13,25.99
2024-05-14,Indonesia,Chennai,Coal,Supramax,73586,83.55,593.18,109.86,62.02,60.13,25.99
2024-05-14,South Africa,Chennai,Iron Ore,Handymax,38481,80.46,593.18,109.86,62.02,60.13,25.99
2024-05-14,Brazil,Krishnapatnam,Fertilizer,Handymax,72627,75.42,593.18,109.86,62.02,60.13,25.99
2024-05-14,South Africa,Visakhapatnam,Wheat,Supramax,80542,81.03,593.18,109.86,62.02,60.13,25.99
2024-05-14,South Africa,Paradip,Iron Ore,Supramax,101689,83.86,593.18,109.86,62.02,60.13,25.99
2024-05-15,Australia,Kakinada,Coal,Supramax,117353,79.93,760.37,89.24,50.83,66.47,78.7
2024-05-15,Australia,Chennai,Wheat,Capesize,43689,84.97,760.37,89.24,50.83,66.47,78.7
2024-05-15,Australia,Kakinada,Iron Ore,Capesize,85245,90.16,760.37,89.24,50.83,66.47,78.7
2024-05-15,Indonesia,Kakinada,Iron Ore,Handymax,94838,82.14,760.37,89.24,50.83,66.47,78.7
2024-05-15,Australia,Paradip,Wheat,Handysize,102121,71.12,760.37,89.24,50.83,66.47,78.7
2024-05-15,Russia,Paradip,Coal,Supramax,27370,80.49,760.37,89.24,50.83,66.47,78.7
2024-05-15,Russia,Visakhapatnam,Coal,Supramax,79962,83.4,760.37,89.24,50.83,66.47,78.7
2024-05-15,Brazil,Visakhapatnam,Coal,Handymax,80850,79.66,760.37,89.24,50.83,66.47,78.7
2024-05-16,Brazil,Paradip,Fertilizer,Panamax,27539,83.26,585.88,159.59,53.53,63.21,71.29
2024-05-16,Brazil,Krishnapatnam,Fertilizer,Handymax,110815,82.14,585.88,159.59,53.53,63.21,71.29
2024-05-16,Russia,Chennai,Coal,Supramax,23941,82.71,585.88,159.59,53.53,63.21,71.29
2024-05-16,South Africa,Krishnapatnam,Fertilizer,Panamax,96174,87.04,585.88,159.59,53.53,63.21,71.29
2024-05-16,South Africa,Paradip,Bauxite,Panamax,66970,85.3,585.88,159.59,53.53,63.21,71.29
2024-05-16,Indonesia,Krishnapatnam,Coal,Panamax,98229,86.25,585.88,159.59,53.53,63.21,71.29
2024-05-16,South Africa,Chennai,Bauxite,Handysize,107916,81.54,585.88,159.59,53.53,63.21,71.29
2024-05-16,South Africa,Paradip,Bauxite,Handysize,22416,76.57,585.88,159.59,53.53,63.21,71.29
2024-05-17,South Africa,Visakhapatnam,Coal,Handysize,69408,89.04,783.5,158.69,39.08,95.32,58.98
2024-05-17,Russia,Chennai,Wheat,Capesize,79588,92.85,783.5,158.69,39.08,95.32,58.98
2024-05-17,Indonesia,Kakinada,Coal,Capesize,89201,99.06,783.5,158.69,39.08,95.32,58.98
2024-05-17,Brazil,Kakinada,Coal,Capesize,22063,97.46,783.5,158.69,39.08,95.32,58.98
2024-05-17,Indonesia,Paradip,Bauxite,Handymax,89285,89.61,783.5,158.69,39.08,95.32,58.98
2024-05-17,South Africa,Paradip,Fertilizer,Panamax,113794,94.59,783.5,158.69,39.08,95.32,58.98
2024-05-17,Australia,Chennai,Wheat,Supramax,25691,88.82,783.5,158.69,39.08,95.32,58.98
2024-05-17,Indonesia,Visakhapatnam,Fertilizer,Supramax,113405,89.88,783.5,158.69,39.08,95.32,58.98
2024-05-18,Russia,Krishnapatnam,Fertilizer,Handymax,75549,77.42,630.13,98.98,57.32,81.67,43.01
2024-05-18,Indonesia,Krishnapatnam,Coal,Handysize,46414,80.79,630.13,98.98,57.32,81.67,43.01
2024-05-18,Australia,Paradip,Coal,Handymax,107340,80.71,630.13,98.98,57.32,81.67,43.01
2024-05-18,Brazil,Chennai,Coal,Capesize,98167,89.57,630.13,98.98,57.32,81.67,43.01
2024-05-18,South Africa,Kakinada,Fertilizer,Capesize,88412,89.64,630.13,98.98,57.32,81.67,43.01
2024-05-18,South Africa,Kakinada,Iron Ore,Capesize,106230,95.53,630.13,98.98,57.32,81.67,43.01
2024-05-18,Australia,Paradip,Iron Ore,Handysize,100925,80.63,630.13,98.98,57.32,81.67,43.01
2024-05-18,Brazil,Visakhapatnam,Wheat,Handysize,52225,76.39,630.13,98.98,57.32,81.67,43.01
2024-05-19,Australia,Chennai,Wheat,Capesize,76898,81.24,572.55,117.31,17.61,77.95,69.82
2024-05-19,Brazil,Krishnapatnam,Coal,Supramax,115694,76.52,572.55,117.31,17.61,77.95,69.82
2024-05-19,Russia,Paradip,Wheat,Capesize,76254,82.58,572.55,117.31,17.61,77.95,69.82
2024-05-19,Australia,Paradip,Iron Ore,Capesize,90773,85.19,572.55,117.31,17.61,77.95,69.82
2024-05-19,South Africa,Paradip,Wheat,Supramax,98603,75.29,572.55,117.31,17.61,77.95,69.82
2024-05-19,Australia,Visakhapatnam,Bauxite,Supramax,105099,79.16,572.55,117.31,17.61,77.95,69.82
2024-05-19,Australia,Kakinada,Wheat,Capesize,41407,79.99,572.55,117.31,17.61,77.95,69.82
2024-05-19,Indonesia,Kakinada,Fertilizer,Capesize,50410,82.42,572.55,117.31,17.61,77.95,69.82
2024-05-20,Brazil,Chennai,Fertilizer,Handymax,110463,92.04,802.34,164.99,54.58,93.12,66.5
2024-05-20,Indonesia,Chennai,Bauxite,Panamax,106949,98.95,802.34,164.99,54.58,93.12,66.5
2024-05-20,Russia,Kakinada,Iron Ore,Handymax,66304,93.72,802.34,164.99,54.58,93.12,66.5
2024-05-20,Brazil,Krishnapatnam,Wheat,Capesize,114607,97.78,802.34,164.99,54.58,93.12,66.5
2024-05-20,Brazil,Kakinada,Fertilizer,Handysize,80592,89.4,802.34,164.99,54.58,93.12,66.5
2024-05-20,Australia,Krishnapatnam,Coal,Capesize,96022,100.23,802.34,164.99,54.58,93.12,66.5
2024-05-20,South Africa,Kakinada,Wheat,Supramax,27536,91.18,802.34,164.99,54.58,93.12,66.5
2024-05-20,Russia,Chennai,Coal,Supramax,94577,91.23,802.34,164.99,54.58,93.12,66.5
2024-05-21,Russia,Visakhapatnam,Iron Ore,Capesize,70382,98.99,789.12,100.89,57.25,84.31,60.72
2024-05-21,Brazil,Chennai,Fertilizer,Capesize,71175,95.49,789.12,100.89,57.25,84.31,60.72
2024-05-21,Australia,Visakhapatnam,Coal,Handysize,111795,82.55,789.12,100.89,57.25,84.31,60.72
2024-05-21,Indonesia,Kakinada,Bauxite,Capesize,35089,93.66,789.12,100.89,57.25,84.31,60.72
2024-05-21,South Africa,Chennai,Wheat,Panamax,30281,86.16,789.12,100.89,57.25,84.31,60.72
2024-05-21,South Africa,Krishnapatnam,Fertilizer,Capesize,85323,90.7,789.12,100.89,57.25,84.31,60.72
2024-05-21,Russia,Paradip,Fertilizer,Capesize,78075,90.41,789.12,100.89,57.25,84.31,60.72
2024-05-21,Australia,Chennai,Bauxite,Supramax,63734,87.66,789.12,100.89,57.25,84.31,60.72
2024-05-22,Indonesia,Paradip,Wheat,Supramax,99309,83.73,660.52,137.47,60.76,58.49,55.34
2024-05-22,Indonesia,Krishnapatnam,Iron Ore,Handymax,74029,81.13,660.52,137.47,60.76,58.49,55.34
2024-05-22,Brazil,Visakhapatnam,Wheat,Handymax,84751,77.65,660.52,137.47,60.76,58.49,55.34
2024-05-22,South Africa,Chennai,Iron Ore,Supramax,92082,90.1,660.52,137.47,60.76,58.49,55.34
2024-05-22,Brazil,Krishnapatnam,Coal,Handymax,41187,77.77,660.52,137.47,60.76,58.49,55.34
2024-05-22,Russia,Kakinada,Wheat,Capesize,48635,91.59,660.52,137.47,60.76,58.49,55.34
2024-05-22,Australia,Krishnapatnam,Bauxite,Panamax,45048,85.21,660.52,137.47,60.76,58.49,55.34
2024-05-22,South Africa,Krishnapatnam,Bauxite,Capesize,90854,94.79,660.52,137.47,60.76,58.49,55.34
2024-05-23,Australia,Paradip,Wheat,Supramax,36268,85.19,695.21,151.12,54.51,65.11,46.04
2024-05-23,Russia,Krishnapatnam,Wheat,Panamax,96474,86.43,695.21,151.12,54.51,65.11,46.04
2024-05-23,Russia,Visakhapatnam,Bauxite,Panamax,112283,90.61,695.21,151.12,54.51,65.11,46.04
2024-05-23,Russia,Krishnapatnam,Wheat,Handymax,51070,78.13,695.21,151.12,54.51,65.11,46.04
2024-05-23,Australia,Chennai,Fertilizer,Handymax,25699,83.25,695.21,151.12,54.51,65.11,46.04
2024-05-23,Australia,Visakhapatnam,Coal,Capesize,87396,92.87,695.21,151.12,54.51,65.11,46.04
2024-05-23,Brazil,Visakhapatnam,Fertilizer,Handysize,90774,80.92,695.21,151.12,54.51,65.11,46.04
2024-05-23,South Africa,Chennai,Bauxite,Capesize,88464,97.19,695.21,151.12,54.51,65.11,46.04
2024-05-24,Russia,Visakhapatnam,Coal,Supramax,102702,84.13,632.47,157.18,54.02,76.95,66.4
2024-05-24,Indonesia,Visakhapatnam,Coal,Handymax,45169,84.79,632.47,157.18,54.02,76.95,66.4
2024-05-24,Brazil,Kakinada,Wheat,Capesize,118176,95.21,632.47,157.18,54.02,76.95,66.4
2024-05-24,Indonesia,Kakinada,Fertilizer,Handysize,32875,79.16,632.47,157.18,54.02,76.95,66.4
2024-05-24,Russia,Chennai,Bauxite,Panamax,24114,85.79,632.47,157.18,54.02,76.95,66.4
2024-05-24,Russia,Chennai,Iron Ore,Supramax,90506,89.43,632.47,157.18,54.02,76.95,66.4
2024-05-24,South Africa,Kakinada,Bauxite,Handymax,113386,86.93,632.47,157.18,54.02,76.95,66.4
2024-05-24,South Africa,Kakinada,Fertilizer,Supramax,109762,88.17,632.47,157.18,54.02,76.95,66.4
2024-05-25,South Africa,Paradip,Fertilizer,Capesize,72647,81.6,647.9,91.6,33.74,51.78,65.71
2024-05-25,Australia,Kakinada,Coal,Panamax,103295,79.88,647.9,91.6,33.74,51.78,65.71
2024-05-25,Indonesia,Kakinada,Coal,Handymax,102778,71.57,647.9,91.6,33.74,51.78,65.71
2024-05-25,Brazil,Kakinada,Wheat,Handysize,102215,69.42,647.9,91.6,33.74,51.78,65.71
2024-05-25,Russia,Chennai,Bauxite,Capesize,34439,85.48,647.9,91.6,33.74,51.78,65.71
2024-05-25,Indonesia,Visakhapatnam,Coal,Capesize,114782,81.85,647.9,91.6,33.74,51.78,65.71
2024-05-25,Brazil,Kakinada,Fertilizer,Supramax,112543,76.65,647.9,91.6,33.74,51.78,65.71
2024-05-25,Brazil,Chennai,Coal,Capesize,63394,87.78,647.9,91.6,33.74,51.78,65.71
2024-05-26,Australia,Chennai,Coal,Supramax,37804,82.25,556.43,179.05,41.34,63.93,51.76
2024-05-26,Indonesia,Krishnapatnam,Iron Ore,Handymax,51562,84.47,556.43,179.05,41.34,63.93,51.76
2024-05-26,Australia,Visakhapatnam,Bauxite,Supramax,71038,84.03,556.43,179.05,41.34,63.93,51.76
2024-05-26,Australia,Visakhapatnam,Bauxite,Capesize,86411,91.0,556.43,179.05,41.34,63.93,51.76
2024-05-26,Russia,Chennai,Coal,Handysize,43398,77.04,556.43,179.05,41.34,63.93,51.76
2024-05-26,Russia,Kakinada,Wheat,Handysize,37988,75.32,556.43,179.05,41.34,63.93,51.76
2024-05-26,Brazil,Paradip,Wheat,Handymax,75326,74.79,556.43,179.05,41.34,63.93,51.76
2024-05-26,Australia,Chennai,Bauxite,Handymax,25910,79.68,556.43,179.05,41.34,63.93,51.76
2024-05-27,Brazil,Krishnapatnam,Bauxite,Panamax,118005,94.96,756.95,161.0,32.76,100.0,60.97
2024-05-27,Australia,Visakhapatnam,Bauxite,Handymax,64031,89.28,756.95,161.0,32.76,100.0,60.97
2024-05-27,Australia,Visakhapatnam,Fertilizer,Panamax,64810,91.44,756.95,161.0,32.76,100.0,60.97
2024-05-27,Indonesia,Chennai,Iron Ore,Panamax,72865,95.01,756.95,161.0,32.76,100.0,60.97
2024-05-27,Indonesia,Krishnapatnam,Coal,Supramax,27559,89.11,756.95,161.0,32.76,100.0,60.97
2024-05-27,Brazil,Chennai,Bauxite,Handymax,52857,83.65,756.95,161.0,32.76,100.0,60.97
2024-05-27,Australia,Krishnapatnam,Bauxite,Panamax,62809,93.86,756.95,161.0,32.76,100.0,60.97
2024-05-27,Brazil,Visakhapatnam,Wheat,Handymax,107075,83.7,756.95,161.0,32.76,100.0,60.97
2024-05-28,Australia,Chennai,Wheat,Panamax,32833,95.58,817.41,168.41,51.13,79.05,29.6
2024-05-28,Brazil,Chennai,Coal,Handymax,98743,92.02,817.41,168.41,51.13,79.05,29.6
2024-05-28,Australia,Kakinada,Fertilizer,Handysize,86333,90.58,817.41,168.41,51.13,79.05,29.6
2024-05-28,South Africa,Chennai,Coal,Panamax,75331,95.01,817.41,168.41,51.13,79.05,29.6
2024-05-28,Brazil,Paradip,Bauxite,Supramax,66720,96.93,817.41,168.41,51.13,79.05,29.6
2024-05-28,Indonesia,Visakhapatnam,Wheat,Panamax,71065,93.13,817.41,168.41,51.13,79.05,29.6
2024-05-28,Australia,Kakinada,Fertilizer,Handysize,28985,82.72,817.41,168.41,51.13,79.05,29.6
2024-05-28,South Africa,Kakinada,Iron Ore,Supramax,74309,93.93,817.41,168.41,51.13,79.05,29.6
2024-05-29,South Africa,Kakinada,Fertilizer,Handysize,41708,71.62,635.05,102.0,5.0,80.98,48.9
2024-05-29,Indonesia,Paradip,Fertilizer,Capesize,71496,84.41,635.05,102.0,5.0,80.98,48.9
2024-05-29,Indonesia,Visakhapatnam,Fertilizer,Capesize,83624,83.0,635.05,102.0,5.0,80.98,48.9
2024-05-29,Australia,Kakinada,Bauxite,Handymax,84223,74.61,635.05,102.0,5.0,80.98,48.9
2024-05-29,Russia,Krishnapatnam,Wheat,Handymax,62311,71.94,635.05,102.0,5.0,80.98,48.9
2024-05-29,South Africa,Paradip,Coal,Panamax,92838,83.72,635.05,102.0,5.0,80.98,48.9
2024-05-29,Brazil,Krishnapatnam,Iron Ore,Supramax,57236,78.84,635.05,102.0,5.0,80.98,48.9
2024-05-29,Russia,Kakinada,Bauxite,Supramax,80916,78.27,635.05,102.0,5.0,80.98,48.9
2024-05-30,Brazil,Krishnapatnam,Bauxite,Supramax,23386,84.09,609.26,154.23,38.78,69.7,38.93
2024-05-30,Indonesia,Chennai,Wheat,Handysize,88475,81.06,609.26,154.23,38.78,69.7,38.93
2024-05-30,Russia,Kakinada,Wheat,Handysize,45765,73.15,609.26,154.23,38.78,69.7,38.93
2024-05-30,Brazil,Kakinada,Wheat,Handymax,109608,81.4,609.26,154.23,38.78,69.7,38.93
2024-05-30,Russia,Chennai,Wheat,Handysize,104306,78.91,609.26,154.23,38.78,69.7,38.93
2024-05-30,South Africa,Visakhapatnam,Coal,Capesize,74994,88.6,609.26,154.23,38.78,69.7,38.93
2024-05-30,Russia,Visakhapatnam,Wheat,Capesize,30234,87.48,609.26,154.23,38.78,69.7,38.93
2024-05-30,Indonesia,Krishnapatnam,Bauxite,Handymax,29369,80.75,609.26,154.23,38.78,69.7,38.93
2024-05-31,South Africa,Paradip,Wheat,Panamax,116376,89.07,622.41,179.06,48.98,65.59,54.93
2024-05-31,South Africa,Paradip,Coal,Panamax,105127,90.09,622.41,179.06,48.98,65.59,54.93
2024-05-31,Russia,Krishnapatnam,Coal,Capesize,98796,92.01,622.41,179.06,48.98,65.59,54.93
2024-05-31,Indonesia,Chennai,Coal,Handymax,54936,79.27,622.41,179.06,48.98,65.59,54.93
2024-05-31,Russia,Krishnapatnam,Iron Ore,Handysize,26864,81.48,622.41,179.06,48.98,65.59,54.93
2024-05-31,Indonesia,Visakhapatnam,Fertilizer,Handysize,89218,80.08,622.41,179.06,48.98,65.59,54.93
2024-05-31,Russia,Paradip,Iron Ore,Supramax,84010,90.19,622.41,179.06,48.98,65.59,54.93
2024-05-31,Indonesia,Chennai,Iron Ore,Handysize,30943,80.54,622.41,179.06,48.98,65.59,54.93
2024-06-01,South Africa,Paradip,Coal,Handysize,89178,79.82,835.88,105.1,51.68,54.11,25.22
2024-06-01,Brazil,Krishnapatnam,Iron Ore,Handysize,70181,80.6,835.88,105.1,51.68,54.11,25.22
2024-06-01,Australia,Visakhapatnam,Iron Ore,Capesize,102801,94.91,835.88,105.1,51.68,54.11,25.22
2024-06-01,Indonesia,Kakinada,Fertilizer,Supramax,38580,80.1,835.88,105.1,51.68,54.11,25.22
2024-06-01,South Africa,Visakhapatnam,Fertilizer,Panamax,34058,83.24,835.88,105.1,51.68,54.11,25.22
2024-06-01,South Africa,Kakinada,Wheat,Panamax,99992,86.44,835.88,105.1,51.68,54.11,25.22
2024-06-01,Indonesia,Krishnapatnam,Bauxite,Handymax,22078,77.92,835.88,105.1,51.68,54.11,25.22
2024-06-01,Brazil,Krishnapatnam,Bauxite,Supramax,66845,84.53,835.88,105.1,51.68,54.11,25.22
2024-06-02,Australia,Krishnapatnam,Wheat,Capesize,69565,88.85,801.39,128.89,52.19,55.69,42.8
2024-06-02,Russia,Krishnapatnam,Iron Ore,Handymax,54838,84.07,801.39,128.89,52.19,55.69,42.8
2024-06-02,Australia,Visakhapatnam,Wheat,Panamax,71046,84.47,801.39,128.89,52.19,55.69,42.8
2024-06-02,South Africa,Visakhapatnam,Bauxite,Capesize,68474,90.61,801.39,128.89,52.19,55.69,42.8
2024-06-02,Brazil,Chennai,Iron Ore,Handymax,31559,78.69,801.39,128.89,52.19,55.69,42.8
2024-06-02,Russia,Kakinada,Fertilizer,Supramax,34263,80.16,801.39,128.89,52.19,55.69,42.8
2024-06-02,Russia,Krishnapatnam,Iron Ore,Supramax,41259,85.26,801.39,128.89,52.19,55.69,42.8
2024-06-02,Indonesia,Visakhapatnam,Coal,Panamax,31697,87.76,801.39,128.89,52.19,55.69,42.8
2024-06-03,Australia,Kakinada,Wheat,Capesize,69944,78.13,551.88,123.32,35.27,65.98,84.41
2024-06-03,Indonesia,Paradip,Iron Ore,Handysize,22048,66.7,551.88,123.32,35.27,65.98,84.41
2024-06-03,Russia,Kakinada,Bauxite,Handymax,35185,70.63,551.88,123.32,35.27,65.98,84.41
2024-06-03,Russia,Krishnapatnam,Bauxite,Panamax,44654,81.48,551.88,123.32,35.27,65.98,84.41
2024-06-03,Russia,Krishnapatnam,Bauxite,Capesize,117391,79.91,551.88,123.32,35.27,65.98,84.41
2024-06-03,Russia,Paradip,Coal,Panamax,21425,75.31,551.88,123.32,35.27,65.98,84.41
2024-06-03,Brazil,Chennai,Coal,Handymax,104442,68.01,551.88,123.32,35.27,65.98,84.41
2024-06-03,Brazil,Krishnapatnam,Fertilizer,Handymax,54288,67.94,551.88,123.32,35.27,65.98,84.41
2024-06-04,Indonesia,Chennai,Bauxite,Handysize,113977,85.16,745.42,178.98,45.84,81.01,66.57
2024-06-04,South Africa,Krishnapatnam,Wheat,Panamax,54762,86.65,745.42,178.98,45.84,81.01,66.57
2024-06-04,Indonesia,Chennai,Fertilizer,Capesize,21662,93.43,745.42,178.98,45.84,81.01,66.57
2024-06-04,Indonesia,Krishnapatnam,Bauxite,Panamax,24438,88.72,745.42,178.98,45.84,81.01,66.57
2024-06-04,Brazil,Kakinada,Coal,Panamax,92532,89.5,745.42,178.98,45.84,81.01,66.57
2024-06-04,Indonesia,Visakhapatnam,Fertilizer,Handymax,75233,81.2,745.42,178.98,45.84,81.01,66.57
2024-06-04,Brazil,Visakhapatnam,Coal,Handymax,96968,87.96,745.42,178.98,45.84,81.01,66.57
2024-06-04,Indonesia,Chennai,Fertilizer,Capesize,60602,91.41,745.42,178.98,45.84,81.01,66.57
2024-06-05,Russia,Kakinada,Coal,Panamax,79648,83.21,724.08,84.02,53.12,72.62,54.72
2024-06-05,Brazil,Paradip,Bauxite,Capesize,22074,86.83,724.08,84.02,53.12,72.62,54.72
2024-06-05,Indonesia,Visakhapatnam,Coal,Supramax,85658,81.28,724.08,84.02,53.12,72.62,54.72
2024-06-05,Indonesia,Paradip,Bauxite,Handysize,49097,77.38,724.08,84.02,53.12,72.62,54.72
2024-06-05,South Africa,Krishnapatnam,Wheat,Capesize,119175,85.68,724.08,84.02,53.12,72.62,54.72
2024-06-05,South Africa,Chennai,Iron Ore,Supramax,117431,80.81,724.08,84.02,53.12,72.62,54.72
2024-06-05,South Africa,Paradip,Iron Ore,Supramax,72623,82.1,724.08,84.02,53.12,72.62,54.72
2024-06-05,South Africa,Kakinada,Coal,Supramax,44817,78.92,724.08,84.02,53.12,72.62,54.72
2024-06-06,Brazil,Visakhapatnam,Bauxite,Handymax,68390,85.15,677.81,136.4,57.92,80.4,38.67
2024-06-06,Australia,Chennai,Fertilizer,Supramax,106703,81.15,677.81,136.4,57.92,80.4,38.67
2024-06-06,Indonesia,Chennai,Fertilizer,Handysize,84744,82.2,677.81,136.4,57.92,80.4,38.67
2024-06-06,Indonesia,Paradip,Iron Ore,Supramax,68809,86.23,677.81,136.4,57.92,80.4,38.67
2024-06-06,Australia,Krishnapatnam,Fertilizer,Handysize,52719,79.78,677.81,136.4,57.92,80.4,38.67
2024-06-06,Australia,Kakinada,Iron Ore,Supramax,112342,86.13,677.81,136.4,57.92,80.4,38.67
2024-06-06,Australia,Kakinada,Fertilizer,Panamax,111568,88.78,677.81,136.4,57.92,80.4,38.67
2024-06-06,Brazil,Paradip,Iron Ore,Supramax,104304,89.51,677.81,136.4,57.92,80.4,38.67
2024-06-07,Australia,Chennai,Iron Ore,Supramax,82637,89.49,745.74,101.03,53.94,77.45,34.95
2024-06-07,Russia,Kakinada,Coal,Handymax,22041,78.38,745.74,101.03,53.94,77.45,34.95
2024-06-07,South Africa,Kakinada,Coal,Panamax,37073,86.66,745.74,101.03,53.94,77.45,34.95
2024-06-07,Australia,Chennai,Iron Ore,Capesize,21613,90.55,745.74,101.03,53.94,77.45,34.95
2024-06-07,Indonesia,Paradip,Fertilizer,Handysize,97512,78.71,745.74,101.03,53.94,77.45,34.95
2024-06-07,Brazil,Krishnapatnam,Wheat,Handysize,46285,76.59,745.74,101.03,53.94,77.45,34.95
2024-06-07,Indonesia,Kakinada,Fertilizer,Handymax,20455,83.27,745.74,101.03,53.94,77.45,34.95
2024-06-07,Indonesia,Chennai,Wheat,Panamax,113205,85.58,745.74,101.03,53.94,77.45,34.95
2024-06-08,Brazil,Chennai,Wheat,Panamax,97745,75.81,606.98,103.84,22.46,69.06,69.0
2024-06-08,Australia,Kakinada,Iron Ore,Capesize,30446,82.42,606.98,103.84,22.46,69.06,69.0
2024-06-08,Russia,Paradip,Fertilizer,Capesize,54583,76.62,606.98,103.84,22.46,69.06,69.0
2024-06-08,South Africa,Kakinada,Fertilizer,Supramax,27548,70.27,606.98,103.84,22.46,69.06,69.0
2024-06-08,Australia,Chennai,Wheat,Handymax,107885,71.87,606.98,103.84,22.46,69.06,69.0
2024-06-08,Australia,Krishnapatnam,Bauxite,Handymax,28144,72.4,606.98,103.84,22.46,69.06,69.0
2024-06-08,Brazil,Chennai,Fertilizer,Supramax,72573,72.63,606.98,103.84,22.46,69.06,69.0
2024-06-08,Indonesia,Chennai,Fertilizer,Handysize,73250,67.49,606.98,103.84,22.46,69.06,69.0
2024-06-09,Indonesia,Krishnapatnam,Wheat,Supramax,26162,83.33,549.65,159.28,82.42,45.67,34.86
2024-06-09,Russia,Chennai,Iron Ore,Capesize,35380,88.43,549.65,159.28,82.42,45.67,34.86
2024-06-09,Russia,Krishnapatnam,Bauxite,Handymax,21564,78.74,549.65,159.28,82.42,45.67,34.86
2024-06-09,Australia,Kakinada,Fertilizer,Capesize,115129,88.64,549.65,159.28,82.42,45.67,34.86
2024-06-09,Russia,Chennai,Iron Ore,Supramax,83451,84.57,549.65,159.28,82.42,45.67,34.86
2024-06-09,Brazil,Chennai,Coal,Capesize,52332,90.81,549.65,159.28,82.42,45.67,34.86
2024-06-09,Russia,Kakinada,Coal,Capesize,22661,87.65,549.65,159.28,82.42,45.67,34.86
2024-06-09,South Africa,Visakhapatnam,Coal,Panamax,113154,86.66,549.65,159.28,82.42,45.67,34.86
2024-06-10,South Africa,Kakinada,Coal,Handymax,112482,74.29,665.05,103.56,55.03,62.35,77.04
2024-06-10,Australia,Krishnapatnam,Bauxite,Handymax,37007,75.87,665.05,103.56,55.03,62.35,77.04
2024-06-10,Russia,Krishnapatnam,Iron Ore,Handysize,43018,69.16,665.05,103.56,55.03,62.35,77.04
2024-06-10,Australia,Paradip,Bauxite,Capesize,47033,85.39,665.05,103.56,55.03,62.35,77.04
2024-06-10,South Africa,Kakinada,Bauxite,Capesize,107962,86.65,665.05,103.56,55.03,62.35,77.04
2024-06-10,Australia,Chennai,Wheat,Supramax,90009,76.7,665.05,103.56,55.03,62.35,77.04
2024-06-10,Indonesia,Kakinada,Bauxite,Handymax,115608,76.51,665.05,103.56,55.03,62.35,77.04
2024-06-10,Russia,Visakhapatnam,Wheat,Supramax,54064,74.32,665.05,103.56,55.03,62.35,77.04
2024-06-11,Brazil,Paradip,Iron Ore,Handysize,35751,76.19,594.73,160.54,32.65,73.71,89.69
2024-06-11,South Africa,Paradip,Bauxite,Capesize,81727,86.92,594.73,160.54,32.65,73.71,89.69
2024-06-11,Australia,Paradip,Iron Ore,Panamax,23911,82.4,594.73,160.54,32.65,73.71,89.69
2024-06-11,Indonesia,Visakhapatnam,Iron Ore,Supramax,102917,81.23,594.73,160.54,32.65,73.71,89.69
2024-06-11,Indonesia,Visakhapatnam,Bauxite,Handymax,63636,75.66,594.73,160.54,32.65,73.71,89.69
2024-06-11,Indonesia,Paradip,Bauxite,Supramax,106846,74.12,594.73,160.54,32.65,73.71,89.69
2024-06-11,Brazil,Visakhapatnam,Bauxite,Handysize,21740,72.3,594.73,160.54,32.65,73.71,89.69
2024-06-11,Indonesia,Visakhapatnam,Wheat,Handysize,114958,72.36,594.73,160.54,32.65,73.71,89.69
2024-06-12,Australia,Krishnapatnam,Coal,Capesize,100399,95.13,763.13,146.22,69.1,61.82,72.28
2024-06-12,Australia,Paradip,Coal,Handymax,38839,79.0,763.13,146.22,69.1,61.82,72.28
2024-06-12,Russia,Visakhapatnam,Bauxite,Supramax,22469,83.85,763.13,146.22,69.1,61.82,72.28
2024-06-12,Russia,Visakhapatnam,Iron Ore,Panamax,96906,89.04,763.13,146.22,69.1,61.82,72.28
2024-06-12,Indonesia,Visakhapatnam,Coal,Handymax,58325,81.15,763.13,146.22,69.1,61.82,72.28
2024-06-12,Brazil,Kakinada,Bauxite,Panamax,47391,85.78,763.13,146.22,69.1,61.82,72.28
2024-06-12,Russia,Chennai,Iron Ore,Panamax,54032,87.34,763.13,146.22,69.1,61.82,72.28
2024-06-12,Russia,Krishnapatnam,Bauxite,Panamax,113099,90.0,763.13,146.22,69.1,61.82,72.28
2024-06-13,Russia,Chennai,Coal,Supramax,43036,80.66,616.69,150.02,48.65,57.7,50.33
2024-06-13,Brazil,Kakinada,Wheat,Capesize,32893,83.72,616.69,150.02,48.65,57.7,50.33
2024-06-13,Indonesia,Visakhapatnam,Bauxite,Capesize,47230,85.45,616.69,150.02,48.65,57.7,50.33
2024-06-13,Indonesia,Krishnapatnam,Bauxite,Supramax,61382,84.48,616.69,150.02,48.65,57.7,50.33
2024-06-13,Russia,Krishnapatnam,Wheat,Capesize,82301,85.67,616.69,150.02,48.65,57.7,50.33
2024-06-13,Australia,Kakinada,Coal,Panamax,50120,80.12,616.69,150.02,48.65,57.7,50.33
2024-06-13,Indonesia,Kakinada,Wheat,Panamax,108121,81.95,616.69,150.02,48.65,57.7,50.33
2024-06-13,Russia,Kakinada,Coal,Panamax,67156,81.37,616.69,150.02,48.65,57.7,50.33
2024-06-14,Australia,Paradip,Coal,Handysize,39643,84.93,844.23,146.98,45.37,86.91,63.44
2024-06-14,South Africa,Visakhapatnam,Wheat,Supramax,57402,82.4,844.23,146.98,45.37,86.91,63.44
2024-06-14,Brazil,Paradip,Wheat,Handysize,73487,82.3,844.23,146.98,45.37,86.91,63.44
2024-06-14,Indonesia,Paradip,Coal,Panamax,67897,87.54,844.23,146.98,45.37,86.91,63.44
2024-06-14,Russia,Kakinada,Bauxite,Supramax,26053,82.89,844.23,146.98,45.37,86.91,63.44
2024-06-14,Australia,Krishnapatnam,Fertilizer,Handymax,99983,87.14,844.23,146.98,45.37,86.91,63.44
2024-06-14,Indonesia,Visakhapatnam,Coal,Handysize,28048,83.01,844.23,146.98,45.37,86.91,63.44
2024-06-14,Brazil,Paradip,Coal,Handysize,43501,83.93,844.23,146.98,45.37,86.91,63.44
2024-06-15,Australia,Chennai,Iron Ore,Supramax,97024,74.68,509.56,80.32,39.23,76.8,56.41
2024-06-15,Indonesia,Krishnapatnam,Fertilizer,Supramax,49644,72.61,509.56,80.32,39.23,76.8,56.41
2024-06-15,Brazil,Kakinada,Fertilizer,Handysize,33008,68.96,509.56,80.32,39.23,76.8,56.41
2024-06-15,South Africa,Paradip,Coal,Handymax,72408,69.2,509.56,80.32,39.23,76.8,56.41
2024-06-15,South Africa,Visakhapatnam,Iron Ore,Handysize,92739,69.42,509.56,80.32,39.23,76.8,56.41
2024-06-15,Russia,Krishnapatnam,Fertilizer,Supramax,42132,70.58,509.56,80.32,39.23,76.8,56.41
2024-06-15,Russia,Visakhapatnam,Coal,Supramax,34102,70.49,509.56,80.32,39.23,76.8,56.41
2024-06-15,Russia,Chennai,Fertilizer,Handymax,38327,69.35,509.56,80.32,39.23,76.8,56.41
2024-06-16,Russia,Kakinada,Bauxite,Handysize,80591,71.77,711.27,104.17,17.39,54.5,72.57
2024-06-16,Australia,Visakhapatnam,Iron Ore,Handymax,21251,72.16,711.27,104.17,17.39,54.5,72.57
2024-06-16,Russia,Krishnapatnam,Iron Ore,Handysize,114302,72.78,711.27,104.17,17.39,54.5,72.57
2024-06-16,Brazil,Visakhapatnam,Fertilizer,Handymax,60729,69.98,711.27,104.17,17.39,54.5,72.57
2024-06-16,Brazil,Visakhapatnam,Coal,Handysize,29304,67.3,711.27,104.17,17.39,54.5,72.57
2024-06-16,South Africa,Visakhapatnam,Iron Ore,Supramax,86080,72.81,711.27,104.17,17.39,54.5,72.57
2024-06-16,Australia,Visakhapatnam,Iron Ore,Handymax,39883,74.91,711.27,104.17,17.39,54.5,72.57
2024-06-16,Russia,Krishnapatnam,Wheat,Capesize,56219,80.11,711.27,104.17,17.39,54.5,72.57
2024-06-17,Brazil,Paradip,Coal,Supramax,32467,80.67,513.37,172.69,43.21,60.47,45.55
2024-06-17,Brazil,Krishnapatnam,Bauxite,Handysize,88415,75.83,513.37,172.69,43.21,60.47,45.55
2024-06-17,Indonesia,Krishnapatnam,Coal,Panamax,86026,79.05,513.37,172.69,43.21,60.47,45.55
2024-06-17,Australia,Krishnapatnam,Bauxite,Capesize,116939,85.71,513.37,172.69,43.21,60.47,45.55
2024-06-17,South Africa,Paradip,Bauxite,Handymax,66316,76.39,513.37,172.69,43.21,60.47,45.55
2024-06-17,South Africa,Paradip,Fertilizer,Handysize,60094,74.03,513.37,172.69,43.21,60.47,45.55
2024-06-17,Russia,Paradip,Fertilizer,Supramax,37710,77.86,513.37,172.69,43.21,60.47,45.55
2024-06-17,South Africa,Chennai,Fertilizer,Handymax,74376,75.8,513.37,172.69,43.21,60.47,45.55
2024-06-18,Brazil,Krishnapatnam,Fertilizer,Panamax,69364,86.07,621.03,130.33,40.93,100.0,45.68
2024-06-18,Australia,Visakhapatnam,Iron Ore,Supramax,59612,82.96,621.03,130.33,40.93,100.0,45.68
2024-06-18,Indonesia,Krishnapatnam,Wheat,Capesize,20425,88.18,621.03,130.33,40.93,100.0,45.68
2024-06-18,Russia,Chennai,Coal,Handysize,69266,78.84,621.03,130.33,40.93,100.0,45.68
2024-06-18,South Africa,Visakhapatnam,Wheat,Handymax,33849,77.7,621.03,130.33,40.93,100.0,45.68
2024-06-18,Brazil,Chennai,Wheat,Handysize,32507,74.12,621.03,130.33,40.93,100.0,45.68
2024-06-18,Brazil,Krishnapatnam,Wheat,Capesize,95511,89.61,621.03,130.33,40.93,100.0,45.68
2024-06-18,Russia,Chennai,Coal,Handymax,69353,84.59,621.03,130.33,40.93,100.0,45.68
2024-06-19,Australia,Chennai,Bauxite,Handymax,91095,75.32,744.4,143.06,18.46,48.36,64.33
2024-06-19,Brazil,Chennai,Fertilizer,Panamax,108377,80.19,744.4,143.06,18.46,48.36,64.33
2024-06-19,Australia,Kakinada,Coal,Supramax,95276,78.68,744.4,143.06,18.46,48.36,64.33
2024-06-19,Russia,Paradip,Fertilizer,Handymax,91451,70.37,744.4,143.06,18.46,48.36,64.33
2024-06-19,Russia,Paradip,Bauxite,Handymax,76754,74.47,744.4,143.06,18.46,48.36,64.33
2024-06-19,Indonesia,Krishnapatnam,Bauxite,Capesize,27775,84.13,744.4,143.06,18.46,48.36,64.33
2024-06-19,South Africa,Chennai,Fertilizer,Capesize,115350,82.78,744.4,143.06,18.46,48.36,64.33
2024-06-19,Australia,Visakhapatnam,Coal,Supramax,68637,76.41,744.4,143.06,18.46,48.36,64.33
2024-06-20,South Africa,Krishnapatnam,Coal,Handymax,75483,76.35,565.21,139.0,47.79,75.06,83.79
2024-06-20,Brazil,Chennai,Fertilizer,Handysize,41983,71.94,565.21,139.0,47.79,75.06,83.79
2024-06-20,Russia,Krishnapatnam,Bauxite,Supramax,58235,77.24,565.21,139.0,47.79,75.06,83.79
2024-06-20,Indonesia,Krishnapatnam,Bauxite,Capesize,97848,82.37,565.21,139.0,47.79,75.06,83.79
2024-06-20,South Africa,Kakinada,Iron Ore,Capesize,98425,88.76,565.21,139.0,47.79,75.06,83.79
2024-06-20,Brazil,Kakinada,Coal,Capesize,38894,83.47,565.21,139.0,47.79,75.06,83.79
2024-06-20,Australia,Paradip,Fertilizer,Handymax,112379,74.67,565.21,139.0,47.79,75.06,83.79
2024-06-20,Indonesia,Paradip,Bauxite,Handysize,28152,72.26,565.21,139.0,47.79,75.06,83.79
2024-06-21,South Africa,Chennai,Coal,Capesize,114898,90.17,542.1,141.7,40.16,85.59,64.36
2024-06-21,Russia,Kakinada,Fertilizer,Panamax,26492,77.46,542.1,141.7,40.16,85.59,64.36
2024-06-21,Australia,Chennai,Bauxite,Handymax,84194,81.42,542.1,141.7,40.16,85.59,64.36
2024-06-21,Australia,Visakhapatnam,Coal,Capesize,109680,86.24,542.1,141.7,40.16,85.59,64.36
2024-06-21,Australia,Paradip,Bauxite,Supramax,88379,79.89,542.1,141.7,40.16,85.59,64.36
2024-06-21,Indonesia,Krishnapatnam,Wheat,Handysize,89828,72.0,542.1,141.7,40.16,85.59,64.36
2024-06-21,Brazil,Kakinada,Wheat,Capesize,34470,84.84,542.1,141.7,40.16,85.59,64.36
2024-06-21,South Africa,Kakinada,Wheat,Panamax,65417,80.56,542.1,141.7,40.16,85.59,64.36
2024-06-22,Brazil,Kakinada,Bauxite,Capesize,50171,90.57,778.89,99.13,43.96,96.75,59.02
2024-06-22,Indonesia,Visakhapatnam,Bauxite,Supramax,52872,86.53,778.89,99.13,43.96,96.75,59.02
2024-06-22,Indonesia,Chennai,Iron Ore,Capesize,68347,91.16,778.89,99.13,43.96,96.75,59.02
2024-06-22,Brazil,Visakhapatnam,Bauxite,Handymax,97925,80.45,778.89,99.13,43.96,96.75,59.02
2024-06-22,Indonesia,Krishnapatnam,Coal,Handysize,90920,75.26,778.89,99.13,43.96,96.75,59.02
2024-06-22,Australia,Paradip,Coal,Handymax,67391,81.15,778.89,99.13,43.96,96.75,59.02
2024-06-22,Australia,Chennai,Coal,Handysize,30362,77.99,778.89,99.13,43.96,96.75,59.02
2024-06-22,South Africa,Paradip,Bauxite,Handysize,59300,76.6,778.89,99.13,43.96,96.75,59.02
2024-06-23,South Africa,Paradip,Fertilizer,Supramax,55537,83.26,614.18,106.94,63.3,92.78,56.05
2024-06-23,Brazil,Krishnapatnam,Iron Ore,Supramax,98203,87.78,614.18,106.94,63.3,92.78,56.05
2024-06-23,Indonesia,Krishnapatnam,Bauxite,Handymax,45131,78.9,614.18,106.94,63.3,92.78,56.05
2024-06-23,Brazil,Krishnapatnam,Fertilizer,Handymax,107899,79.31,614.18,106.94,63.3,92.78,56.05
2024-06-23,Russia,Visakhapatnam,Bauxite,Capesize,26726,89.14,614.18,106.94,63.3,92.78,56.05
2024-06-23,Brazil,Paradip,Fertilizer,Handysize,43691,74.94,614.18,106.94,63.3,92.78,56.05
2024-06-23,Brazil,Krishnapatnam,Coal,Panamax,35893,85.14,614.18,106.94,63.3,92.78,56.05
2024-06-23,Australia,Krishnapatnam,Wheat,Handymax,86492,75.57,614.18,106.94,63.3,92.78,56.05
2024-06-24,Brazil,Paradip,Iron Ore,Supramax,65969,84.17,626.0,144.83,53.13,69.48,79.34
2024-06-24,Russia,Kakinada,Bauxite,Capesize,109463,86.65,626.0,144.83,53.13,69.48,79.34
2024-06-24,Brazil,Paradip,Wheat,Handysize,36418,72.37,626.0,144.83,53.13,69.48,79.34
2024-06-24,Brazil,Visakhapatnam,Fertilizer,Handymax,62823,74.27,626.0,144.83,53.13,69.48,79.34
2024-06-24,Brazil,Paradip,Bauxite,Panamax,81896,85.51,626.0,144.83,53.13,69.48,79.34
2024-06-24,Indonesia,Chennai,Wheat,Handymax,30111,77.39,626.0,144.83,53.13,69.48,79.34
2024-06-24,Russia,Paradip,Bauxite,Handysize,112125,77.29,626.0,144.83,53.13,69.48,79.34
2024-06-24,South Africa,Krishnapatnam,Bauxite,Supramax,59877,78.75,626.0,144.83,53.13,69.48,79.34
2024-06-25,Russia,Chennai,Coal,Supramax,96862,80.03,776.82,97.64,33.51,63.45,48.0
2024-06-25,Russia,Kakinada,Fertilizer,Handysize,45187,71.38,776.82,97.64,33.51,63.45,48.0
2024-06-25,Russia,Kakinada,Coal,Supramax,102546,84.16,776.82,97.64,33.51,63.45,48.0
2024-06-25,South Africa,Kakinada,Coal,Supramax,103822,78.99,776.82,97.64,33.51,63.45,48.0
2024-06-25,South Africa,Krishnapatnam,Wheat,Supramax,27997,78.36,776.82,97.64,33.51,63.45,48.0
2024-06-25,Brazil,Krishnapatnam,Coal,Panamax,71574,80.15,776.82,97.64,33.51,63.45,48.0
2024-06-25,South Africa,Krishnapatnam,Wheat,Capesize,70094,86.12,776.82,97.64,33.51,63.45,48.0
2024-06-25,Australia,Krishnapatnam,Coal,Supramax,58022,77.13,776.82,97.64,33.51,63.45,48.0
2024-06-26,Brazil,Visakhapatnam,Iron Ore,Handysize,72030,79.4,844.82,109.52,59.29,75.82,80.66
2024-06-26,Russia,Chennai,Iron Ore,Panamax,69662,89.55,844.82,109.52,59.29,75.82,80.66
2024-06-26,Indonesia,Krishnapatnam,Bauxite,Supramax,102169,87.13,844.82,109.52,59.29,75.82,80.66
2024-06-26,Brazil,Kakinada,Bauxite,Handymax,101697,85.01,844.82,109.52,59.29,75.82,80.66
2024-06-26,Brazil,Visakhapatnam,Bauxite,Capesize,36802,89.25,844.82,109.52,59.29,75.82,80.66
2024-06-26,South Africa,Chennai,Bauxite,Capesize,71716,88.63,844.82,109.52,59.29,75.82,80.66
2024-06-26,Brazil,Paradip,Iron Ore,Handysize,20707,79.83,844.82,109.52,59.29,75.82,80.66
2024-06-26,South Africa,Chennai,Iron Ore,Panamax,21593,89.13,844.82,109.52,59.29,75.82,80.66
2024-06-27,Indonesia,Krishnapatnam,Fertilizer,Supramax,72197,82.24,635.65,140.32,39.92,64.11,39.52
2024-06-27,Indonesia,Visakhapatnam,Fertilizer,Handysize,116996,73.11,635.65,140.32,39.92,64.11,39.52
2024-06-27,Russia,Paradip,Bauxite,Supramax,28058,80.13,635.65,140.32,39.92,64.11,39.52
2024-06-27,Brazil,Krishnapatnam,Iron Ore,Handymax,88960,81.87,635.65,140.32,39.92,64.11,39.52
2024-06-27,South Africa,Chennai,Bauxite,Handymax,51586,78.27,635.65,140.32,39.92,64.11,39.52
2024-06-27,South Africa,Chennai,Fertilizer,Panamax,110987,84.58,635.65,140.32,39.92,64.11,39.52
2024-06-27,Indonesia,Chennai,Wheat,Supramax,105934,80.72,635.65,140.32,39.92,64.11,39.52
2024-06-27,Russia,Krishnapatnam,Fertilizer,Handymax,21268,74.22,635.65,140.32,39.92,64.11,39.52
2024-06-28,South Africa,Chennai,Wheat,Handymax,69744,79.9,765.99,163.77,47.05,56.8,71.16
2024-06-28,South Africa,Chennai,Bauxite,Handysize,105491,77.61,765.99,163.77,47.05,56.8,71.16
2024-06-28,South Africa,Paradip,Wheat,Handysize,83179,78.96,765.99,163.77,47.05,56.8,71.16
2024-06-28,Brazil,Krishnapatnam,Fertilizer,Panamax,53264,83.35,765.99,163.77,47.05,56.8,71.16
2024-06-28,Brazil,Krishnapatnam,Fertilizer,Capesize,99095,90.46,765.99,163.77,47.05,56.8,71.16
2024-06-28,Brazil,Paradip,Wheat,Handymax,48783,77.23,765.99,163.77,47.05,56.8,71.16
2024-06-28,Russia,Visakhapatnam,Wheat,Capesize,65281,89.4,765.99,163.77,47.05,56.8,71.16
2024-06-28,Russia,Chennai,Iron Ore,Panamax,20403,80.9,765.99,163.77,47.05,56.8,71.16
2024-06-29,South Africa,Krishnapatnam,Iron Ore,Panamax,22696,83.61,736.36,85.27,66.04,70.89,61.4
2024-06-29,Australia,Krishnapatnam,Fertilizer,Supramax,20145,76.97,736.36,85.27,66.04,70.89,61.4
2024-06-29,Indonesia,Krishnapatnam,Wheat,Capesize,65040,85.58,736.36,85.27,66.04,70.89,61.4
2024-06-29,Brazil,Visakhapatnam,Bauxite,Handymax,31631,79.34,736.36,85.27,66.04,70.89,61.4
2024-06-29,Australia,Paradip,Iron Ore,Handysize,95450,81.3,736.36,85.27,66.04,70.89,61.4
2024-06-29,Indonesia,Chennai,Bauxite,Handysize,57289,70.43,736.36,85.27,66.04,70.89,61.4
2024-06-29,Indonesia,Chennai,Wheat,Handysize,109616,73.2,736.36,85.27,66.04,70.89,61.4
2024-06-29,South Africa,Krishnapatnam,Fertilizer,Panamax,72999,81.27,736.36,85.27,66.04,70.89,61.4
2024-06-30,South Africa,Visakhapatnam,Fertilizer,Capesize,80218,83.89,538.74,159.72,16.29,61.3,70.31
2024-06-30,South Africa,Paradip,Fertilizer,Handysize,64056,65.83,538.74,159.72,16.29,61.3,70.31
2024-06-30,Indonesia,Krishnapatnam,Iron Ore,Panamax,30017,81.23,538.74,159.72,16.29,61.3,70.31
2024-06-30,Russia,Paradip,Iron Ore,Panamax,83590,79.95,538.74,159.72,16.29,61.3,70.31
2024-06-30,Indonesia,Chennai,Bauxite,Handysize,43808,70.06,538.74,159.72,16.29,61.3,70.31
2024-06-30,South Africa,Krishnapatnam,Coal,Supramax,55031,76.3,538.74,159.72,16.29,61.3,70.31
2024-06-30,Russia,Krishnapatnam,Bauxite,Capesize,44747,82.12,538.74,159.72,16.29,61.3,70.31
2024-06-30,Russia,Paradip,Wheat,Panamax,104195,76.22,538.74,159.72,16.29,61.3,70.31
2024-07-01,Brazil,Krishnapatnam,Bauxite,Supramax,97150,77.81,831.55,87.27,36.93,66.34,67.22
2024-07-01,Brazil,Kakinada,Fertilizer,Capesize,53366,78.16,831.55,87.27,36.93,66.34,67.22
2024-07-01,South Africa,Chennai,Coal,Supramax,91047,78.59,831.55,87.27,36.93,66.34,67.22
2024-07-01,Brazil,Visakhapatnam,Wheat,Handymax,23682,71.51,831.55,87.27,36.93,66.34,67.22
2024-07-01,Russia,Chennai,Coal,Handysize,32045,68.67,831.55,87.27,36.93,66.34,67.22
2024-07-01,Indonesia,Kakinada,Bauxite,Panamax,64747,81.66,831.55,87.27,36.93,66.34,67.22
2024-07-01,Brazil,Krishnapatnam,Fertilizer,Handymax,48031,73.22,831.55,87.27,36.93,66.34,67.22
2024-07-01,Russia,Visakhapatnam,Fertilizer,Handymax,84028,71.83,831.55,87.27,36.93,66.34,67.22
2024-07-02,Russia,Kakinada,Iron Ore,Handymax,65964,68.97,678.07,131.28,35.58,46.59,66.14
2024-07-02,Russia,Chennai,Coal,Handysize,101523,70.88,678.07,131.28,35.58,46.59,66.14
2024-07-02,Russia,Visakhapatnam,Wheat,Panamax,42939,75.0,678.07,131.28,35.58,46.59,66.14
2024-07-02,South Africa,Krishnapatnam,Wheat,Capesize,21722,77.38,678.07,131.28,35.58,46.59,66.14
2024-07-02,Russia,Visakhapatnam,Iron Ore,Supramax,69866,76.7,678.07,131.28,35.58,46.59,66.14
2024-07-02,Brazil,Krishnapatnam,Wheat,Handymax,97806,70.61,678.07,131.28,35.58,46.59,66.14
2024-07-02,South Africa,Chennai,Wheat,Supramax,28602,70.73,678.07,131.28,35.58,46.59,66.14
2024-07-02,South Africa,Kakinada,Bauxite,Supramax,88149,70.79,678.07,131.28,35.58,46.59,66.14
2024-07-03,Indonesia,Chennai,Wheat,Handysize,82996,69.88,688.13,138.75,55.57,63.56,43.27
2024-07-03,Indonesia,Chennai,Wheat,Panamax,74032,81.67,688.13,138.75,55.57,63.56,43.27
2024-07-03,Indonesia,Chennai,Bauxite,Capesize,21495,87.21,688.13,138.75,55.57,63.56,43.27
2024-07-03,Brazil,Kakinada,Iron Ore,Supramax,36486,80.44,688.13,138.75,55.57,63.56,43.27
2024-07-03,Russia,Chennai,Coal,Panamax,40495,82.21,688.13,138.75,55.57,63.56,43.27
2024-07-03,South Africa,Paradip,Wheat,Capesize,27940,83.02,688.13,138.75,55.57,63.56,43.27
2024-07-03,South Africa,Visakhapatnam,Bauxite,Supramax,23247,79.37,688.13,138.75,55.57,63.56,43.27
2024-07-03,Russia,Paradip,Iron Ore,Handymax,62956,81.06,688.13,138.75,55.57,63.56,43.27
2024-07-04,Indonesia,Paradip,Bauxite,Handysize,31223,72.56,533.74,157.39,47.03,81.59,65.15
2024-07-04,Russia,Chennai,Coal,Supramax,35266,72.94,533.74,157.39,47.03,81.59,65.15
2024-07-04,Russia,Visakhapatnam,Bauxite,Capesize,57988,86.52,533.74,157.39,47.03,81.59,65.15
2024-07-04,Australia,Kakinada,Fertilizer,Handysize,101254,70.77,533.74,157.39,47.03,81.59,65.15
2024-07-04,South Africa,Chennai,Bauxite,Capesize,78087,82.89,533.74,157.39,47.03,81.59,65.15
2024-07-04,Australia,Krishnapatnam,Iron Ore,Panamax,85059,80.91,533.74,157.39,47.03,81.59,65.15
2024-07-04,South Africa,Visakhapatnam,Coal,Handymax,21510,74.87,533.74,157.39,47.03,81.59,65.15
2024-07-04,South Africa,Kakinada,Coal,Handysize,80389,76.63,533.74,157.39,47.03,81.59,65.15
2024-07-05,South Africa,Chennai,Wheat,Handysize,92247,70.37,674.15,130.17,53.05,68.87,88.98
2024-07-05,Indonesia,Paradip,Fertilizer,Handymax,79081,71.96,674.15,130.17,53.05,68.87,88.98
2024-07-05,Russia,Paradip,Iron Ore,Handymax,64186,74.85,674.15,130.17,53.05,68.87,88.98
2024-07-05,Indonesia,Kakinada,Iron Ore,Panamax,96977,85.26,674.15,130.17,53.05,68.87,88.98
2024-07-05,Indonesia,Visakhapatnam,Bauxite,Capesize,71116,85.23,674.15,130.17,53.05,68.87,88.98
2024-07-05,South Africa,Paradip,Coal,Handymax,107295,76.79,674.15,130.17,53.05,68.87,88.98
2024-07-05,Australia,Chennai,Fertilizer,Panamax,86886,80.98,674.15,130.17,53.05,68.87,88.98
2024-07-05,South Africa,Chennai,Bauxite,Panamax,93474,79.82,674.15,130.17,53.05,68.87,88.98
2024-07-06,Australia,Chennai,Iron Ore,Panamax,95238,84.45,798.47,130.7,32.59,56.21,78.36
2024-07-06,Australia,Chennai,Iron Ore,Handysize,80254,76.08,798.47,130.7,32.59,56.21,78.36
2024-07-06,South Africa,Chennai,Fertilizer,Panamax,54356,75.78,798.47,130.7,32.59,56.21,78.36
2024-07-06,Brazil,Visakhapatnam,Bauxite,Supramax,102597,77.87,798.47,130.7,32.59,56.21,78.36
2024-07-06,Brazil,Visakhapatnam,Wheat,Capesize,70476,84.03,798.47,130.7,32.59,56.21,78.36
2024-07-06,Australia,Kakinada,Bauxite,Supramax,40653,76.16,798.47,130.7,32.59,56.21,78.36
2024-07-06,Australia,Visakhapatnam,Fertilizer,Panamax,39403,77.14,798.47,130.7,32.59,56.21,78.36
2024-07-06,Brazil,Kakinada,Fertilizer,Panamax,57320,79.23,798.47,130.7,32.59,56.21,78.36
2024-07-07,Russia,Kakinada,Wheat,Capesize,41219,74.18,513.63,92.07,40.52,50.4,40.36
2024-07-07,South Africa,Krishnapatnam,Fertilizer,Panamax,111693,72.51,513.63,92.07,40.52,50.4,40.36
2024-07-07,Russia,Chennai,Bauxite,Supramax,29946,69.03,513.63,92.07,40.52,50.4,40.36
2024-07-07,South Africa,Paradip,Wheat,Handymax,51848,60.71,513.63,92.07,40.52,50.4,40.36
2024-07-07,South Africa,Visakhapatnam,Bauxite,Handysize,111764,67.72,513.63,92.07,40.52,50.4,40.36
2024-07-07,Brazil,Chennai,Bauxite,Handysize,71764,64.97,513.63,92.07,40.52,50.4,40.36
2024-07-07,Russia,Chennai,Bauxite,Handymax,44466,64.36,513.63,92.07,40.52,50.4,40.36
2024-07-07,Brazil,Chennai,Wheat,Handysize,68978,62.95,513.63,92.07,40.52,50.4,40.36
2024-07-08,Russia,Krishnapatnam,Coal,Handysize,106810,80.21,811.07,151.05,69.54,63.13,41.63
2024-07-08,Indonesia,Visakhapatnam,Coal,Supramax,20819,87.45,811.07,151.05,69.54,63.13,41.63
2024-07-08,Russia,Kakinada,Fertilizer,Handysize,77245,79.78,811.07,151.05,69.54,63.13,41.63
2024-07-08,South Africa,Krishnapatnam,Coal,Capesize,90325,93.13,811.07,151.05,69.54,63.13,41.63
2024-07-08,Brazil,Chennai,Iron Ore,Handymax,44955,82.45,811.07,151.05,69.54,63.13,41.63
2024-07-08,South Africa,Kakinada,Fertilizer,Capesize,34681,87.5,811.07,151.05,69.54,63.13,41.63
2024-07-08,Russia,Chennai,Coal,Panamax,113392,91.09,811.07,151.05,69.54,63.13,41.63
2024-07-08,Brazil,Krishnapatnam,Fertilizer,Supramax,111418,88.93,811.07,151.05,69.54,63.13,41.63
2024-07-09,Brazil,Paradip,Wheat,Panamax,94715,76.25,791.19,86.56,17.51,73.97,57.91
2024-07-09,Indonesia,Krishnapatnam,Wheat,Handymax,113644,71.8,791.19,86.56,17.51,73.97,57.91
2024-07-09,Australia,Visakhapatnam,Wheat,Panamax,74799,76.14,791.19,86.56,17.51,73.97,57.91
2024-07-09,Indonesia,Visakhapatnam,Iron Ore,Handysize,102453,77.07,791.19,86.56,17.51,73.97,57.91
2024-07-09,Australia,Visakhapatnam,Bauxite,Capesize,41220,83.6,791.19,86.56,17.51,73.97,57.91
2024-07-09,Indonesia,Kakinada,Fertilizer,Handymax,98305,69.93,791.19,86.56,17.51,73.97,57.91
2024-07-09,Indonesia,Kakinada,Fertilizer,Supramax,36201,71.36,791.19,86.56,17.51,73.97,57.91
2024-07-09,Indonesia,Paradip,Wheat,Handysize,85309,71.09,791.19,86.56,17.51,73.97,57.91
2024-07-10,Australia,Krishnapatnam,Iron Ore,Supramax,21403,77.62,842.81,83.87,52.67,49.43,71.85
2024-07-10,Russia,Visakhapatnam,Wheat,Capesize,48448,79.85,842.81,83.87,52.67,49.43,71.85
2024-07-10,Australia,Visakhapatnam,Wheat,Panamax,69649,78.01,842.81,83.87,52.67,49.43,71.85
2024-07-10,Indonesia,Paradip,Coal,Handysize,46314,69.38,842.81,83.87,52.67,49.43,71.85
2024-07-10,Australia,Chennai,Coal,Capesize,112367,83.24,842.81,83.87,52.67,49.43,71.85
2024-07-10,Russia,Paradip,Bauxite,Handymax,30701,76.25,842.81,83.87,52.67,49.43,71.85
2024-07-10,South Africa,Paradip,Wheat,Handymax,102847,71.52,842.81,83.87,52.67,49.43,71.85
2024-07-10,Russia,Paradip,Bauxite,Handymax,97641,73.75,842.81,83.87,52.67,49.43,71.85
2024-07-11,South Africa,Visakhapatnam,Wheat,Supramax,116726,82.68,668.37,145.2,45.5,77.93,60.23
2024-07-11,South Africa,Visakhapatnam,Fertilizer,Capesize,69349,84.11,668.37,145.2,45.5,77.93,60.23
2024-07-11,Australia,Kakinada,Iron Ore,Capesize,28102,90.82,668.37,145.2,45.5,77.93,60.23
2024-07-11,Indonesia,Chennai,Wheat,Capesize,85670,84.35,668.37,145.2,45.5,77.93,60.23
2024-07-11,Brazil,Visakhapatnam,Wheat,Capesize,63084,82.19,668.37,145.2,45.5,77.93,60.23
2024-07-11,South Africa,Krishnapatnam,Fertilizer,Handysize,83828,77.15,668.37,145.2,45.5,77.93,60.23
2024-07-11,Brazil,Paradip,Fertilizer,Capesize,108688,88.19,668.37,145.2,45.5,77.93,60.23
2024-07-11,Australia,Chennai,Wheat,Handysize,96011,76.58,668.37,145.2,45.5,77.93,60.23
2024-07-12,Indonesia,Krishnapatnam,Bauxite,Capesize,116248,81.54,612.78,83.73,40.24,49.78,37.42
2024-07-12,Russia,Kakinada,Fertilizer,Handysize,94634,67.77,612.78,83.73,40.24,49.78,37.42
2024-07-12,South Africa,Visakhapatnam,Fertilizer,Supramax,101013,71.46,612.78,83.73,40.24,49.78,37.42
2024-07-12,Indonesia,Chennai,Bauxite,Supramax,116679,76.79,612.78,83.73,40.24,49.78,37.42
2024-07-12,Brazil,Paradip,Iron Ore,Panamax,113009,77.36,612.78,83.73,40.24,49.78,37.42
2024-07-12,Indonesia,Kakinada,Iron Ore,Capesize,50926,79.16,612.78,83.73,40.24,49.78,37.42
2024-07-12,South Africa,Kakinada,Wheat,Handysize,54846,64.33,612.78,83.73,40.24,49.78,37.42
2024-07-12,Australia,Kakinada,Fertilizer,Handysize,79397,71.31,612.78,83.73,40.24,49.78,37.42
2024-07-13,South Africa,Paradip,Fertilizer,Handymax,36214,78.16,761.83,147.84,50.89,82.41,74.54
2024-07-13,Australia,Kakinada,Fertilizer,Handymax,113404,81.84,761.83,147.84,50.89,82.41,74.54
2024-07-13,Brazil,Kakinada,Iron Ore,Handymax,44060,79.28,761.83,147.84,50.89,82.41,74.54
2024-07-13,Australia,Visakhapatnam,Wheat,Panamax,54398,83.95,761.83,147.84,50.89,82.41,74.54
2024-07-13,Russia,Chennai,Iron Ore,Supramax,114080,83.72,761.83,147.84,50.89,82.41,74.54
2024-07-13,Indonesia,Visakhapatnam,Wheat,Handymax,110478,75.59,761.83,147.84,50.89,82.41,74.54
2024-07-13,Indonesia,Visakhapatnam,Fertilizer,Handymax,119290,80.53,761.83,147.84,50.89,82.41,74.54
2024-07-13,Indonesia,Paradip,Wheat,Handysize,116482,74.43,761.83,147.84,50.89,82.41,74.54
2024-07-14,Russia,Chennai,Bauxite,Handymax,92743,79.37,613.76,134.75,50.98,89.95,54.28
2024-07-14,Brazil,Paradip,Wheat,Handymax,105108,73.82,613.76,134.75,50.98,89.95,54.28
2024-07-14,Brazil,Kakinada,Bauxite,Handymax,43753,80.02,613.76,134.75,50.98,89.95,54.28
2024-07-14,Brazil,Kakinada,Wheat,Panamax,29407,79.48,613.76,134.75,50.98,89.95,54.28
2024-07-14,Indonesia,Paradip,Coal,Panamax,111474,84.66,613.76,134.75,50.98,89.95,54.28
2024-07-14,Indonesia,Paradip,Fertilizer,Supramax,110655,80.07,613.76,134.75,50.98,89.95,54.28
2024-07-14,Russia,Chennai,Fertilizer,Supramax,76733,79.96,613.76,134.75,50.98,89.95,54.28
2024-07-14,South Africa,Krishnapatnam,Coal,Supramax,56798,78.02,613.76,134.75,50.98,89.95,54.28
2024-07-15,Indonesia,Chennai,Coal,Handymax,47541,76.91,521.86,172.65,77.88,66.83,77.75
2024-07-15,Australia,Visakhapatnam,Coal,Panamax,116016,85.19,521.86,172.65,77.88,66.83,77.75
2024-07-15,South Africa,Paradip,Coal,Capesize,69028,84.42,521.86,172.65,77.88,66.83,77.75
2024-07-15,Australia,Krishnapatnam,Wheat,Capesize,60882,81.63,521.86,172.65,77.88,66.83,77.75
2024-07-15,Russia,Chennai,Coal,Supramax,27235,75.75,521.86,172.65,77.88,66.83,77.75
2024-07-15,Brazil,Chennai,Iron Ore,Handysize,47885,77.42,521.86,172.65,77.88,66.83,77.75
2024-07-15,Indonesia,Chennai,Wheat,Panamax,89668,77.26,521.86,172.65,77.88,66.83,77.75
2024-07-15,Brazil,Chennai,Coal,Handymax,38724,76.68,521.86,172.65,77.88,66.83,77.75
2024-07-16,Brazil,Kakinada,Bauxite,Supramax,89524,82.66,590.42,155.56,51.86,75.12,70.32
2024-07-16,Russia,Krishnapatnam,Fertilizer,Handymax,24887,70.96,590.42,155.56,51.86,75.12,70.32
2024-07-16,Australia,Chennai,Wheat,Panamax,65730,79.47,590.42,155.56,51.86,75.12,70.32
2024-07-16,Australia,Krishnapatnam,Wheat,Panamax,44703,76.99,590.42,155.56,51.86,75.12,70.32
2024-07-16,Brazil,Paradip,Fertilizer,Panamax,26798,77.74,590.42,155.56,51.86,75.12,70.32
2024-07-16,Russia,Krishnapatnam,Bauxite,Handymax,49579,78.46,590.42,155.56,51.86,75.12,70.32
2024-07-16,Indonesia,Paradip,Coal,Capesize,39560,82.45,590.42,155.56,51.86,75.12,70.32
2024-07-16,Russia,Krishnapatnam,Fertilizer,Handysize,99721,73.45,590.42,155.56,51.86,75.12,70.32
2024-07-17,Brazil,Visakhapatnam,Fertilizer,Supramax,76153,76.14,638.98,165.82,18.27,71.88,47.74
2024-07-17,South Africa,Paradip,Iron Ore,Supramax,60564,81.05,638.98,165.82,18.27,71.88,47.74
2024-07-17,Russia,Kakinada,Fertilizer,Supramax,64380,77.52,638.98,165.82,18.27,71.88,47.74
2024-07-17,South Africa,Krishnapatnam,Wheat,Supramax,62810,75.93,638.98,165.82,18.27,71.88,47.74
2024-07-17,Australia,Krishnapatnam,Iron Ore,Supramax,38390,82.68,638.98,165.82,18.27,71.88,47.74
2024-07-17,Australia,Visakhapatnam,Wheat,Handysize,47515,69.79,638.98,165.82,18.27,71.88,47.74
2024-07-17,South Africa,Kakinada,Wheat,Capesize,57985,85.09,638.98,165.82,18.27,71.88,47.74
2024-07-17,Russia,Kakinada,Bauxite,Handymax,36614,75.68,638.98,165.82,18.27,71.88,47.74
2024-07-18,Russia,Krishnapatnam,Coal,Capesize,115933,86.89,725.06,135.33,43.61,61.3,54.8
2024-07-18,South Africa,Chennai,Iron Ore,Capesize,54318,85.56,725.06,135.33,43.61,61.3,54.8
2024-07-18,Russia,Visakhapatnam,Wheat,Supramax,33226,75.31,725.06,135.33,43.61,61.3,54.8
2024-07-18,Australia,Chennai,Wheat,Capesize,50322,83.84,725.06,135.33,43.61,61.3,54.8
2024-07-18,South Africa,Paradip,Bauxite,Supramax,21730,77.69,725.06,135.33,43.61,61.3,54.8
2024-07-18,Russia,Krishnapatnam,Wheat,Capesize,29831,77.54,725.06,135.33,43.61,61.3,54.8
2024-07-18,Indonesia,Visakhapatnam,Wheat,Panamax,72790,82.72,725.06,135.33,43.61,61.3,54.8
2024-07-18,Australia,Kakinada,Bauxite,Supramax,87743,81.52,725.06,135.33,43.61,61.3,54.8
2024-07-19,Russia,Chennai,Coal,Handysize,119763,72.73,711.57,125.21,38.6,48.39,48.11
2024-07-19,Indonesia,Visakhapatnam,Bauxite,Panamax,100704,83.66,711.57,125.21,38.6,48.39,48.11
2024-07-19,South Africa,Krishnapatnam,Fertilizer,Handysize,62959,64.49,711.57,125.21,38.6,48.39,48.11
2024-07-19,Russia,Visakhapatnam,Coal,Panamax,40845,76.69,711.57,125.21,38.6,48.39,48.11
2024-07-19,Brazil,Chennai,Iron Ore,Handysize,118817,71.97,711.57,125.21,38.6,48.39,48.11
2024-07-19,Australia,Chennai,Wheat,Handymax,21471,67.38,711.57,125.21,38.6,48.39,48.11
2024-07-19,Australia,Visakhapatnam,Coal,Supramax,115245,76.55,711.57,125.21,38.6,48.39,48.11
2024-07-19,Brazil,Kakinada,Bauxite,Handymax,97425,72.47,711.57,125.21,38.6,48.39,48.11
2024-07-20,South Africa,Visakhapatnam,Iron Ore,Handymax,109521,86.04,837.87,147.62,63.98,91.05,76.89
2024-07-20,Australia,Krishnapatnam,Coal,Supramax,35344,86.78,837.87,147.62,63.98,91.05,76.89
2024-07-20,South Africa,Paradip,Coal,Supramax,46354,82.67,837.87,147.62,63.98,91.05,76.89
2024-07-20,Indonesia,Krishnapatnam,Wheat,Handymax,25081,80.19,837.87,147.62,63.98,91.05,76.89
2024-07-20,Australia,Visakhapatnam,Fertilizer,Handymax,79487,84.09,837.87,147.62,63.98,91.05,76.89
2024-07-20,Australia,Paradip,Bauxite,Capesize,24302,95.12,837.87,147.62,63.98,91.05,76.89
2024-07-20,Russia,Visakhapatnam,Fertilizer,Supramax,24412,85.51,837.87,147.62,63.98,91.05,76.89
2024-07-20,Russia,Paradip,Iron Ore,Capesize,109668,94.26,837.87,147.62,63.98,91.05,76.89
2024-07-21,Indonesia,Chennai,Iron Ore,Supramax,41954,79.86,514.38,102.75,56.02,100.0,51.63
2024-07-21,Brazil,Chennai,Fertilizer,Capesize,95882,86.27,514.38,102.75,56.02,100.0,51.63
2024-07-21,Russia,Visakhapatnam,Wheat,Panamax,101009,77.64,514.38,102.75,56.02,100.0,51.63
2024-07-21,Indonesia,Krishnapatnam,Iron Ore,Handymax,67227,75.1,514.38,102.75,56.02,100.0,51.63
2024-07-21,South Africa,Krishnapatnam,Bauxite,Handymax,71176,75.7,514.38,102.75,56.02,100.0,51.63
2024-07-21,Australia,Paradip,Iron Ore,Handymax,29210,72.31,514.38,102.75,56.02,100.0,51.63
2024-07-21,Australia,Paradip,Bauxite,Capesize,78314,84.74,514.38,102.75,56.02,100.0,51.63
2024-07-21,Brazil,Chennai,Iron Ore,Handysize,65380,74.76,514.38,102.75,56.02,100.0,51.63
2024-07-22,Indonesia,Krishnapatnam,Fertilizer,Panamax,78323,82.88,625.91,171.2,52.92,66.81,71.11
2024-07-22,Brazil,Chennai,Bauxite,Panamax,47338,83.79,625.91,171.2,52.92,66.81,71.11
2024-07-22,Indonesia,Kakinada,Coal,Capesize,72137,88.42,625.91,171.2,52.92,66.81,71.11
2024-07-22,Brazil,Chennai,Bauxite,Handymax,108437,79.33,625.91,171.2,52.92,66.81,71.11
2024-07-22,Indonesia,Paradip,Bauxite,Supramax,33265,78.97,625.91,171.2,52.92,66.81,71.11
2024-07-22,Indonesia,Kakinada,Coal,Handysize,37993,73.88,625.91,171.2,52.92,66.81,71.11
2024-07-22,Australia,Paradip,Coal,Capesize,54821,86.89,625.91,171.2,52.92,66.81,71.11
2024-07-22,Brazil,Paradip,Fertilizer,Handymax,36025,73.92,625.91,171.2,52.92,66.81,71.11
2024-07-23,Brazil,Visakhapatnam,Iron Ore,Panamax,85768,93.01,791.59,159.93,37.16,81.76,46.11
2024-07-23,Indonesia,Chennai,Coal,Capesize,32191,93.43,791.59,159.93,37.16,81.76,46.11
2024-07-23,Russia,Chennai,Iron Ore,Supramax,83884,87.21,791.59,159.93,37.16,81.76,46.11
2024-07-23,Indonesia,Paradip,Bauxite,Handymax,53557,82.82,791.59,159.93,37.16,81.76,46.11
2024-07-23,Russia,Krishnapatnam,Fertilizer,Handysize,91029,78.09,791.59,159.93,37.16,81.76,46.11
2024-07-23,Australia,Kakinada,Fertilizer,Panamax,87342,88.98,791.59,159.93,37.16,81.76,46.11
2024-07-23,South Africa,Krishnapatnam,Fertilizer,Handymax,102168,82.65,791.59,159.93,37.16,81.76,46.11
2024-07-23,Brazil,Visakhapatnam,Coal,Handysize,115339,76.29,791.59,159.93,37.16,81.76,46.11
2024-07-24,Indonesia,Chennai,Fertilizer,Handysize,50792,71.24,662.86,157.96,37.56,68.76,58.73
2024-07-24,Indonesia,Visakhapatnam,Bauxite,Handymax,55158,81.62,662.86,157.96,37.56,68.76,58.73
2024-07-24,South Africa,Chennai,Wheat,Supramax,31271,79.46,662.86,157.96,37.56,68.76,58.73
2024-07-24,Russia,Visakhapatnam,Iron Ore,Supramax,94396,83.11,662.86,157.96,37.56,68.76,58.73
2024-07-24,Australia,Krishnapatnam,Iron Ore,Panamax,76784,84.8,662.86,157.96,37.56,68.76,58.73
2024-07-24,Brazil,Chennai,Bauxite,Handymax,96607,82.57,662.86,157.96,37.56,68.76,58.73
2024-07-24,Indonesia,Kakinada,Iron Ore,Capesize,113180,85.71,662.86,157.96,37.56,68.76,58.73
2024-07-24,Brazil,Kakinada,Iron Ore,Supramax,119539,82.15,662.86,157.96,37.56,68.76,58.73
2024-07-25,Russia,Chennai,Wheat,Capesize,64945,78.75,745.66,140.81,25.91,39.58,70.64
2024-07-25,South Africa,Krishnapatnam,Bauxite,Handymax,81122,68.82,745.66,140.81,25.91,39.58,70.64
2024-07-25,Indonesia,Kakinada,Wheat,Capesize,107226,78.4,745.66,140.81,25.91,39.58,70.64
2024-07-25,Australia,Paradip,Fertilizer,Capesize,37628,76.78,745.66,140.81,25.91,39.58,70.64
2024-07-25,South Africa,Krishnapatnam,Fertilizer,Handysize,79843,70.62,745.66,140.81,25.91,39.58,70.64
2024-07-25,Indonesia,Chennai,Coal,Handysize,103277,65.57,745.66,140.81,25.91,39.58,70.64
2024-07-25,Australia,Paradip,Bauxite,Handymax,103868,75.97,745.66,140.81,25.91,39.58,70.64
2024-07-25,Russia,Kakinada,Iron Ore,Supramax,89878,79.22,745.66,140.81,25.91,39.58,70.64
2024-07-26,Russia,Chennai,Iron Ore,Supramax,117444,80.04,708.77,156.46,39.49,53.44,74.42
2024-07-26,Brazil,Chennai,Coal,Panamax,77028,80.32,708.77,156.46,39.49,53.44,74.42
2024-07-26,Brazil,Krishnapatnam,Iron Ore,Capesize,62089,86.95,708.77,156.46,39.49,53.44,74.42
2024-07-26,Indonesia,Visakhapatnam,Fertilizer,Supramax,63145,74.92,708.77,156.46,39.49,53.44,74.42
2024-07-26,Russia,Paradip,Bauxite,Handysize,76959,74.61,708.77,156.46,39.49,53.44,74.42
2024-07-26,South Africa,Visakhapatnam,Fertilizer,Capesize,84082,86.44,708.77,156.46,39.49,53.44,74.42
2024-07-26,Russia,Chennai,Fertilizer,Panamax,35653,77.51,708.77,156.46,39.49,53.44,74.42
2024-07-26,Indonesia,Paradip,Coal,Handymax,74850,71.79,708.77,156.46,39.49,53.44,74.42
2024-07-27,Russia,Krishnapatnam,Coal,Handysize,116953,73.73,696.56,128.78,61.03,71.8,70.5
2024-07-27,Russia,Visakhapatnam,Iron Ore,Panamax,46935,84.27,696.56,128.78,61.03,71.8,70.5
2024-07-27,South Africa,Paradip,Iron Ore,Capesize,117933,92.36,696.56,128.78,61.03,71.8,70.5
2024-07-27,Russia,Paradip,Bauxite,Panamax,60433,85.99,696.56,128.78,61.03,71.8,70.5
2024-07-27,Indonesia,Chennai,Wheat,Capesize,33672,84.06,696.56,128.78,61.03,71.8,70.5
2024-07-27,Indonesia,Visakhapatnam,Fertilizer,Handymax,21014,72.51,696.56,128.78,61.03,71.8,70.5
2024-07-27,Australia,Kakinada,Bauxite,Capesize,94398,91.6,696.56,128.78,61.03,71.8,70.5
2024-07-27,South Africa,Krishnapatnam,Iron Ore,Supramax,37795,79.92,696.56,128.78,61.03,71.8,70.5
2024-07-28,Australia,Visakhapatnam,Iron Ore,Supramax,66400,83.54,557.22,166.1,42.8,84.05,31.14
2024-07-28,Russia,Paradip,Coal,Handymax,69775,80.96,557.22,166.1,42.8,84.05,31.14
2024-07-28,Indonesia,Chennai,Fertilizer,Handymax,93728,81.01,557.22,166.1,42.8,84.05,31.14
2024-07-28,Indonesia,Chennai,Fertilizer,Supramax,22066,79.67,557.22,166.1,42.8,84.05,31.14
2024-07-28,Russia,Kakinada,Coal,Capesize,39705,89.93,557.22,166.1,42.8,84.05,31.14
2024-07-28,South Africa,Paradip,Coal,Handysize,62125,78.95,557.22,166.1,42.8,84.05,31.14
2024-07-28,South Africa,Paradip,Fertilizer,Supramax,53006,76.02,557.22,166.1,42.8,84.05,31.14
2024-07-28,Russia,Paradip,Wheat,Supramax,117894,82.94,557.22,166.1,42.8,84.05,31.14
2024-07-29,Brazil,Chennai,Iron Ore,Handymax,30354,71.22,799.18,79.79,29.56,59.94,61.07
2024-07-29,Russia,Krishnapatnam,Coal,Supramax,66221,75.9,799.18,79.79,29.56,59.94,61.07
2024-07-29,Brazil,Kakinada,Bauxite,Handysize,92188,72.72,799.18,79.79,29.56,59.94,61.07
2024-07-29,Brazil,Krishnapatnam,Iron Ore,Handysize,69457,69.23,799.18,79.79,29.56,59.94,61.07
2024-07-29,Brazil,Kakinada,Iron Ore,Supramax,31928,74.54,799.18,79.79,29.56,59.94,61.07
2024-07-29,Australia,Krishnapatnam,Coal,Handymax,68003,72.13,799.18,79.79,29.56,59.94,61.07
2024-07-29,Russia,Paradip,Wheat,Panamax,87975,72.89,799.18,79.79,29.56,59.94,61.07
2024-07-29,Russia,Paradip,Coal,Handymax,62875,73.96,799.18,79.79,29.56,59.94,61.07
2024-07-30,Brazil,Visakhapatnam,Wheat,Supramax,60348,83.18,679.9,174.49,65.93,72.06,72.23
2024-07-30,Russia,Visakhapatnam,Wheat,Supramax,92916,84.37,679.9,174.49,65.93,72.06,72.23
2024-07-30,South Africa,Chennai,Iron Ore,Capesize,92146,96.07,679.9,174.49,65.93,72.06,72.23
2024-07-30,South Africa,Krishnapatnam,Fertilizer,Supramax,27816,79.29,679.9,174.49,65.93,72.06,72.23
2024-07-30,Russia,Krishnapatnam,Bauxite,Panamax,41048,85.2,679.9,174.49,65.93,72.06,72.23
2024-07-30,Russia,Chennai,Bauxite,Capesize,54607,87.4,679.9,174.49,65.93,72.06,72.23
2024-07-30,South Africa,Krishnapatnam,Coal,Supramax,107060,82.65,679.9,174.49,65.93,72.06,72.23
2024-07-30,South Africa,Chennai,Coal,Handysize,61397,79.87,679.9,174.49,65.93,72.06,72.23
2024-07-31,Australia,Paradip,Bauxite,Capesize,55516,77.02,523.33,116.45,49.71,56.68,64.66
2024-07-31,Indonesia,Chennai,Wheat,Capesize,58105,79.83,523.33,116.45,49.71,56.68,64.66
2024-07-31,Australia,Paradip,Fertilizer,Capesize,48242,72.19,523.33,116.45,49.71,56.68,64.66
2024-07-31,Indonesia,Visakhapatnam,Wheat,Capesize,101439,77.39,523.33,116.45,49.71,56.68,64.66
2024-07-31,Australia,Kakinada,Fertilizer,Capesize,55931,77.14,523.33,116.45,49.71,56.68,64.66
2024-07-31,Russia,Paradip,Bauxite,Handymax,29527,67.11,523.33,116.45,49.71,56.68,64.66
2024-07-31,Australia,Visakhapatnam,Iron Ore,Handysize,51742,67.12,523.33,116.45,49.71,56.68,64.66
2024-07-31,Australia,Chennai,Bauxite,Capesize,117095,80.91,523.33,116.45,49.71,56.68,64.66
2024-08-01,Russia,Krishnapatnam,Bauxite,Panamax,118756,78.46,596.1,130.94,30.4,70.23,51.95
2024-08-01,Australia,Visakhapatnam,Wheat,Handysize,50278,64.83,596.1,130.94,30.4,70.23,51.95
2024-08-01,South Africa,Visakhapatnam,Fertilizer,Handysize,87041,68.65,596.1,130.94,30.4,70.23,51.95
2024-08-01,Australia,Paradip,Iron Ore,Capesize,116275,85.47,596.1,130.94,30.4,70.23,51.95
2024-08-01,Russia,Visakhapatnam,Iron Ore,Supramax,30226,78.23,596.1,130.94,30.4,70.23,51.95
2024-08-01,South Africa,Visakhapatnam,Wheat,Handysize,99670,69.19,596.1,130.94,30.4,70.23,51.95
2024-08-01,Australia,Chennai,Fertilizer,Handysize,34837,68.01,596.1,130.94,30.4,70.23,51.95
2024-08-01,South Africa,Paradip,Bauxite,Handysize,87089,66.98,596.1,130.94,30.4,70.23,51.95
2024-08-02,Brazil,Krishnapatnam,Fertilizer,Capesize,54209,85.42,817.38,147.29,44.34,55.21,53.8
2024-08-02,Australia,Kakinada,Wheat,Panamax,25450,76.87,817.38,147.29,44.34,55.21,53.8
2024-08-02,Russia,Visakhapatnam,Iron Ore,Capesize,32891,87.18,817.38,147.29,44.34,55.21,53.8
2024-08-02,Brazil,Paradip,Coal,Supramax,114301,79.83,817.38,147.29,44.34,55.21,53.8
2024-08-02,Russia,Paradip,Fertilizer,Panamax,74711,82.13,817.38,147.29,44.34,55.21,53.8
2024-08-02,Russia,Chennai,Iron Ore,Handymax,114142,82.5,817.38,147.29,44.34,55.21,53.8
2024-08-02,Russia,Paradip,Coal,Handysize,91500,77.54,817.38,147.29,44.34,55.21,53.8
2024-08-02,Russia,Paradip,Iron Ore,Supramax,74928,82.73,817.38,147.29,44.34,55.21,53.8
2024-08-03,Russia,Paradip,Iron Ore,Supramax,44152,81.65,738.34,170.66,38.49,62.32,50.22
2024-08-03,Brazil,Chennai,Wheat,Handysize,47973,71.92,738.34,170.66,38.49,62.32,50.22
2024-08-03,Indonesia,Kakinada,Wheat,Supramax,62711,79.18,738.34,170.66,38.49,62.32,50.22
2024-08-03,South Africa,Kakinada,Wheat,Capesize,93895,84.65,738.34,170.66,38.49,62.32,50.22
2024-08-03,Indonesia,Kakinada,Iron Ore,Supramax,86644,82.43,738.34,170.66,38.49,62.32,50.22
2024-08-03,Brazil,Krishnapatnam,Coal,Capesize,76680,90.52,738.34,170.66,38.49,62.32,50.22
2024-08-03,Russia,Krishnapatnam,Bauxite,Supramax,79484,82.72,738.34,170.66,38.49,62.32,50.22
2024-08-03,Russia,Chennai,Coal,Handysize,40029,79.01,738.34,170.66,38.49,62.32,50.22
2024-08-04,Russia,Visakhapatnam,Iron Ore,Handysize,113068,62.89,548.31,80.02,44.87,59.52,59.13
2024-08-04,Brazil,Kakinada,Iron Ore,Supramax,40694,73.6,548.31,80.02,44.87,59.52,59.13
2024-08-04,South Africa,Visakhapatnam,Coal,Supramax,29906,66.3,548.31,80.02,44.87,59.52,59.13
2024-08-04,Australia,Kakinada,Coal,Handymax,39391,61.76,548.31,80.02,44.87,59.52,59.13
2024-08-04,South Africa,Kakinada,Coal,Handysize,54207,61.26,548.31,80.02,44.87,59.52,59.13
2024-08-04,Russia,Visakhapatnam,Fertilizer,Handysize,86310,57.26,548.31,80.02,44.87,59.52,59.13
2024-08-04,Indonesia,Kakinada,Fertilizer,Handymax,87926,64.14,548.31,80.02,44.87,59.52,59.13
2024-08-04,Russia,Kakinada,Coal,Handymax,61702,65.0,548.31,80.02,44.87,59.52,59.13
2024-08-05,South Africa,Visakhapatnam,Fertilizer,Supramax,76707,77.35,528.2,153.38,63.45,59.48,51.44
2024-08-05,Australia,Paradip,Coal,Capesize,40817,84.86,528.2,153.38,63.45,59.48,51.44
2024-08-05,Brazil,Krishnapatnam,Iron Ore,Handysize,109871,71.53,528.2,153.38,63.45,59.48,51.44
2024-08-05,Brazil,Chennai,Fertilizer,Capesize,59873,81.22,528.2,153.38,63.45,59.48,51.44
2024-08-05,South Africa,Kakinada,Bauxite,Supramax,37677,77.57,528.2,153.38,63.45,59.48,51.44
2024-08-05,Brazil,Chennai,Bauxite,Handysize,87082,69.99,528.2,153.38,63.45,59.48,51.44
2024-08-05,Indonesia,Paradip,Coal,Supramax,101039,76.58,528.2,153.38,63.45,59.48,51.44
2024-08-05,Indonesia,Krishnapatnam,Fertilizer,Capesize,111041,83.97,528.2,153.38,63.45,59.48,51.44
2024-08-06,South Africa,Krishnapatnam,Bauxite,Panamax,28495,74.42,601.71,125.68,29.54,59.88,65.34
2024-08-06,Russia,Paradip,Bauxite,Handysize,102867,66.36,601.71,125.68,29.54,59.88,65.34
2024-08-06,Russia,Krishnapatnam,Fertilizer,Capesize,41399,73.82,601.71,125.68,29.54,59.88,65.34
2024-08-06,Indonesia,Kakinada,Wheat,Supramax,68577,67.63,601.71,125.68,29.54,59.88,65.34
2024-08-06,Brazil,Chennai,Bauxite,Handysize,70351,67.98,601.71,125.68,29.54,59.88,65.34
2024-08-06,South Africa,Paradip,Fertilizer,Handysize,32854,66.88,601.71,125.68,29.54,59.88,65.34
2024-08-06,South Africa,Visakhapatnam,Coal,Handymax,116892,69.5,601.71,125.68,29.54,59.88,65.34
2024-08-06,Russia,Visakhapatnam,Fertilizer,Panamax,80587,74.25,601.71,125.68,29.54,59.88,65.34
2024-08-07,Brazil,Kakinada,Fertilizer,Supramax,66169,79.01,762.27,151.94,49.27,72.86,47.82
2024-08-07,South Africa,Chennai,Coal,Capesize,119792,91.05,762.27,151.94,49.27,72.86,47.82
2024-08-07,Brazil,Krishnapatnam,Coal,Handymax,73387,77.1,762.27,151.94,49.27,72.86,47.82
2024-08-07,Russia,Kakinada,Bauxite,Panamax,103996,86.75,762.27,151.94,49.27,72.86,47.82
2024-08-07,South Africa,Chennai,Bauxite,Handysize,109791,78.6,762.27,151.94,49.27,72.86,47.82
2024-08-07,Brazil,Kakinada,Fertilizer,Handysize,39920,79.04,762.27,151.94,49.27,72.86,47.82
2024-08-07,Australia,Kakinada,Bauxite,Panamax,72828,83.91,762.27,151.94,49.27,72.86,47.82
2024-08-07,Australia,Krishnapatnam,Coal,Supramax,47641,80.47,762.27,151.94,49.27,72.86,47.82
2024-08-08,South Africa,Chennai,Fertilizer,Capesize,29876,79.6,737.85,146.28,59.09,67.53,77.8
2024-08-08,South Africa,Visakhapatnam,Coal,Handymax,110389,77.82,737.85,146.28,59.09,67.53,77.8
2024-08-08,Russia,Krishnapatnam,Fertilizer,Supramax,94442,79.59,737.85,146.28,59.09,67.53,77.8
2024-08-08,Brazil,Paradip,Iron Ore,Supramax,24868,81.69,737.85,146.28,59.09,67.53,77.8
2024-08-08,Indonesia,Paradip,Iron Ore,Handysize,29944,76.29,737.85,146.28,59.09,67.53,77.8
2024-08-08,Indonesia,Chennai,Bauxite,Handysize,98617,76.26,737.85,146.28,59.09,67.53,77.8
2024-08-08,Australia,Visakhapatnam,Iron Ore,Handymax,53844,76.57,737.85,146.28,59.09,67.53,77.8
2024-08-08,Russia,Krishnapatnam,Fertilizer,Handysize,102248,72.27,737.85,146.28,59.09,67.53,77.8
2024-08-09,Russia,Kakinada,Wheat,Panamax,57549,71.78,776.09,126.09,11.15,68.79,53.94
2024-08-09,Russia,Chennai,Iron Ore,Capesize,101557,84.33,776.09,126.09,11.15,68.79,53.94
2024-08-09,Brazil,Krishnapatnam,Coal,Supramax,118870,75.51,776.09,126.09,11.15,68.79,53.94
2024-08-09,Russia,Kakinada,Bauxite,Supramax,30797,75.62,776.09,126.09,11.15,68.79,53.94
2024-08-09,South Africa,Krishnapatnam,Fertilizer,Handymax,20207,72.14,776.09,126.09,11.15,68.79,53.94
2024-08-09,Russia,Kakinada,Coal,Capesize,111265,86.09,776.09,126.09,11.15,68.79,53.94
2024-08-09,Brazil,Visakhapatnam,Iron Ore,Handymax,65707,75.81,776.09,126.09,11.15,68.79,53.94
2024-08-09,Australia,Visakhapatnam,Bauxite,Supramax,26024,71.31,776.09,126.09,11.15,68.79,53.94
2024-08-10,Indonesia,Krishnapatnam,Coal,Supramax,37912,70.17,615.52,93.99,60.02,59.43,46.3
2024-08-10,Australia,Paradip,Bauxite,Supramax,37431,73.17,615.52,93.99,60.02,59.43,46.3
2024-08-10,South Africa,Krishnapatnam,Coal,Handysize,71771,65.28,615.52,93.99,60.02,59.43,46.3
2024-08-10,South Africa,Krishnapatnam,Coal,Handymax,57892,70.42,615.52,93.99,60.02,59.43,46.3
2024-08-10,Russia,Paradip,Bauxite,Handymax,43665,64.66,615.52,93.99,60.02,59.43,46.3
2024-08-10,Russia,Visakhapatnam,Coal,Capesize,30368,77.86,615.52,93.99,60.02,59.43,46.3
2024-08-10,Brazil,Kakinada,Wheat,Panamax,33394,75.08,615.52,93.99,60.02,59.43,46.3
2024-08-10,Russia,Visakhapatnam,Bauxite,Supramax,112118,78.11,615.52,93.99,60.02,59.43,46.3
2024-08-11,Russia,Visakhapatnam,Bauxite,Panamax,60760,78.88,751.88,123.63,37.62,66.03,44.51
2024-08-11,Australia,Chennai,Bauxite,Panamax,48298,82.92,751.88,123.63,37.62,66.03,44.51
2024-08-11,Brazil,Paradip,Coal,Panamax,102825,85.38,751.88,123.63,37.62,66.03,44.51
2024-08-11,Russia,Chennai,Coal,Handysize,87768,74.89,751.88,123.63,37.62,66.03,44.51
2024-08-11,Brazil,Visakhapatnam,Coal,Panamax,92686,80.26,751.88,123.63,37.62,66.03,44.51
2024-08-11,Australia,Paradip,Coal,Handysize,53142,72.66,751.88,123.63,37.62,66.03,44.51
2024-08-11,Brazil,Kakinada,Bauxite,Handysize,54764,70.5,751.88,123.63,37.62,66.03,44.51
2024-08-11,Indonesia,Krishnapatnam,Bauxite,Panamax,24216,83.92,751.88,123.63,37.62,66.03,44.51
2024-08-12,Brazil,Chennai,Coal,Handysize,117143,75.33,683.54,145.74,66.84,76.04,64.22
2024-08-12,South Africa,Paradip,Fertilizer,Panamax,46248,78.69,683.54,145.74,66.84,76.04,64.22
2024-08-12,South Africa,Kakinada,Wheat,Handysize,60537,71.95,683.54,145.74,66.84,76.04,64.22
2024-08-12,South Africa,Kakinada,Fertilizer,Handymax,83371,79.98,683.54,145.74,66.84,76.04,64.22
2024-08-12,Indonesia,Chennai,Bauxite,Capesize,25690,87.96,683.54,145.74,66.84,76.04,64.22
2024-08-12,Australia,Chennai,Wheat,Handymax,90994,74.02,683.54,145.74,66.84,76.04,64.22
2024-08-12,Indonesia,Paradip,Coal,Panamax,24582,84.7,683.54,145.74,66.84,76.04,64.22
2024-08-12,South Africa,Chennai,Coal,Capesize,51872,89.95,683.54,145.74,66.84,76.04,64.22
2024-08-13,Russia,Chennai,Bauxite,Handysize,31176,63.85,544.66,171.57,52.54,31.31,69.8
2024-08-13,Indonesia,Chennai,Fertilizer,Supramax,67442,71.83,544.66,171.57,52.54,31.31,69.8
2024-08-13,South Africa,Kakinada,Iron Ore,Handysize,47415,70.31,544.66,171.57,52.54,31.31,69.8
2024-08-13,Indonesia,Chennai,Wheat,Supramax,30328,70.27,544.66,171.57,52.54,31.31,69.8
2024-08-13,Australia,Visakhapatnam,Wheat,Handymax,29529,64.34,544.66,171.57,52.54,31.31,69.8
2024-08-13,South Africa,Paradip,Fertilizer,Capesize,80538,74.99,544.66,171.57,52.54,31.31,69.8
2024-08-13,Brazil,Paradip,Coal,Panamax,111428,74.45,544.66,171.57,52.54,31.31,69.8
2024-08-13,South Africa,Chennai,Iron Ore,Handymax,80934,69.85,544.66,171.57,52.54,31.31,69.8
2024-08-14,Australia,Kakinada,Bauxite,Handysize,33606,64.8,721.57,103.49,23.64,45.7,82.76
2024-08-14,Russia,Paradip,Iron Ore,Handysize,110627,66.57,721.57,103.49,23.64,45.7,82.76
2024-08-14,Brazil,Paradip,Iron Ore,Handymax,57530,65.25,721.57,103.49,23.64,45.7,82.76
2024-08-14,Brazil,Chennai,Coal,Handysize,77647,65.59,721.57,103.49,23.64,45.7,82.76
2024-08-14,Australia,Visakhapatnam,Iron Ore,Handysize,108428,64.78,721.57,103.49,23.64,45.7,82.76
2024-08-14,South Africa,Kakinada,Iron Ore,Handysize,70129,63.38,721.57,103.49,23.64,45.7,82.76
2024-08-14,South Africa,Chennai,Fertilizer,Handymax,97508,65.2,721.57,103.49,23.64,45.7,82.76
2024-08-14,Russia,Visakhapatnam,Iron Ore,Handysize,57582,65.29,721.57,103.49,23.64,45.7,82.76
2024-08-15,Russia,Visakhapatnam,Coal,Panamax,33227,69.96,598.1,79.58,35.64,53.34,54.18
2024-08-15,Australia,Kakinada,Fertilizer,Handysize,28268,58.88,598.1,79.58,35.64,53.34,54.18
2024-08-15,Indonesia,Kakinada,Bauxite,Panamax,30781,70.35,598.1,79.58,35.64,53.34,54.18
2024-08-15,Brazil,Kakinada,Coal,Panamax,20517,69.37,598.1,79.58,35.64,53.34,54.18
2024-08-15,South Africa,Kakinada,Coal,Handymax,46542,67.11,598.1,79.58,35.64,53.34,54.18
2024-08-15,Indonesia,Paradip,Iron Ore,Handymax,105016,67.02,598.1,79.58,35.64,53.34,54.18
2024-08-15,Australia,Visakhapatnam,Bauxite,Capesize,39999,75.56,598.1,79.58,35.64,53.34,54.18
2024-08-15,Indonesia,Krishnapatnam,Iron Ore,Panamax,114058,72.12,598.1,79.58,35.64,53.34,54.18
2024-08-16,Russia,Krishnapatnam,Wheat,Capesize,85873,78.2,680.11,119.15,35.98,65.9,79.51
2024-08-16,Brazil,Kakinada,Wheat,Handysize,22036,65.89,680.11,119.15,35.98,65.9,79.51
2024-08-16,Russia,Kakinada,Bauxite,Supramax,79085,75.53,680.11,119.15,35.98,65.9,79.51
2024-08-16,Indonesia,Visakhapatnam,Bauxite,Handymax,64787,68.71,680.11,119.15,35.98,65.9,79.51
2024-08-16,Australia,Chennai,Wheat,Capesize,115249,80.9,680.11,119.15,35.98,65.9,79.51
2024-08-16,Indonesia,Visakhapatnam,Wheat,Handymax,104118,69.36,680.11,119.15,35.98,65.9,79.51
2024-08-16,Russia,Visakhapatnam,Wheat,Supramax,83455,68.59,680.11,119.15,35.98,65.9,79.51
2024-08-16,Indonesia,Paradip,Bauxite,Capesize,111181,79.34,680.11,119.15,35.98,65.9,79.51
2024-08-17,Indonesia,Kakinada,Iron Ore,Handymax,117462,75.86,665.52,152.53,48.63,69.77,83.81
2024-08-17,Russia,Kakinada,Iron Ore,Panamax,34426,78.56,665.52,152.53,48.63,69.77,83.81
2024-08-17,Russia,Paradip,Bauxite,Handysize,107960,77.7,665.52,152.53,48.63,69.77,83.81
2024-08-17,Indonesia,Chennai,Coal,Supramax,26686,74.09,665.52,152.53,48.63,69.77,83.81
2024-08-17,South Africa,Kakinada,Wheat,Handysize,22477,65.58,665.52,152.53,48.63,69.77,83.81
2024-08-17,South Africa,Chennai,Bauxite,Handymax,25117,73.36,665.52,152.53,48.63,69.77,83.81
2024-08-17,Indonesia,Krishnapatnam,Coal,Supramax,75714,77.31,665.52,152.53,48.63,69.77,83.81
2024-08-17,Russia,Visakhapatnam,Bauxite,Handymax,50788,72.41,665.52,152.53,48.63,69.77,83.81
2024-08-18,Australia,Paradip,Bauxite,Supramax,49904,81.45,835.33,170.62,35.41,65.92,61.79
2024-08-18,Brazil,Paradip,Bauxite,Handysize,23373,75.56,835.33,170.62,35.41,65.92,61.79
2024-08-18,Indonesia,Kakinada,Bauxite,Handymax,84683,81.5,835.33,170.62,35.41,65.92,61.79
2024-08-18,South Africa,Krishnapatnam,Bauxite,Handymax,77132,77.51,835.33,170.62,35.41,65.92,61.79
2024-08-18,South Africa,Krishnapatnam,Bauxite,Capesize,115862,94.93,835.33,170.62,35.41,65.92,61.79
2024-08-18,Indonesia,Paradip,Wheat,Supramax,118459,81.25,835.33,170.62,35.41,65.92,61.79
2024-08-18,Australia,Visakhapatnam,Iron Ore,Panamax,28070,83.25,835.33,170.62,35.41,65.92,61.79
2024-08-18,Indonesia,Kakinada,Iron Ore,Capesize,113703,95.12,835.33,170.62,35.41,65.92,61.79
2024-08-19,Russia,Krishnapatnam,Coal,Handymax,101052,59.2,567.24,86.32,52.68,37.79,78.05
2024-08-19,Russia,Visakhapatnam,Bauxite,Handysize,37125,61.99,567.24,86.32,52.68,37.79,78.05
2024-08-19,Australia,Paradip,Coal,Supramax,51635,68.03,567.24,86.32,52.68,37.79,78.05
2024-08-19,Brazil,Visakhapatnam,Coal,Capesize,104853,74.35,567.24,86.32,52.68,37.79,78.05
2024-08-19,South Africa,Kakinada,Iron Ore,Panamax,75036,73.14,567.24,86.32,52.68,37.79,78.05
2024-08-19,Australia,Krishnapatnam,Wheat,Supramax,31187,63.97,567.24,86.32,52.68,37.79,78.05
2024-08-19,Brazil,Krishnapatnam,Wheat,Handysize,117601,61.41,567.24,86.32,52.68,37.79,78.05
2024-08-19,Russia,Visakhapatnam,Fertilizer,Handymax,49925,57.02,567.24,86.32,52.68,37.79,78.05
2024-08-20,Indonesia,Kakinada,Coal,Handysize,36941,71.87,751.72,165.93,42.96,46.56,67.95
2024-08-20,Russia,Chennai,Bauxite,Panamax,69437,83.92,751.72,165.93,42.96,46.56,67.95
2024-08-20,Indonesia,Kakinada,Fertilizer,Handymax,24235,68.73,751.72,165.93,42.96,46.56,67.95
2024-08-20,Australia,Visakhapatnam,Coal,Handymax,100301,73.36,751.72,165.93,42.96,46.56,67.95
2024-08-20,Brazil,Paradip,Coal,Handymax,68707,77.55,751.72,165.93,42.96,46.56,67.95
2024-08-20,Russia,Visakhapatnam,Fertilizer,Capesize,85665,85.3,751.72,165.93,42.96,46.56,67.95
2024-08-20,Russia,Kakinada,Fertilizer,Supramax,40838,74.3,751.72,165.93,42.96,46.56,67.95
2024-08-20,South Africa,Visakhapatnam,Iron Ore,Capesize,65849,87.41,751.72,165.93,42.96,46.56,67.95
2024-08-21,South Africa,Krishnapatnam,Bauxite,Panamax,101058,71.75,551.86,94.4,62.2,24.93,56.79
2024-08-21,Russia,Krishnapatnam,Iron Ore,Supramax,109937,70.39,551.86,94.4,62.2,24.93,56.79
2024-08-21,Indonesia,Chennai,Coal,Supramax,66664,63.98,551.86,94.4,62.2,24.93,56.79
2024-08-21,Indonesia,Krishnapatnam,Iron Ore,Handymax,119782,68.5,551.86,94.4,62.2,24.93,56.79
2024-08-21,South Africa,Paradip,Iron Ore,Supramax,78958,70.3,551.86,94.4,62.2,24.93,56.79
2024-08-21,Russia,Krishnapatnam,Bauxite,Panamax,68316,70.25,551.86,94.4,62.2,24.93,56.79
2024-08-21,Indonesia,Chennai,Bauxite,Capesize,47166,75.59,551.86,94.4,62.2,24.93,56.79
2024-08-21,Australia,Kakinada,Fertilizer,Panamax,43988,65.73,551.86,94.4,62.2,24.93,56.79
2024-08-22,Russia,Visakhapatnam,Iron Ore,Supramax,106245,73.08,667.02,91.64,33.84,66.1,34.54
2024-08-22,South Africa,Kakinada,Fertilizer,Capesize,40946,80.35,667.02,91.64,33.84,66.1,34.54
2024-08-22,Russia,Chennai,Coal,Handymax,37309,66.57,667.02,91.64,33.84,66.1,34.54
2024-08-22,South Africa,Kakinada,Fertilizer,Panamax,47771,76.41,667.02,91.64,33.84,66.1,34.54
2024-08-22,Australia,Krishnapatnam,Fertilizer,Panamax,40954,73.51,667.02,91.64,33.84,66.1,34.54
2024-08-22,Indonesia,Paradip,Iron Ore,Capesize,74080,82.84,667.02,91.64,33.84,66.1,34.54
2024-08-22,Indonesia,Visakhapatnam,Wheat,Handysize,69594,62.53,667.02,91.64,33.84,66.1,34.54
2024-08-22,South Africa,Kakinada,Bauxite,Supramax,104615,77.62,667.02,91.64,33.84,66.1,34.54
2024-08-23,South Africa,Paradip,Iron Ore,Supramax,110375,77.46,717.32,76.46,74.3,81.31,75.74
2024-08-23,South Africa,Chennai,Coal,Handymax,116523,72.01,717.32,76.46,74.3,81.31,75.74
2024-08-23,Russia,Chennai,Coal,Handymax,108563,71.7,717.32,76.46,74.3,81.31,75.74
2024-08-23,Russia,Chennai,Bauxite,Handysize,23683,68.98,717.32,76.46,74.3,81.31,75.74
2024-08-23,Indonesia,Krishnapatnam,Coal,Capesize,44814,83.32,717.32,76.46,74.3,81.31,75.74
2024-08-23,Indonesia,Visakhapatnam,Fertilizer,Handymax,89431,73.44,717.32,76.46,74.3,81.31,75.74
2024-08-23,Brazil,Paradip,Coal,Handymax,65064,73.18,717.32,76.46,74.3,81.31,75.74
2024-08-23,South Africa,Visakhapatnam,Coal,Handymax,26553,69.77,717.32,76.46,74.3,81.31,75.74
2024-08-24,South Africa,Kakinada,Iron Ore,Supramax,110230,80.64,833.68,97.04,57.92,57.24,65.07
2024-08-24,South Africa,Paradip,Wheat,Handymax,40058,69.87,833.68,97.04,57.92,57.24,65.07
2024-08-24,Indonesia,Chennai,Bauxite,Panamax,48544,79.56,833.68,97.04,57.92,57.24,65.07
2024-08-24,Indonesia,Paradip,Fertilizer,Panamax,113988,81.36,833.68,97.04,57.92,57.24,65.07
2024-08-24,Indonesia,Paradip,Bauxite,Handymax,97147,74.63,833.68,97.04,57.92,57.24,65.07
2024-08-24,South Africa,Visakhapatnam,Iron Ore,Capesize,49093,84.8,833.68,97.04,57.92,57.24,65.07
2024-08-24,South Africa,Chennai,Coal,Capesize,68016,84.37,833.68,97.04,57.92,57.24,65.07
2024-08-24,Indonesia,Paradip,Coal,Supramax,75461,81.84,833.68,97.04,57.92,57.24,65.07
2024-08-25,Indonesia,Visakhapatnam,Fertilizer,Panamax,46287,71.98,847.22,84.51,16.82,68.32,95.26
2024-08-25,Australia,Visakhapatnam,Fertilizer,Panamax,55061,72.05,847.22,84.51,16.82,68.32,95.26
2024-08-25,Australia,Visakhapatnam,Coal,Handymax,48485,68.5,847.22,84.51,16.82,68.32,95.26
2024-08-25,South Africa,Paradip,Wheat,Panamax,48235,71.66,847.22,84.51,16.82,68.32,95.26
2024-08-25,Brazil,Visakhapatnam,Iron Ore,Handymax,92446,70.38,847.22,84.51,16.82,68.32,95.26
2024-08-25,South Africa,Paradip,Coal,Capesize,52403,79.01,847.22,84.51,16.82,68.32,95.26
2024-08-25,Indonesia,Paradip,Wheat,Panamax,117748,72.24,847.22,84.51,16.82,68.32,95.26
2024-08-25,Australia,Chennai,Fertilizer,Panamax,51896,74.97,847.22,84.51,16.82,68.32,95.26
2024-08-26,Brazil,Kakinada,Fertilizer,Handysize,46889,71.41,709.83,109.29,64.76,63.7,53.1
2024-08-26,South Africa,Chennai,Coal,Handymax,34020,70.73,709.83,109.29,64.76,63.7,53.1
2024-08-26,Russia,Chennai,Wheat,Panamax,50052,76.95,709.83,109.29,64.76,63.7,53.1
2024-08-26,Indonesia,Kakinada,Wheat,Capesize,37572,82.21,709.83,109.29,64.76,63.7,53.1
2024-08-26,Brazil,Chennai,Iron Ore,Capesize,33595,87.61,709.83,109.29,64.76,63.7,53.1
2024-08-26,Australia,Krishnapatnam,Fertilizer,Capesize,99054,84.0,709.83,109.29,64.76,63.7,53.1
2024-08-26,Australia,Krishnapatnam,Fertilizer,Supramax,76987,75.5,709.83,109.29,64.76,63.7,53.1
2024-08-26,Russia,Visakhapatnam,Bauxite,Handymax,80630,72.89,709.83,109.29,64.76,63.7,53.1
2024-08-27,Russia,Chennai,Iron Ore,Supramax,115037,79.81,622.8,86.48,87.47,58.61,45.54
2024-08-27,Indonesia,Visakhapatnam,Wheat,Panamax,105728,78.86,622.8,86.48,87.47,58.61,45.54
2024-08-27,Indonesia,Kakinada,Bauxite,Handymax,107474,77.4,622.8,86.48,87.47,58.61,45.54
2024-08-27,South Africa,Chennai,Bauxite,Supramax,98030,76.06,622.8,86.48,87.47,58.61,45.54
2024-08-27,Australia,Paradip,Coal,Capesize,27407,84.09,622.8,86.48,87.47,58.61,45.54
2024-08-27,Indonesia,Krishnapatnam,Coal,Capesize,59633,83.38,622.8,86.48,87.47,58.61,45.54
2024-08-27,Australia,Paradip,Fertilizer,Panamax,93135,78.2,622.8,86.48,87.47,58.61,45.54
2024-08-27,South Africa,Krishnapatnam,Fertilizer,Supramax,82890,74.1,622.8,86.48,87.47,58.61,45.54
2024-08-28,Russia,Visakhapatnam,Coal,Handymax,49867,67.9,536.34,109.87,47.21,67.35,58.16
2024-08-28,Brazil,Kakinada,Fertilizer,Handysize,87881,70.91,536.34,109.87,47.21,67.35,58.16
2024-08-28,Australia,Kakinada,Wheat,Panamax,30863,68.56,536.34,109.87,47.21,67.35,58.16
2024-08-28,Australia,Krishnapatnam,Bauxite,Capesize,55086,82.01,536.34,109.87,47.21,67.35,58.16
2024-08-28,Australia,Chennai,Fertilizer,Panamax,75782,76.11,536.34,109.87,47.21,67.35,58.16
2024-08-28,Australia,Chennai,Wheat,Supramax,51655,67.62,536.34,109.87,47.21,67.35,58.16
2024-08-28,Indonesia,Chennai,Wheat,Panamax,95411,66.29,536.34,109.87,47.21,67.35,58.16
2024-08-28,Russia,Krishnapatnam,Fertilizer,Supramax,115946,73.81,536.34,109.87,47.21,67.35,58.16
2024-08-29,Russia,Paradip,Bauxite,Supramax,79321,68.54,596.1,97.91,27.21,45.39,61.83
2024-08-29,Brazil,Visakhapatnam,Iron Ore,Handysize,63147,62.02,596.1,97.91,27.21,45.39,61.83
2024-08-29,Indonesia,Paradip,Coal,Handymax,38306,64.58,596.1,97.91,27.21,45.39,61.83
2024-08-29,Brazil,Krishnapatnam,Fertilizer,Capesize,116839,72.54,596.1,97.91,27.21,45.39,61.83
2024-08-29,Indonesia,Chennai,Wheat,Handysize,111714,60.54,596.1,97.91,27.21,45.39,61.83
2024-08-29,Russia,Chennai,Iron Ore,Capesize,102037,75.57,596.1,97.91,27.21,45.39,61.83
2024-08-29,Brazil,Visakhapatnam,Bauxite,Panamax,103330,73.15,596.1,97.91,27.21,45.39,61.83
2024-08-29,South Africa,Paradip,Wheat,Supramax,64793,67.01,596.1,97.91,27.21,45.39,61.83
2024-08-30,Indonesia,Visakhapatnam,Iron Ore,Supramax,116905,79.16,705.22,114.61,62.35,53.7,67.72
2024-08-30,Brazil,Visakhapatnam,Bauxite,Handysize,79798,72.67,705.22,114.61,62.35,53.7,67.72
2024-08-30,Russia,Visakhapatnam,Bauxite,Handymax,85820,73.03,705.22,114.61,62.35,53.7,67.72
2024-08-30,Brazil,Chennai,Coal,Handymax,50591,72.31,705.22,114.61,62.35,53.7,67.72
2024-08-30,Australia,Chennai,Fertilizer,Capesize,93291,85.51,705.22,114.61,62.35,53.7,67.72
2024-08-30,Australia,Visakhapatnam,Wheat,Capesize,28661,75.8,705.22,114.61,62.35,53.7,67.72
2024-08-30,Australia,Chennai,Bauxite,Handymax,95788,73.25,705.22,114.61,62.35,53.7,67.72
2024-08-30,Indonesia,Kakinada,Fertilizer,Panamax,98439,78.19,705.22,114.61,62.35,53.7,67.72
2024-08-31,South Africa,Krishnapatnam,Bauxite,Handymax,67471,79.21,677.98,148.68,60.52,77.47,40.61
2024-08-31,Brazil,Krishnapatnam,Iron Ore,Supramax,98125,84.63,677.98,148.68,60.52,77.47,40.61
2024-08-31,Russia,Visakhapatnam,Fertilizer,Handysize,107321,76.78,677.98,148.68,60.52,77.47,40.61
2024-08-31,Brazil,Chennai,Bauxite,Panamax,91773,87.01,677.98,148.68,60.52,77.47,40.61
2024-08-31,Russia,Paradip,Iron Ore,Panamax,38803,84.24,677.98,148.68,60.52,77.47,40.61
2024-08-31,Brazil,Kakinada,Fertilizer,Handysize,65226,74.04,677.98,148.68,60.52,77.47,40.61
2024-08-31,Australia,Chennai,Bauxite,Panamax,48911,87.07,677.98,148.68,60.52,77.47,40.61
2024-08-31,Russia,Krishnapatnam,Fertilizer,Handysize,67369,75.3,677.98,148.68,60.52,77.47,40.61
2024-09-01,Brazil,Visakhapatnam,Coal,Handysize,55401,65.82,572.2,115.28,52.95,56.91,58.9
2024-09-01,Australia,Paradip,Bauxite,Panamax,71382,73.06,572.2,115.28,52.95,56.91,58.9
2024-09-01,Indonesia,Kakinada,Fertilizer,Capesize,22283,81.3,572.2,115.28,52.95,56.91,58.9
2024-09-01,South Africa,Krishnapatnam,Fertilizer,Panamax,82906,74.23,572.2,115.28,52.95,56.91,58.9
2024-09-01,Indonesia,Chennai,Fertilizer,Handymax,35437,66.45,572.2,115.28,52.95,56.91,58.9
2024-09-01,Brazil,Chennai,Fertilizer,Capesize,40141,75.72,572.2,115.28,52.95,56.91,58.9
2024-09-01,Australia,Krishnapatnam,Iron Ore,Capesize,48094,78.75,572.2,115.28,52.95,56.91,58.9
2024-09-01,Indonesia,Visakhapatnam,Bauxite,Handymax,36365,67.45,572.2,115.28,52.95,56.91,58.9
2024-09-02,Russia,Chennai,Bauxite,Panamax,119114,80.67,519.04,146.19,47.12,55.2,42.98
2024-09-02,Brazil,Krishnapatnam,Wheat,Handymax,22303,66.41,519.04,146.19,47.12,55.2,42.98
2024-09-02,Russia,Paradip,Coal,Handymax,70498,72.06,519.04,146.19,47.12,55.2,42.98
2024-09-02,Australia,Krishnapatnam,Bauxite,Handymax,89240,72.35,519.04,146.19,47.12,55.2,42.98
2024-09-02,Indonesia,Krishnapatnam,Fertilizer,Capesize,40519,77.51,519.04,146.19,47.12,55.2,42.98
2024-09-02,Brazil,Paradip,Coal,Supramax,64703,75.18,519.04,146.19,47.12,55.2,42.98
2024-09-02,South Africa,Krishnapatnam,Fertilizer,Capesize,77824,81.79,519.04,146.19,47.12,55.2,42.98
2024-09-02,South Africa,Kakinada,Fertilizer,Panamax,46947,73.36,519.04,146.19,47.12,55.2,42.98
2024-09-03,Russia,Paradip,Wheat,Capesize,54585,77.13,549.48,84.4,61.33,78.9,53.93
2024-09-03,South Africa,Chennai,Wheat,Handymax,29737,65.73,549.48,84.4,61.33,78.9,53.93
2024-09-03,Brazil,Kakinada,Iron Ore,Supramax,68581,76.5,549.48,84.4,61.33,78.9,53.93
2024-09-03,Brazil,Visakhapatnam,Bauxite,Handysize,104703,68.24,549.48,84.4,61.33,78.9,53.93
2024-09-03,Brazil,Kakinada,Coal,Handymax,106688,72.56,549.48,84.4,61.33,78.9,53.93
2024-09-03,Brazil,Krishnapatnam,Coal,Panamax,91591,78.05,549.48,84.4,61.33,78.9,53.93
2024-09-03,Russia,Paradip,Bauxite,Panamax,65307,76.04,549.48,84.4,61.33,78.9,53.93
2024-09-03,South Africa,Visakhapatnam,Wheat,Capesize,115331,76.73,549.48,84.4,61.33,78.9,53.93
2024-09-04,Brazil,Visakhapatnam,Coal,Handysize,84579,72.25,527.5,134.0,77.51,79.86,67.68
2024-09-04,Brazil,Chennai,Iron Ore,Handysize,115755,72.42,527.5,134.0,77.51,79.86,67.68
2024-09-04,Russia,Visakhapatnam,Bauxite,Panamax,56877,81.6,527.5,134.0,77.51,79.86,67.68
2024-09-04,Brazil,Chennai,Wheat,Handymax,70465,71.37,527.5,134.0,77.51,79.86,67.68
2024-09-04,Australia,Chennai,Iron Ore,Handysize,51619,68.57,527.5,134.0,77.51,79.86,67.68
2024-09-04,Indonesia,Visakhapatnam,Fertilizer,Handysize,94382,68.52,527.5,134.0,77.51,79.86,67.68
2024-09-04,Russia,Krishnapatnam,Fertilizer,Supramax,60218,75.11,527.5,134.0,77.51,79.86,67.68
2024-09-04,Indonesia,Paradip,Coal,Handymax,44885,70.62,527.5,134.0,77.51,79.86,67.68
2024-09-05,South Africa,Krishnapatnam,Bauxite,Capesize,82759,81.29,562.43,158.38,23.64,75.8,71.71
2024-09-05,South Africa,Visakhapatnam,Iron Ore,Handymax,71880,70.68,562.43,158.38,23.64,75.8,71.71
2024-09-05,Russia,Visakhapatnam,Wheat,Panamax,39309,71.89,562.43,158.38,23.64,75.8,71.71
2024-09-05,Indonesia,Chennai,Wheat,Handysize,108262,66.63,562.43,158.38,23.64,75.8,71.71
2024-09-05,South Africa,Krishnapatnam,Bauxite,Handymax,101167,71.11,562.43,158.38,23.64,75.8,71.71
2024-09-05,Brazil,Visakhapatnam,Iron Ore,Handysize,91176,70.65,562.43,158.38,23.64,75.8,71.71
2024-09-05,Brazil,Paradip,Wheat,Capesize,65256,76.35,562.43,158.38,23.64,75.8,71.71
2024-09-05,Australia,Visakhapatnam,Wheat,Handysize,99752,64.41,562.43,158.38,23.64,75.8,71.71
2024-09-06,Russia,Krishnapatnam,Bauxite,Handysize,37851,66.76,540.98,130.89,24.8,58.39,40.0
2024-09-06,Australia,Krishnapatnam,Iron Ore,Handymax,104618,72.43,540.98,130.89,24.8,58.39,40.0
2024-09-06,South Africa,Kakinada,Iron Ore,Handysize,40354,66.04,540.98,130.89,24.8,58.39,40.0
2024-09-06,South Africa,Chennai,Iron Ore,Handysize,90779,69.4,540.98,130.89,24.8,58.39,40.0
2024-09-06,South Africa,Chennai,Wheat,Capesize,36992,73.39,540.98,130.89,24.8,58.39,40.0
2024-09-06,Brazil,Visakhapatnam,Wheat,Capesize,49893,74.57,540.98,130.89,24.8,58.39,40.0
2024-09-06,Indonesia,Chennai,Coal,Handymax,54762,67.99,540.98,130.89,24.8,58.39,40.0
2024-09-06,Brazil,Paradip,Fertilizer,Handysize,81382,61.09,540.98,130.89,24.8,58.39,40.0
2024-09-07,South Africa,Visakhapatnam,Bauxite,Capesize,89131,82.7,831.09,107.44,34.52,78.05,54.63
2024-09-07,Brazil,Chennai,Wheat,Handymax,77440,72.76,831.09,107.44,34.52,78.05,54.63
2024-09-07,Russia,Chennai,Coal,Handymax,63173,73.7,831.09,107.44,34.52,78.05,54.63
2024-09-07,Brazil,Krishnapatnam,Fertilizer,Handysize,105122,72.43,831.09,107.44,34.52,78.05,54.63
2024-09-07,South Africa,Paradip,Iron Ore,Handysize,115161,74.83,831.09,107.44,34.52,78.05,54.63
2024-09-07,Australia,Kakinada,Coal,Supramax,91452,77.35,831.09,107.44,34.52,78.05,54.63
2024-09-07,Australia,Paradip,Fertilizer,Supramax,117984,80.8,831.09,107.44,34.52,78.05,54.63
2024-09-07,Russia,Krishnapatnam,Bauxite,Supramax,20982,78.33,831.09,107.44,34.52,78.05,54.63
2024-09-08,Russia,Krishnapatnam,Iron Ore,Panamax,93363,82.2,728.25,79.48,58.47,55.93,51.93
2024-09-08,Indonesia,Krishnapatnam,Wheat,Handysize,74758,65.94,728.25,79.48,58.47,55.93,51.93
2024-09-08,Brazil,Krishnapatnam,Coal,Handysize,30830,68.06,728.25,79.48,58.47,55.93,51.93
2024-09-08,Australia,Krishnapatnam,Wheat,Panamax,89619,73.45,728.25,79.48,58.47,55.93,51.93
2024-09-08,Brazil,Chennai,Wheat,Capesize,110902,80.98,728.25,79.48,58.47,55.93,51.93
2024-09-08,Brazil,Paradip,Coal,Capesize,79887,84.07,728.25,79.48,58.47,55.93,51.93
2024-09-08,Indonesia,Paradip,Iron Ore,Handysize,72713,70.6,728.25,79.48,58.47,55.93,51.93
2024-09-08,Australia,Krishnapatnam,Wheat,Panamax,115400,75.48,728.25,79.48,58.47,55.93,51.93
2024-09-09,Australia,Chennai,Wheat,Panamax,52891,72.95,602.99,119.15,57.76,56.36,75.66
2024-09-09,South Africa,Kakinada,Bauxite,Handysize,39229,65.55,602.99,119.15,57.76,56.36,75.66
2024-09-09,South Africa,Visakhapatnam,Fertilizer,Panamax,110276,69.99,602.99,119.15,57.76,56.36,75.66
2024-09-09,Australia,Krishnapatnam,Bauxite,Supramax,94928,75.12,602.99,119.15,57.76,56.36,75.66
2024-09-09,Australia,Visakhapatnam,Wheat,Handysize,115386,64.76,602.99,119.15,57.76,56.36,75.66
2024-09-09,Russia,Krishnapatnam,Fertilizer,Capesize,48379,76.36,602.99,119.15,57.76,56.36,75.66
2024-09-09,Indonesia,Kakinada,Iron Ore,Handysize,33633,71.42,602.99,119.15,57.76,56.36,75.66
2024-09-09,Brazil,Paradip,Bauxite,Handysize,28359,63.83,602.99,119.15,57.76,56.36,75.66
2024-09-10,Indonesia,Krishnapatnam,Wheat,Capesize,102141,84.86,584.24,171.03,68.8,55.93,66.83
2024-09-10,Russia,Chennai,Fertilizer,Panamax,64770,81.06,584.24,171.03,68.8,55.93,66.83
2024-09-10,Russia,Paradip,Bauxite,Panamax,103272,82.79,584.24,171.03,68.8,55.93,66.83
2024-09-10,Indonesia,Krishnapatnam,Coal,Panamax,102015,80.14,584.24,171.03,68.8,55.93,66.83
2024-09-10,Brazil,Chennai,Coal,Panamax,83205,81.41,584.24,171.03,68.8,55.93,66.83
2024-09-10,South Africa,Paradip,Bauxite,Capesize,101406,88.85,584.24,171.03,68.8,55.93,66.83
2024-09-10,Russia,Visakhapatnam,Iron Ore,Handysize,70368,72.75,584.24,171.03,68.8,55.93,66.83
2024-09-10,Australia,Kakinada,Coal,Supramax,41585,78.99,584.24,171.03,68.8,55.93,66.83
2024-09-11,South Africa,Kakinada,Coal,Supramax,90982,70.07,510.04,82.81,52.1,67.26,49.54
2024-09-11,Indonesia,Visakhapatnam,Coal,Capesize,108652,81.84,510.04,82.81,52.1,67.26,49.54
2024-09-11,Indonesia,Kakinada,Wheat,Capesize,72672,75.98,510.04,82.81,52.1,67.26,49.54
2024-09-11,South Africa,Chennai,Wheat,Handysize,44002,62.1,510.04,82.81,52.1,67.26,49.54
2024-09-11,Russia,Visakhapatnam,Bauxite,Panamax,93711,69.7,510.04,82.81,52.1,67.26,49.54
2024-09-11,South Africa,Chennai,Coal,Handymax,102418,69.18,510.04,82.81,52.1,67.26,49.54
2024-09-11,Russia,Chennai,Iron Ore,Capesize,76639,79.19,510.04,82.81,52.1,67.26,49.54
2024-09-11,Brazil,Krishnapatnam,Wheat,Capesize,112920,75.11,510.04,82.81,52.1,67.26,49.54
2024-09-12,Brazil,Krishnapatnam,Fertilizer,Handysize,103544,63.11,552.6,163.58,13.95,64.14,45.02
2024-09-12,South Africa,Chennai,Fertilizer,Handymax,39558,72.13,552.6,163.58,13.95,64.14,45.02
2024-09-12,South Africa,Paradip,Fertilizer,Capesize,26594,78.85,552.6,163.58,13.95,64.14,45.02
2024-09-12,Indonesia,Kakinada,Bauxite,Handysize,37569,67.39,552.6,163.58,13.95,64.14,45.02
2024-09-12,Indonesia,Krishnapatnam,Iron Ore,Panamax,93418,77.05,552.6,163.58,13.95,64.14,45.02
2024-09-12,Russia,Paradip,Bauxite,Panamax,52601,78.15,552.6,163.58,13.95,64.14,45.02
2024-09-12,South Africa,Krishnapatnam,Coal,Supramax,82520,69.07,552.6,163.58,13.95,64.14,45.02
2024-09-12,Russia,Chennai,Fertilizer,Panamax,90176,74.21,552.6,163.58,13.95,64.14,45.02
2024-09-13,South Africa,Visakhapatnam,Bauxite,Capesize,31416,77.55,670.74,109.96,26.13,66.5,70.48
2024-09-13,Australia,Krishnapatnam,Fertilizer,Handymax,20318,63.17,670.74,109.96,26.13,66.5,70.48
2024-09-13,Brazil,Paradip,Fertilizer,Panamax,35498,72.64,670.74,109.96,26.13,66.5,70.48
2024-09-13,Australia,Kakinada,Fertilizer,Supramax,105288,67.95,670.74,109.96,26.13,66.5,70.48
2024-09-13,South Africa,Visakhapatnam,Iron Ore,Panamax,25857,70.45,670.74,109.96,26.13,66.5,70.48
2024-09-13,Australia,Kakinada,Bauxite,Handymax,56322,67.35,670.74,109.96,26.13,66.5,70.48
2024-09-13,Brazil,Kakinada,Fertilizer,Supramax,32782,69.52,670.74,109.96,26.13,66.5,70.48
2024-09-13,Brazil,Kakinada,Bauxite,Panamax,116555,77.83,670.74,109.96,26.13,66.5,70.48
2024-09-14,Russia,Krishnapatnam,Iron Ore,Handymax,58433,71.43,590.55,87.42,57.49,72.25,57.83
2024-09-14,Australia,Kakinada,Wheat,Panamax,90565,75.29,590.55,87.42,57.49,72.25,57.83
2024-09-14,South Africa,Paradip,Bauxite,Supramax,54526,73.18,590.55,87.42,57.49,72.25,57.83
2024-09-14,Brazil,Kakinada,Wheat,Handysize,87255,61.61,590.55,87.42,57.49,72.25,57.83
2024-09-14,Australia,Visakhapatnam,Fertilizer,Supramax,114170,69.76,590.55,87.42,57.49,72.25,57.83
2024-09-14,Indonesia,Chennai,Fertilizer,Handysize,65543,64.62,590.55,87.42,57.49,72.25,57.83
2024-09-14,Australia,Paradip,Fertilizer,Panamax,36154,72.35,590.55,87.42,57.49,72.25,57.83
2024-09-14,South Africa,Chennai,Fertilizer,Handysize,25786,62.86,590.55,87.42,57.49,72.25,57.83
2024-09-15,Brazil,Kakinada,Iron Ore,Supramax,25650,71.43,775.14,107.39,41.43,47.41,80.72
2024-09-15,South Africa,Chennai,Coal,Supramax,89128,70.28,775.14,107.39,41.43,47.41,80.72
2024-09-15,Russia,Paradip,Bauxite,Capesize,76399,76.9,775.14,107.39,41.43,47.41,80.72
2024-09-15,Russia,Paradip,Coal,Capesize,55607,76.33,775.14,107.39,41.43,47.41,80.72
2024-09-15,Brazil,Krishnapatnam,Wheat,Supramax,74395,67.49,775.14,107.39,41.43,47.41,80.72
2024-09-15,Russia,Krishnapatnam,Coal,Panamax,37734,70.83,775.14,107.39,41.43,47.41,80.72
2024-09-15,Indonesia,Paradip,Fertilizer,Capesize,103096,77.51,775.14,107.39,41.43,47.41,80.72
2024-09-15,Brazil,Visakhapatnam,Bauxite,Supramax,55301,71.79,775.14,107.39,41.43,47.41,80.72
2024-09-16,Australia,Chennai,Iron Ore,Panamax,94836,81.06,666.04,103.85,68.68,60.74,40.15
2024-09-16,Indonesia,Chennai,Wheat,Handysize,84005,70.93,666.04,103.85,68.68,60.74,40.15
2024-09-16,South Africa,Kakinada,Fertilizer,Supramax,69957,77.1,666.04,103.85,68.68,60.74,40.15
2024-09-16,Australia,Visakhapatnam,Coal,Handysize,99077,70.19,666.04,103.85,68.68,60.74,40.15
2024-09-16,Brazil,Paradip,Iron Ore,Capesize,60653,81.92,666.04,103.85,68.68,60.74,40.15
2024-09-16,Australia,Paradip,Bauxite,Panamax,26349,77.84,666.04,103.85,68.68,60.74,40.15
2024-09-16,Australia,Kakinada,Fertilizer,Panamax,92446,77.77,666.04,103.85,68.68,60.74,40.15
2024-09-16,Brazil,Visakhapatnam,Bauxite,Handymax,89083,75.24,666.04,103.85,68.68,60.74,40.15
2024-09-17,Russia,Visakhapatnam,Coal,Supramax,79317,69.01,557.76,143.74,37.15,75.97,58.0
2024-09-17,Russia,Paradip,Coal,Panamax,86004,74.84,557.76,143.74,37.15,75.97,58.0
2024-09-17,Indonesia,Paradip,Coal,Supramax,92403,75.23,557.76,143.74,37.15,75.97,58.0
2024-09-17,South Africa,Chennai,Fertilizer,Capesize,87951,83.1,557.76,143.74,37.15,75.97,58.0
2024-09-17,Russia,Krishnapatnam,Coal,Handysize,110072,70.12,557.76,143.74,37.15,75.97,58.0
2024-09-17,Indonesia,Paradip,Fertilizer,Capesize,87879,82.98,557.76,143.74,37.15,75.97,58.0
2024-09-17,Indonesia,Kakinada,Coal,Supramax,27496,73.03,557.76,143.74,37.15,75.97,58.0
2024-09-17,Australia,Paradip,Bauxite,Capesize,40723,82.49,557.76,143.74,37.15,75.97,58.0
2024-09-18,Brazil,Krishnapatnam,Coal,Supramax,105041,79.4,717.61,156.39,30.77,91.65,55.58
2024-09-18,South Africa,Kakinada,Fertilizer,Handysize,29595,73.62,717.61,156.39,30.77,91.65,55.58
2024-09-18,Russia,Paradip,Coal,Supramax,54999,79.23,717.61,156.39,30.77,91.65,55.58
2024-09-18,Brazil,Krishnapatnam,Iron Ore,Panamax,98648,87.55,717.61,156.39,30.77,91.65,55.58
2024-09-18,Russia,Krishnapatnam,Iron Ore,Handymax,40790,81.15,717.61,156.39,30.77,91.65,55.58
2024-09-18,South Africa,Paradip,Wheat,Panamax,37593,79.41,717.61,156.39,30.77,91.65,55.58
2024-09-18,Brazil,Kakinada,Wheat,Handymax,62314,78.15,717.61,156.39,30.77,91.65,55.58
2024-09-18,South Africa,Chennai,Fertilizer,Capesize,87899,87.91,717.61,156.39,30.77,91.65,55.58
2024-09-19,Russia,Paradip,Coal,Handymax,24886,78.2,843.09,158.99,42.65,60.4,76.91
2024-09-19,Australia,Paradip,Wheat,Capesize,68524,84.88,843.09,158.99,42.65,60.4,76.91
2024-09-19,Russia,Paradip,Bauxite,Handymax,91535,77.04,843.09,158.99,42.65,60.4,76.91
2024-09-19,Indonesia,Chennai,Wheat,Panamax,55265,80.06,843.09,158.99,42.65,60.4,76.91
2024-09-19,Indonesia,Kakinada,Wheat,Panamax,83807,79.34,843.09,158.99,42.65,60.4,76.91
2024-09-19,Russia,Chennai,Iron Ore,Handysize,56484,77.3,843.09,158.99,42.65,60.4,76.91
2024-09-19,Russia,Kakinada,Iron Ore,Handymax,69655,79.36,843.09,158.99,42.65,60.4,76.91
2024-09-19,Brazil,Chennai,Wheat,Capesize,115775,85.84,843.09,158.99,42.65,60.4,76.91
2024-09-20,South Africa,Kakinada,Coal,Capesize,23924,78.41,688.37,168.29,33.35,48.95,74.92
2024-09-20,South Africa,Chennai,Iron Ore,Supramax,116045,78.53,688.37,168.29,33.35,48.95,74.92
2024-09-20,Russia,Chennai,Wheat,Handymax,89677,69.6,688.37,168.29,33.35,48.95,74.92
2024-09-20,Australia,Paradip,Iron Ore,Supramax,104367,79.16,688.37,168.29,33.35,48.95,74.92
2024-09-20,Australia,Visakhapatnam,Bauxite,Supramax,34379,74.75,688.37,168.29,33.35,48.95,74.92
2024-09-20,South Africa,Chennai,Wheat,Capesize,74215,78.03,688.37,168.29,33.35,48.95,74.92
2024-09-20,Indonesia,Krishnapatnam,Coal,Panamax,64254,77.78,688.37,168.29,33.35,48.95,74.92
2024-09-20,Indonesia,Chennai,Iron Ore,Panamax,78928,79.65,688.37,168.29,33.35,48.95,74.92
2024-09-21,Indonesia,Chennai,Bauxite,Handysize,81805,69.68,539.63,133.19,53.35,50.12,36.88
2024-09-21,Russia,Kakinada,Wheat,Panamax,55018,75.62,539.63,133.19,53.35,50.12,36.88
2024-09-21,Indonesia,Chennai,Iron Ore,Capesize,88426,84.41,539.63,133.19,53.35,50.12,36.88
2024-09-21,Indonesia,Paradip,Iron Ore,Panamax,50655,79.94,539.63,133.19,53.35,50.12,36.88
2024-09-21,Russia,Paradip,Bauxite,Supramax,80210,71.79,539.63,133.19,53.35,50.12,36.88
2024-09-21,Indonesia,Visakhapatnam,Fertilizer,Panamax,70169,74.6,539.63,133.19,53.35,50.12,36.88
2024-09-21,Indonesia,Krishnapatnam,Wheat,Panamax,107057,73.85,539.63,133.19,53.35,50.12,36.88
2024-09-21,Australia,Paradip,Iron Ore,Handymax,56847,74.08,539.63,133.19,53.35,50.12,36.88
2024-09-22,Brazil,Chennai,Wheat,Supramax,45993,79.5,774.46,160.95,25.19,94.07,67.19
2024-09-22,Indonesia,Visakhapatnam,Bauxite,Handysize,46162,73.69,774.46,160.95,25.19,94.07,67.19
2024-09-22,Australia,Kakinada,Fertilizer,Panamax,99591,83.42,774.46,160.95,25.19,94.07,67.19
2024-09-22,Australia,Chennai,Bauxite,Panamax,95270,86.24,774.46,160.95,25.19,94.07,67.19
2024-09-22,Brazil,Paradip,Wheat,Supramax,82236,82.87,774.46,160.95,25.19,94.07,67.19
2024-09-22,Russia,Paradip,Wheat,Supramax,90084,83.01,774.46,160.95,25.19,94.07,67.19
2024-09-22,Australia,Kakinada,Coal,Capesize,46455,88.88,774.46,160.95,25.19,94.07,67.19
2024-09-22,Brazil,Krishnapatnam,Wheat,Handysize,113733,72.67,774.46,160.95,25.19,94.07,67.19
2024-09-23,Russia,Chennai,Fertilizer,Handysize,79571,75.24,606.51,139.34,64.9,85.49,55.38
2024-09-23,Australia,Kakinada,Fertilizer,Capesize,75030,88.81,606.51,139.34,64.9,85.49,55.38
2024-09-23,Australia,Visakhapatnam,Wheat,Handymax,118898,76.96,606.51,139.34,64.9,85.49,55.38
2024-09-23,South Africa,Krishnapatnam,Iron Ore,Handysize,50856,72.84,606.51,139.34,64.9,85.49,55.38
2024-09-23,South Africa,Chennai,Bauxite,Panamax,89310,80.54,606.51,139.34,64.9,85.49,55.38
2024-09-23,Australia,Krishnapatnam,Iron Ore,Handysize,81291,75.94,606.51,139.34,64.9,85.49,55.38
2024-09-23,Brazil,Paradip,Wheat,Handymax,38683,68.71,606.51,139.34,64.9,85.49,55.38
2024-09-23,Australia,Krishnapatnam,Wheat,Supramax,88646,78.28,606.51,139.34,64.9,85.49,55.38
2024-09-24,Indonesia,Krishnapatnam,Bauxite,Panamax,110798,76.58,784.33,104.64,26.27,43.69,59.63
2024-09-24,Russia,Chennai,Coal,Panamax,41829,72.3,784.33,104.64,26.27,43.69,59.63
2024-09-24,South Africa,Chennai,Coal,Panamax,64654,76.11,784.33,104.64,26.27,43.69,59.63
2024-09-24,Australia,Krishnapatnam,Iron Ore,Handymax,87837,69.09,784.33,104.64,26.27,43.69,59.63
2024-09-24,South Africa,Visakhapatnam,Coal,Supramax,55966,69.44,784.33,104.64,26.27,43.69,59.63
2024-09-24,Indonesia,Chennai,Wheat,Capesize,81490,77.62,784.33,104.64,26.27,43.69,59.63
2024-09-24,Indonesia,Paradip,Coal,Panamax,65915,73.63,784.33,104.64,26.27,43.69,59.63
2024-09-24,South Africa,Visakhapatnam,Fertilizer,Handymax,99146,65.94,784.33,104.64,26.27,43.69,59.63
2024-09-25,Russia,Chennai,Fertilizer,Handysize,62073,71.54,569.99,162.19,67.76,68.06,70.2
2024-09-25,South Africa,Visakhapatnam,Coal,Handysize,46457,73.8,569.99,162.19,67.76,68.06,70.2
2024-09-25,South Africa,Kakinada,Iron Ore,Capesize,109806,86.64,569.99,162.19,67.76,68.06,70.2
2024-09-25,Russia,Krishnapatnam,Fertilizer,Handysize,102085,71.33,569.99,162.19,67.76,68.06,70.2
2024-09-25,Indonesia,Visakhapatnam,Wheat,Capesize,95956,84.79,569.99,162.19,67.76,68.06,70.2
2024-09-25,Russia,Kakinada,Iron Ore,Supramax,26803,75.54,569.99,162.19,67.76,68.06,70.2
2024-09-25,Indonesia,Krishnapatnam,Coal,Capesize,32671,81.75,569.99,162.19,67.76,68.06,70.2
2024-09-25,Brazil,Krishnapatnam,Bauxite,Supramax,27811,77.71,569.99,162.19,67.76,68.06,70.2
2024-09-26,South Africa,Kakinada,Bauxite,Supramax,78520,78.58,682.49,171.78,41.71,74.87,70.98
2024-09-26,Australia,Paradip,Wheat,Supramax,106842,81.48,682.49,171.78,41.71,74.87,70.98
2024-09-26,Indonesia,Krishnapatnam,Wheat,Capesize,45550,85.67,682.49,171.78,41.71,74.87,70.98
2024-09-26,Brazil,Paradip,Iron Ore,Capesize,80238,86.21,682.49,171.78,41.71,74.87,70.98
2024-09-26,Australia,Kakinada,Wheat,Handysize,106557,73.27,682.49,171.78,41.71,74.87,70.98
2024-09-26,Indonesia,Paradip,Fertilizer,Handymax,97817,74.89,682.49,171.78,41.71,74.87,70.98
2024-09-26,Australia,Krishnapatnam,Iron Ore,Supramax,71293,79.98,682.49,171.78,41.71,74.87,70.98
2024-09-26,South Africa,Paradip,Bauxite,Handysize,94062,75.6,682.49,171.78,41.71,74.87,70.98
2024-09-27,Russia,Krishnapatnam,Bauxite,Capesize,64324,90.21,737.12,147.61,52.45,82.97,71.05
2024-09-27,South Africa,Krishnapatnam,Wheat,Panamax,48090,82.66,737.12,147.61,52.45,82.97,71.05
2024-09-27,Australia,Kakinada,Bauxite,Handymax,113739,82.25,737.12,147.61,52.45,82.97,71.05
2024-09-27,South Africa,Chennai,Coal,Panamax,25127,83.43,737.12,147.61,52.45,82.97,71.05
2024-09-27,Indonesia,Visakhapatnam,Fertilizer,Supramax,76263,77.28,737.12,147.61,52.45,82.97,71.05
2024-09-27,Australia,Visakhapatnam,Wheat,Panamax,45491,80.29,737.12,147.61,52.45,82.97,71.05
2024-09-27,Brazil,Paradip,Bauxite,Panamax,50888,82.07,737.12,147.61,52.45,82.97,71.05
2024-09-27,Indonesia,Visakhapatnam,Fertilizer,Panamax,33555,80.01,737.12,147.61,52.45,82.97,71.05
2024-09-28,Brazil,Chennai,Bauxite,Handymax,43094,72.38,774.47,78.46,53.15,66.33,41.11
2024-09-28,Indonesia,Kakinada,Iron Ore,Panamax,31264,81.88,774.47,78.46,53.15,66.33,41.11
2024-09-28,Indonesia,Paradip,Coal,Handymax,63831,71.04,774.47,78.46,53.15,66.33,41.11
2024-09-28,Russia,Visakhapatnam,Bauxite,Handysize,27074,71.43,774.47,78.46,53.15,66.33,41.11
2024-09-28,Australia,Paradip,Fertilizer,Capesize,89258,83.77,774.47,78.46,53.15,66.33,41.11
2024-09-28,South Africa,Kakinada,Bauxite,Handymax,82055,75.23,774.47,78.46,53.15,66.33,41.11
2024-09-28,Brazil,Visakhapatnam,Coal,Supramax,106123,76.84,774.47,78.46,53.15,66.33,41.11
2024-09-28,Indonesia,Chennai,Coal,Supramax,90234,74.78,774.47,78.46,53.15,66.33,41.11
2024-09-29,South Africa,Chennai,Wheat,Panamax,99363,70.83,554.17,104.09,39.21,63.77,57.96
2024-09-29,Australia,Paradip,Wheat,Handymax,106130,62.58,554.17,104.09,39.21,63.77,57.96
2024-09-29,Australia,Chennai,Wheat,Handymax,25557,61.36,554.17,104.09,39.21,63.77,57.96
2024-09-29,Brazil,Kakinada,Bauxite,Capesize,70920,77.02,554.17,104.09,39.21,63.77,57.96
2024-09-29,Russia,Paradip,Coal,Panamax,42355,75.01,554.17,104.09,39.21,63.77,57.96
2024-09-29,Russia,Paradip,Fertilizer,Panamax,24201,68.1,554.17,104.09,39.21,63.77,57.96
2024-09-29,Australia,Visakhapatnam,Coal,Handymax,70390,67.31,554.17,104.09,39.21,63.77,57.96
2024-09-29,Brazil,Paradip,Iron Ore,Handymax,28043,68.58,554.17,104.09,39.21,63.77,57.96
2024-09-30,Australia,Krishnapatnam,Bauxite,Capesize,42517,84.93,748.3,116.73,42.37,76.83,44.23
2024-09-30,Brazil,Krishnapatnam,Wheat,Handysize,106752,70.22,748.3,116.73,42.37,76.83,44.23
2024-09-30,Brazil,Krishnapatnam,Wheat,Capesize,36830,83.68,748.3,116.73,42.37,76.83,44.23
2024-09-30,South Africa,Paradip,Wheat,Handymax,115911,72.72,748.3,116.73,42.37,76.83,44.23
2024-09-30,Australia,Paradip,Bauxite,Capesize,23560,83.61,748.3,116.73,42.37,76.83,44.23
2024-09-30,Brazil,Krishnapatnam,Iron Ore,Handysize,62077,74.44,748.3,116.73,42.37,76.83,44.23
2024-09-30,Australia,Visakhapatnam,Fertilizer,Handymax,79175,77.93,748.3,116.73,42.37,76.83,44.23
2024-09-30,South Africa,Visakhapatnam,Wheat,Capesize,57470,81.72,748.3,116.73,42.37,76.83,44.23
2024-10-01,South Africa,Visakhapatnam,Wheat,Supramax,84578,68.4,586.15,98.54,29.21,53.07,51.41
2024-10-01,Russia,Visakhapatnam,Coal,Handymax,52964,64.89,586.15,98.54,29.21,53.07,51.41
2024-10-01,Indonesia,Paradip,Wheat,Handysize,68547,60.75,586.15,98.54,29.21,53.07,51.41
2024-10-01,South Africa,Krishnapatnam,Fertilizer,Capesize,41833,75.92,586.15,98.54,29.21,53.07,51.41
2024-10-01,Indonesia,Krishnapatnam,Bauxite,Capesize,100636,78.41,586.15,98.54,29.21,53.07,51.41
2024-10-01,Indonesia,Krishnapatnam,Coal,Handymax,88821,64.83,586.15,98.54,29.21,53.07,51.41
2024-10-01,Australia,Paradip,Wheat,Supramax,45633,64.2,586.15,98.54,29.21,53.07,51.41
2024-10-01,Brazil,Paradip,Coal,Supramax,42500,61.56,586.15,98.54,29.21,53.07,51.41
2024-10-02,Russia,Kakinada,Bauxite,Handysize,91913,77.6,783.35,149.22,44.5,66.39,51.35
2024-10-02,Russia,Krishnapatnam,Coal,Panamax,68275,82.58,783.35,149.22,44.5,66.39,51.35
2024-10-02,Russia,Visakhapatnam,Bauxite,Handysize,72142,78.01,783.35,149.22,44.5,66.39,51.35
2024-10-02,Australia,Kakinada,Coal,Supramax,70502,82.67,783.35,149.22,44.5,66.39,51.35
2024-10-02,Russia,Kakinada,Fertilizer,Handysize,108901,75.12,783.35,149.22,44.5,66.39,51.35
2024-10-02,Indonesia,Paradip,Bauxite,Capesize,111410,86.86,783.35,149.22,44.5,66.39,51.35
2024-10-02,Russia,Kakinada,Coal,Capesize,83692,86.8,783.35,149.22,44.5,66.39,51.35
2024-10-02,Russia,Chennai,Fertilizer,Capesize,32744,86.71,783.35,149.22,44.5,66.39,51.35
2024-10-03,Russia,Kakinada,Coal,Handysize,114410,78.24,750.29,144.2,65.63,56.71,38.02
2024-10-03,South Africa,Visakhapatnam,Bauxite,Capesize,30079,85.34,750.29,144.2,65.63,56.71,38.02
2024-10-03,Indonesia,Paradip,Bauxite,Supramax,36169,83.73,750.29,144.2,65.63,56.71,38.02
2024-10-03,Russia,Visakhapatnam,Iron Ore,Panamax,108854,87.51,750.29,144.2,65.63,56.71,38.02
2024-10-03,South Africa,Kakinada,Fertilizer,Capesize,71594,85.56,750.29,144.2,65.63,56.71,38.02
2024-10-03,South Africa,Visakhapatnam,Wheat,Handysize,55472,70.5,750.29,144.2,65.63,56.71,38.02
2024-10-03,Indonesia,Paradip,Coal,Supramax,105160,78.63,750.29,144.2,65.63,56.71,38.02
2024-10-03,South Africa,Kakinada,Iron Ore,Handymax,92688,80.16,750.29,144.2,65.63,56.71,38.02
2024-10-04,South Africa,Kakinada,Wheat,Handysize,27603,72.57,809.81,138.94,38.36,57.88,50.59
2024-10-04,Indonesia,Paradip,Bauxite,Handymax,90297,77.1,809.81,138.94,38.36,57.88,50.59
2024-10-04,Australia,Krishnapatnam,Coal,Panamax,21533,79.59,809.81,138.94,38.36,57.88,50.59
2024-10-04,Russia,Visakhapatnam,Bauxite,Panamax,52035,83.49,809.81,138.94,38.36,57.88,50.59
2024-10-04,Indonesia,Visakhapatnam,Wheat,Panamax,58941,82.5,809.81,138.94,38.36,57.88,50.59
2024-10-04,Indonesia,Chennai,Iron Ore,Capesize,106938,91.31,809.81,138.94,38.36,57.88,50.59
2024-10-04,Brazil,Kakinada,Bauxite,Handymax,40706,76.52,809.81,138.94,38.36,57.88,50.59
2024-10-04,Russia,Chennai,Iron Ore,Supramax,114377,85.53,809.81,138.94,38.36,57.88,50.59
2024-10-05,Indonesia,Krishnapatnam,Iron Ore,Supramax,109080,79.73,770.28,125.97,62.17,57.99,42.25
2024-10-05,Indonesia,Krishnapatnam,Coal,Handymax,72421,76.62,770.28,125.97,62.17,57.99,42.25
2024-10-05,Brazil,Chennai,Wheat,Panamax,89215,79.89,770.28,125.97,62.17,57.99,42.25
2024-10-05,Australia,Paradip,Iron Ore,Handymax,24915,77.64,770.28,125.97,62.17,57.99,42.25
2024-10-05,Russia,Paradip,Bauxite,Capesize,108697,90.11,770.28,125.97,62.17,57.99,42.25
2024-10-05,Australia,Krishnapatnam,Fertilizer,Capesize,36900,83.5,770.28,125.97,62.17,57.99,42.25
2024-10-05,Brazil,Kakinada,Wheat,Panamax,44940,77.8,770.28,125.97,62.17,57.99,42.25
2024-10-05,South Africa,Chennai,Bauxite,Handysize,59769,72.94,770.28,125.97,62.17,57.99,42.25
2024-10-06,Indonesia,Kakinada,Bauxite,Supramax,96548,75.56,581.68,94.63,33.68,93.16,41.92
2024-10-06,Brazil,Chennai,Iron Ore,Supramax,43059,77.41,581.68,94.63,33.68,93.16,41.92
2024-10-06,Brazil,Chennai,Wheat,Capesize,91512,83.78,581.68,94.63,33.68,93.16,41.92
2024-10-06,Australia,Krishnapatnam,Wheat,Panamax,82630,74.21,581.68,94.63,33.68,93.16,41.92
2024-10-06,Brazil,Chennai,Iron Ore,Capesize,27787,81.52,581.68,94.63,33.68,93.16,41.92
2024-10-06,Indonesia,Kakinada,Coal,Capesize,28421,79.58,581.68,94.63,33.68,93.16,41.92
2024-10-06,Indonesia,Krishnapatnam,Wheat,Capesize,76887,81.33,581.68,94.63,33.68,93.16,41.92
2024-10-06,Indonesia,Paradip,Bauxite,Supramax,58022,73.33,581.68,94.63,33.68,93.16,41.92
2024-10-07,Australia,Krishnapatnam,Iron Ore,Handymax,68843,69.72,670.66,92.53,43.86,52.5,91.09
2024-10-07,Brazil,Chennai,Iron Ore,Supramax,54155,68.43,670.66,92.53,43.86,52.5,91.09
2024-10-07,Indonesia,Paradip,Bauxite,Panamax,40631,71.55,670.66,92.53,43.86,52.5,91.09
2024-10-07,South Africa,Kakinada,Wheat,Panamax,24462,68.16,670.66,92.53,43.86,52.5,91.09
2024-10-07,South Africa,Chennai,Bauxite,Capesize,78865,78.02,670.66,92.53,43.86,52.5,91.09
2024-10-07,Indonesia,Paradip,Wheat,Handysize,66418,58.45,670.66,92.53,43.86,52.5,91.09
2024-10-07,Indonesia,Visakhapatnam,Coal,Handysize,57656,66.34,670.66,92.53,43.86,52.5,91.09
2024-10-07,South Africa,Kakinada,Coal,Handymax,79319,66.42,670.66,92.53,43.86,52.5,91.09
2024-10-08,Russia,Kakinada,Coal,Panamax,111547,81.68,534.56,143.42,61.33,68.5,79.42
2024-10-08,Indonesia,Paradip,Iron Ore,Handymax,73685,70.37,534.56,143.42,61.33,68.5,79.42
2024-10-08,South Africa,Kakinada,Iron Ore,Capesize,78098,84.28,534.56,143.42,61.33,68.5,79.42
2024-10-08,Russia,Chennai,Wheat,Handysize,39733,61.39,534.56,143.42,61.33,68.5,79.42
2024-10-08,Brazil,Krishnapatnam,Iron Ore,Handysize,54006,74.13,534.56,143.42,61.33,68.5,79.42
2024-10-08,Australia,Krishnapatnam,Bauxite,Panamax,97860,78.39,534.56,143.42,61.33,68.5,79.42
2024-10-08,Brazil,Paradip,Coal,Panamax,85305,79.5,534.56,143.42,61.33,68.5,79.42
2024-10-08,South Africa,Chennai,Bauxite,Supramax,39208,76.21,534.56,143.42,61.33,68.5,79.42
2024-10-09,South Africa,Kakinada,Coal,Panamax,37812,76.22,562.08,97.7,42.38,81.19,50.02
2024-10-09,Australia,Paradip,Iron Ore,Supramax,43393,74.82,562.08,97.7,42.38,81.19,50.02
2024-10-09,Indonesia,Visakhapatnam,Iron Ore,Capesize,28312,80.18,562.08,97.7,42.38,81.19,50.02
2024-10-09,South Africa,Visakhapatnam,Iron Ore,Handysize,37390,68.86,562.08,97.7,42.38,81.19,50.02
2024-10-09,Australia,Krishnapatnam,Coal,Panamax,39168,73.69,562.08,97.7,42.38,81.19,50.02
2024-10-09,Indonesia,Kakinada,Coal,Handysize,116190,69.99,562.08,97.7,42.38,81.19,50.02
2024-10-09,Indonesia,Paradip,Iron Ore,Handysize,37639,71.07,562.08,97.7,42.38,81.19,50.02
2024-10-09,Indonesia,Paradip,Fertilizer,Capesize,75402,75.69,562.08,97.7,42.38,81.19,50.02
2024-10-10,Russia,Visakhapatnam,Wheat,Handymax,116626,71.62,677.52,96.29,63.3,81.89,61.58
2024-10-10,Australia,Visakhapatnam,Coal,Capesize,77872,81.95,677.52,96.29,63.3,81.89,61.58
2024-10-10,Brazil,Krishnapatnam,Fertilizer,Handysize,52797,74.35,677.52,96.29,63.3,81.89,61.58
2024-10-10,Indonesia,Chennai,Bauxite,Handysize,100290,77.41,677.52,96.29,63.3,81.89,61.58
2024-10-10,Brazil,Krishnapatnam,Fertilizer,Capesize,55896,80.08,677.52,96.29,63.3,81.89,61.58
2024-10-10,Brazil,Krishnapatnam,Iron Ore,Handysize,59194,72.54,677.52,96.29,63.3,81.89,61.58
2024-10-10,Indonesia,Visakhapatnam,Fertilizer,Panamax,119789,77.84,677.52,96.29,63.3,81.89,61.58
2024-10-10,Brazil,Krishnapatnam,Fertilizer,Capesize,102866,78.84,677.52,96.29,63.3,81.89,61.58
2024-10-11,Russia,Kakinada,Wheat,Capesize,98196,84.08,691.49,157.78,29.94,71.31,78.22
2024-10-11,Russia,Paradip,Coal,Handymax,21204,68.41,691.49,157.78,29.94,71.31,78.22
2024-10-11,Australia,Chennai,Coal,Panamax,27539,78.05,691.49,157.78,29.94,71.31,78.22
2024-10-11,Russia,Paradip,Fertilizer,Supramax,113037,74.28,691.49,157.78,29.94,71.31,78.22
2024-10-11,South Africa,Kakinada,Iron Ore,Capesize,85737,85.34,691.49,157.78,29.94,71.31,78.22
2024-10-11,South Africa,Paradip,Bauxite,Supramax,73583,79.59,691.49,157.78,29.94,71.31,78.22
2024-10-11,South Africa,Krishnapatnam,Coal,Supramax,55934,76.91,691.49,157.78,29.94,71.31,78.22
2024-10-11,Indonesia,Krishnapatnam,Coal,Supramax,61572,74.36,691.49,157.78,29.94,71.31,78.22
2024-10-12,South Africa,Kakinada,Bauxite,Panamax,49925,82.5,659.25,167.84,56.85,65.45,72.06
2024-10-12,Australia,Chennai,Coal,Supramax,106242,78.24,659.25,167.84,56.85,65.45,72.06
2024-10-12,Brazil,Krishnapatnam,Coal,Panamax,55175,80.28,659.25,167.84,56.85,65.45,72.06
2024-10-12,Australia,Chennai,Coal,Handysize,108840,78.34,659.25,167.84,56.85,65.45,72.06
2024-10-12,Indonesia,Visakhapatnam,Wheat,Handysize,103957,71.3,659.25,167.84,56.85,65.45,72.06
2024-10-12,Russia,Visakhapatnam,Wheat,Handysize,106786,74.45,659.25,167.84,56.85,65.45,72.06
2024-10-12,Indonesia,Kakinada,Fertilizer,Capesize,62829,84.74,659.25,167.84,56.85,65.45,72.06
2024-10-12,South Africa,Visakhapatnam,Iron Ore,Handymax,74183,77.22,659.25,167.84,56.85,65.45,72.06
2024-10-13,Russia,Chennai,Bauxite,Capesize,42013,92.43,690.93,152.94,68.44,84.01,48.28
2024-10-13,Brazil,Chennai,Fertilizer,Supramax,99430,80.25,690.93,152.94,68.44,84.01,48.28
2024-10-13,Brazil,Visakhapatnam,Coal,Handysize,31556,80.73,690.93,152.94,68.44,84.01,48.28
2024-10-13,South Africa,Krishnapatnam,Coal,Capesize,85595,92.45,690.93,152.94,68.44,84.01,48.28
2024-10-13,Indonesia,Paradip,Fertilizer,Panamax,112604,85.35,690.93,152.94,68.44,84.01,48.28
2024-10-13,Indonesia,Visakhapatnam,Iron Ore,Capesize,60711,93.59,690.93,152.94,68.44,84.01,48.28
2024-10-13,South Africa,Krishnapatnam,Wheat,Capesize,98556,88.72,690.93,152.94,68.44,84.01,48.28
2024-10-13,Brazil,Visakhapatnam,Fertilizer,Capesize,75087,86.72,690.93,152.94,68.44,84.01,48.28
2024-10-14,Brazil,Visakhapatnam,Wheat,Panamax,98074,88.65,724.9,163.41,59.57,58.11,39.23
2024-10-14,Brazil,Visakhapatnam,Iron Ore,Handysize,103949,79.71,724.9,163.41,59.57,58.11,39.23
2024-10-14,Australia,Paradip,Wheat,Supramax,93685,80.83,724.9,163.41,59.57,58.11,39.23
2024-10-14,South Africa,Paradip,Iron Ore,Supramax,59825,86.43,724.9,163.41,59.57,58.11,39.23
2024-10-14,Brazil,Paradip,Bauxite,Handymax,61697,82.96,724.9,163.41,59.57,58.11,39.23
2024-10-14,Indonesia,Visakhapatnam,Bauxite,Handymax,62256,80.58,724.9,163.41,59.57,58.11,39.23
2024-10-14,Indonesia,Visakhapatnam,Coal,Supramax,39678,80.8,724.9,163.41,59.57,58.11,39.23
2024-10-14,Russia,Kakinada,Iron Ore,Handymax,102099,80.36,724.9,163.41,59.57,58.11,39.23
2024-10-15,South Africa,Visakhapatnam,Iron Ore,Handymax,106608,76.92,764.15,142.59,56.66,73.94,68.95
2024-10-15,Australia,Visakhapatnam,Fertilizer,Handysize,61784,78.69,764.15,142.59,56.66,73.94,68.95
2024-10-15,Indonesia,Visakhapatnam,Fertilizer,Handymax,63326,72.77,764.15,142.59,56.66,73.94,68.95
2024-10-15,Russia,Kakinada,Iron Ore,Supramax,100586,83.52,764.15,142.59,56.66,73.94,68.95
2024-10-15,Brazil,Chennai,Bauxite,Supramax,96687,82.15,764.15,142.59,56.66,73.94,68.95
2024-10-15,South Africa,Visakhapatnam,Fertilizer,Panamax,109582,85.92,764.15,142.59,56.66,73.94,68.95
2024-10-15,Brazil,Krishnapatnam,Fertilizer,Handysize,84520,75.26,764.15,142.59,56.66,73.94,68.95
2024-10-15,Australia,Paradip,Wheat,Panamax,111905,82.34,764.15,142.59,56.66,73.94,68.95
2024-10-16,South Africa,Visakhapatnam,Coal,Handysize,90286,71.59,655.51,145.69,32.12,70.24,73.2
2024-10-16,Russia,Kakinada,Fertilizer,Handysize,55837,69.74,655.51,145.69,32.12,70.24,73.2
2024-10-16,South Africa,Paradip,Wheat,Supramax,73680,71.67,655.51,145.69,32.12,70.24,73.2
2024-10-16,Brazil,Krishnapatnam,Coal,Panamax,90092,75.59,655.51,145.69,32.12,70.24,73.2
2024-10-16,Indonesia,Visakhapatnam,Iron Ore,Handysize,96840,75.61,655.51,145.69,32.12,70.24,73.2
2024-10-16,Australia,Paradip,Bauxite,Panamax,38261,79.66,655.51,145.69,32.12,70.24,73.2
2024-10-16,Australia,Kakinada,Iron Ore,Handysize,46499,75.15,655.51,145.69,32.12,70.24,73.2
2024-10-16,Indonesia,Visakhapatnam,Iron Ore,Supramax,50767,76.86,655.51,145.69,32.12,70.24,73.2
2024-10-17,South Africa,Kakinada,Fertilizer,Panamax,89811,71.57,564.03,83.54,39.84,63.4,65.26
2024-10-17,Russia,Visakhapatnam,Iron Ore,Supramax,99391,73.39,564.03,83.54,39.84,63.4,65.26
2024-10-17,Russia,Krishnapatnam,Coal,Panamax,110094,76.05,564.03,83.54,39.84,63.4,65.26
2024-10-17,Indonesia,Visakhapatnam,Bauxite,Panamax,60073,75.33,564.03,83.54,39.84,63.4,65.26
2024-10-17,Russia,Visakhapatnam,Iron Ore,Panamax,78922,71.66,564.03,83.54,39.84,63.4,65.26
2024-10-17,Australia,Chennai,Wheat,Supramax,108410,68.63,564.03,83.54,39.84,63.4,65.26
2024-10-17,Brazil,Visakhapatnam,Iron Ore,Handysize,68294,61.4,564.03,83.54,39.84,63.4,65.26
2024-10-17,Brazil,Visakhapatnam,Wheat,Handymax,87552,64.46,564.03,83.54,39.84,63.4,65.26
2024-10-18,South Africa,Visakhapatnam,Coal,Capesize,102945,82.76,648.86,153.08,36.66,76.13,49.71
2024-10-18,Australia,Krishnapatnam,Wheat,Panamax,84807,77.6,648.86,153.08,36.66,76.13,49.71
2024-10-18,Russia,Paradip,Wheat,Panamax,92771,79.22,648.86,153.08,36.66,76.13,49.71
2024-10-18,South Africa,Krishnapatnam,Wheat,Supramax,35265,73.48,648.86,153.08,36.66,76.13,49.71
2024-10-18,Russia,Visakhapatnam,Iron Ore,Panamax,87171,85.31,648.86,153.08,36.66,76.13,49.71
2024-10-18,South Africa,Kakinada,Wheat,Supramax,97526,75.83,648.86,153.08,36.66,76.13,49.71
2024-10-18,Indonesia,Chennai,Iron Ore,Panamax,97670,84.44,648.86,153.08,36.66,76.13,49.71
2024-10-18,South Africa,Paradip,Fertilizer,Handysize,23109,69.62,648.86,153.08,36.66,76.13,49.71
2024-10-19,South Africa,Krishnapatnam,Coal,Supramax,73822,65.66,672.1,92.76,34.04,49.08,81.79
2024-10-19,Australia,Kakinada,Bauxite,Supramax,89344,71.52,672.1,92.76,34.04,49.08,81.79
2024-10-19,Russia,Chennai,Coal,Supramax,42879,69.8,672.1,92.76,34.04,49.08,81.79
2024-10-19,Australia,Visakhapatnam,Wheat,Capesize,119036,72.75,672.1,92.76,34.04,49.08,81.79
2024-10-19,Indonesia,Chennai,Bauxite,Panamax,102243,73.75,672.1,92.76,34.04,49.08,81.79
2024-10-19,South Africa,Visakhapatnam,Bauxite,Handymax,83026,66.75,672.1,92.76,34.04,49.08,81.79
2024-10-19,Australia,Krishnapatnam,Coal,Capesize,22754,74.82,672.1,92.76,34.04,49.08,81.79
2024-10-19,Australia,Kakinada,Iron Ore,Capesize,47117,75.96,672.1,92.76,34.04,49.08,81.79
2024-10-20,Brazil,Chennai,Iron Ore,Handymax,96890,75.73,755.38,81.23,31.56,66.13,30.4
2024-10-20,Australia,Chennai,Wheat,Handysize,100941,65.46,755.38,81.23,31.56,66.13,30.4
2024-10-20,South Africa,Chennai,Iron Ore,Handysize,31441,71.29,755.38,81.23,31.56,66.13,30.4
2024-10-20,South Africa,Kakinada,Fertilizer,Handymax,26857,66.6,755.38,81.23,31.56,66.13,30.4
2024-10-20,Russia,Visakhapatnam,Wheat,Panamax,38302,73.12,755.38,81.23,31.56,66.13,30.4
2024-10-20,Australia,Visakhapatnam,Iron Ore,Capesize,85186,81.2,755.38,81.23,31.56,66.13,30.4
2024-10-20,Australia,Krishnapatnam,Wheat,Handymax,26026,69.73,755.38,81.23,31.56,66.13,30.4
2024-10-20,Australia,Chennai,Wheat,Panamax,46362,75.82,755.38,81.23,31.56,66.13,30.4
2024-10-21,Brazil,Kakinada,Fertilizer,Supramax,68775,76.02,712.58,129.39,46.79,58.28,50.52
2024-10-21,South Africa,Krishnapatnam,Bauxite,Handymax,110222,76.24,712.58,129.39,46.79,58.28,50.52
2024-10-21,Australia,Krishnapatnam,Wheat,Capesize,77230,81.07,712.58,129.39,46.79,58.28,50.52
2024-10-21,Indonesia,Chennai,Iron Ore,Handysize,79461,73.33,712.58,129.39,46.79,58.28,50.52
2024-10-21,Russia,Krishnapatnam,Bauxite,Capesize,87273,82.49,712.58,129.39,46.79,58.28,50.52
2024-10-21,Brazil,Paradip,Bauxite,Capesize,102256,85.94,712.58,129.39,46.79,58.28,50.52
2024-10-21,Australia,Chennai,Wheat,Panamax,55738,77.76,712.58,129.39,46.79,58.28,50.52
2024-10-21,Australia,Chennai,Coal,Supramax,57146,73.96,712.58,129.39,46.79,58.28,50.52
2024-10-22,Brazil,Paradip,Wheat,Handymax,32014,72.13,819.05,153.98,55.2,52.81,66.39
2024-10-22,South Africa,Chennai,Iron Ore,Panamax,25584,87.02,819.05,153.98,55.2,52.81,66.39
2024-10-22,South Africa,Paradip,Coal,Panamax,108512,85.66,819.05,153.98,55.2,52.81,66.39
2024-10-22,Indonesia,Paradip,Bauxite,Panamax,25457,81.76,819.05,153.98,55.2,52.81,66.39
2024-10-22,Russia,Kakinada,Coal,Capesize,36781,88.56,819.05,153.98,55.2,52.81,66.39
2024-10-22,Russia,Krishnapatnam,Bauxite,Supramax,81859,79.76,819.05,153.98,55.2,52.81,66.39
2024-10-22,Indonesia,Visakhapatnam,Bauxite,Panamax,82397,80.59,819.05,153.98,55.2,52.81,66.39
2024-10-22,South Africa,Paradip,Iron Ore,Handymax,115302,75.48,819.05,153.98,55.2,52.81,66.39
2024-10-23,South Africa,Chennai,Fertilizer,Handysize,118347,68.28,694.96,105.55,45.15,34.27,57.29
2024-10-23,Russia,Chennai,Fertilizer,Supramax,106466,69.46,694.96,105.55,45.15,34.27,57.29
2024-10-23,Australia,Paradip,Bauxite,Handymax,105045,65.97,694.96,105.55,45.15,34.27,57.29
2024-10-23,Indonesia,Paradip,Wheat,Panamax,67660,73.4,694.96,105.55,45.15,34.27,57.29
2024-10-23,Brazil,Visakhapatnam,Coal,Supramax,68847,72.94,694.96,105.55,45.15,34.27,57.29
2024-10-23,Brazil,Visakhapatnam,Iron Ore,Panamax,116931,77.62,694.96,105.55,45.15,34.27,57.29
2024-10-23,Australia,Paradip,Iron Ore,Handysize,118983,69.23,694.96,105.55,45.15,34.27,57.29
2024-10-23,Australia,Kakinada,Coal,Supramax,107656,71.91,694.96,105.55,45.15,34.27,57.29
2024-10-24,Brazil,Chennai,Bauxite,Supramax,107028,78.99,763.63,154.55,52.15,23.1,57.34
2024-10-24,Australia,Chennai,Bauxite,Capesize,89326,80.92,763.63,154.55,52.15,23.1,57.34
2024-10-24,Indonesia,Visakhapatnam,Wheat,Handysize,32434,65.48,763.63,154.55,52.15,23.1,57.34
2024-10-24,Indonesia,Paradip,Bauxite,Capesize,60579,86.38,763.63,154.55,52.15,23.1,57.34
2024-10-24,Australia,Krishnapatnam,Wheat,Supramax,103706,78.49,763.63,154.55,52.15,23.1,57.34
2024-10-24,South Africa,Kakinada,Fertilizer,Supramax,94107,75.81,763.63,154.55,52.15,23.1,57.34
2024-10-24,South Africa,Paradip,Iron Ore,Panamax,96118,81.73,763.63,154.55,52.15,23.1,57.34
2024-10-24,Indonesia,Chennai,Wheat,Handymax,44077,71.73,763.63,154.55,52.15,23.1,57.34
2024-10-25,South Africa,Krishnapatnam,Bauxite,Handysize,33332,63.44,604.94,102.91,60.73,45.78,56.18
2024-10-25,Brazil,Krishnapatnam,Fertilizer,Panamax,113806,75.42,604.94,102.91,60.73,45.78,56.18
2024-10-25,Australia,Chennai,Bauxite,Handymax,106023,66.92,604.94,102.91,60.73,45.78,56.18
2024-10-25,South Africa,Chennai,Bauxite,Panamax,23812,72.39,604.94,102.91,60.73,45.78,56.18
2024-10-25,South Africa,Chennai,Fertilizer,Capesize,49448,76.41,604.94,102.91,60.73,45.78,56.18
2024-10-25,Russia,Paradip,Bauxite,Handymax,53186,67.18,604.94,102.91,60.73,45.78,56.18
2024-10-25,South Africa,Paradip,Iron Ore,Handysize,104377,70.48,604.94,102.91,60.73,45.78,56.18
2024-10-25,South Africa,Kakinada,Iron Ore,Capesize,95391,81.32,604.94,102.91,60.73,45.78,56.18
2024-10-26,Indonesia,Visakhapatnam,Wheat,Handymax,82475,79.29,689.61,172.98,42.57,93.1,62.19
2024-10-26,South Africa,Krishnapatnam,Coal,Supramax,70990,81.05,689.61,172.98,42.57,93.1,62.19
2024-10-26,Australia,Kakinada,Coal,Handymax,20785,78.67,689.61,172.98,42.57,93.1,62.19
2024-10-26,Indonesia,Chennai,Iron Ore,Handymax,85236,81.38,689.61,172.98,42.57,93.1,62.19
2024-10-26,Australia,Kakinada,Iron Ore,Handymax,26171,80.19,689.61,172.98,42.57,93.1,62.19
2024-10-26,South Africa,Visakhapatnam,Iron Ore,Handysize,41153,78.78,689.61,172.98,42.57,93.1,62.19
2024-10-26,Indonesia,Chennai,Wheat,Panamax,77766,80.44,689.61,172.98,42.57,93.1,62.19
2024-10-26,Australia,Krishnapatnam,Iron Ore,Handysize,93741,78.91,689.61,172.98,42.57,93.1,62.19
2024-10-27,Australia,Visakhapatnam,Bauxite,Capesize,108299,85.39,741.25,94.37,62.33,73.69,75.97
2024-10-27,Australia,Kakinada,Fertilizer,Supramax,46483,72.38,741.25,94.37,62.33,73.69,75.97
2024-10-27,South Africa,Visakhapatnam,Fertilizer,Handymax,49872,74.95,741.25,94.37,62.33,73.69,75.97
2024-10-27,Brazil,Chennai,Iron Ore,Panamax,100922,81.18,741.25,94.37,62.33,73.69,75.97
2024-10-27,Russia,Paradip,Iron Ore,Panamax,67802,81.01,741.25,94.37,62.33,73.69,75.97
2024-10-27,Brazil,Chennai,Wheat,Handysize,116296,73.31,741.25,94.37,62.33,73.69,75.97
2024-10-27,Brazil,Kakinada,Wheat,Supramax,116415,76.13,741.25,94.37,62.33,73.69,75.97
2024-10-27,Brazil,Kakinada,Iron Ore,Supramax,114302,78.98,741.25,94.37,62.33,73.69,75.97
2024-10-28,Brazil,Paradip,Iron Ore,Capesize,61259,81.87,677.72,148.84,29.75,87.8,37.56
2024-10-28,Indonesia,Visakhapatnam,Iron Ore,Handysize,98792,74.03,677.72,148.84,29.75,87.8,37.56
2024-10-28,Russia,Visakhapatnam,Bauxite,Panamax,23706,81.37,677.72,148.84,29.75,87.8,37.56
2024-10-28,Brazil,Paradip,Fertilizer,Supramax,28895,79.15,677.72,148.84,29.75,87.8,37.56
2024-10-28,Australia,Paradip,Bauxite,Capesize,115269,90.68,677.72,148.84,29.75,87.8,37.56
2024-10-28,Brazil,Krishnapatnam,Wheat,Handysize,56989,75.22,677.72,148.84,29.75,87.8,37.56
2024-10-28,Australia,Visakhapatnam,Fertilizer,Handymax,90100,77.94,677.72,148.84,29.75,87.8,37.56
2024-10-28,Australia,Krishnapatnam,Wheat,Panamax,67952,82.53,677.72,148.84,29.75,87.8,37.56
2024-10-29,Indonesia,Chennai,Coal,Capesize,113724,85.97,639.86,114.65,52.17,89.26,64.8
2024-10-29,Russia,Paradip,Bauxite,Handymax,100373,75.24,639.86,114.65,52.17,89.26,64.8
2024-10-29,Indonesia,Kakinada,Fertilizer,Panamax,21074,75.2,639.86,114.65,52.17,89.26,64.8
2024-10-29,Brazil,Krishnapatnam,Fertilizer,Capesize,31054,84.72,639.86,114.65,52.17,89.26,64.8
2024-10-29,Russia,Krishnapatnam,Bauxite,Handymax,26027,70.39,639.86,114.65,52.17,89.26,64.8
2024-10-29,Australia,Paradip,Bauxite,Handysize,53462,75.34,639.86,114.65,52.17,89.26,64.8
2024-10-29,Brazil,Visakhapatnam,Wheat,Handysize,63311,69.9,639.86,114.65,52.17,89.26,64.8
2024-10-29,Indonesia,Chennai,Iron Ore,Handysize,44667,72.07,639.86,114.65,52.17,89.26,64.8
2024-10-30,Indonesia,Chennai,Fertilizer,Panamax,73143,72.83,626.05,82.86,50.91,52.72,76.34
2024-10-30,Brazil,Paradip,Fertilizer,Handysize,34414,64.15,626.05,82.86,50.91,52.72,76.34
2024-10-30,Brazil,Visakhapatnam,Fertilizer,Supramax,21271,64.46,626.05,82.86,50.91,52.72,76.34
2024-10-30,Russia,Krishnapatnam,Fertilizer,Supramax,39982,64.89,626.05,82.86,50.91,52.72,76.34
2024-10-30,Russia,Krishnapatnam,Wheat,Handysize,100957,63.78,626.05,82.86,50.91,52.72,76.34
2024-10-30,South Africa,Visakhapatnam,Wheat,Handysize,106342,62.18,626.05,82.86,50.91,52.72,76.34
2024-10-30,Brazil,Kakinada,Iron Ore,Supramax,65374,69.15,626.05,82.86,50.91,52.72,76.34
2024-10-30,Australia,Krishnapatnam,Coal,Supramax,118145,71.3,626.05,82.86,50.91,52.72,76.34
2024-10-31,South Africa,Chennai,Wheat,Panamax,60856,74.16,659.23,80.06,49.55,75.98,68.71
2024-10-31,Australia,Kakinada,Fertilizer,Panamax,75437,72.53,659.23,80.06,49.55,75.98,68.71
2024-10-31,Brazil,Visakhapatnam,Iron Ore,Panamax,45560,73.22,659.23,80.06,49.55,75.98,68.71
2024-10-31,South Africa,Visakhapatnam,Bauxite,Panamax,91772,73.42,659.23,80.06,49.55,75.98,68.71
2024-10-31,South Africa,Chennai,Coal,Handymax,33118,70.75,659.23,80.06,49.55,75.98,68.71
2024-10-31,Indonesia,Paradip,Coal,Supramax,52831,71.22,659.23,80.06,49.55,75.98,68.71
2024-10-31,South Africa,Chennai,Coal,Handysize,99722,67.9,659.23,80.06,49.55,75.98,68.71
2024-10-31,Brazil,Visakhapatnam,Iron Ore,Panamax,30523,73.82,659.23,80.06,49.55,75.98,68.71
2024-11-01,Brazil,Kakinada,Wheat,Capesize,34429,82.96,831.09,94.06,53.58,57.04,50.32
2024-11-01,Indonesia,Kakinada,Iron Ore,Handysize,106019,79.07,831.09,94.06,53.58,57.04,50.32
2024-11-01,Australia,Visakhapatnam,Iron Ore,Handysize,68787,76.22,831.09,94.06,53.58,57.04,50.32
2024-11-01,Australia,Chennai,Coal,Handysize,104650,75.16,831.09,94.06,53.58,57.04,50.32
2024-11-01,Australia,Paradip,Wheat,Handymax,115380,76.89,831.09,94.06,53.58,57.04,50.32
2024-11-01,Australia,Chennai,Iron Ore,Handysize,67271,80.56,831.09,94.06,53.58,57.04,50.32
2024-11-01,Indonesia,Chennai,Fertilizer,Panamax,95909,82.06,831.09,94.06,53.58,57.04,50.32
2024-11-01,Indonesia,Kakinada,Fertilizer,Capesize,65237,86.98,831.09,94.06,53.58,57.04,50.32
2024-11-02,Indonesia,Chennai,Fertilizer,Panamax,96069,80.02,647.96,87.15,54.3,62.83,59.93
2024-11-02,South Africa,Paradip,Bauxite,Panamax,25166,75.88,647.96,87.15,54.3,62.83,59.93
2024-11-02,South Africa,Kakinada,Coal,Handysize,20916,67.98,647.96,87.15,54.3,62.83,59.93
2024-11-02,Indonesia,Visakhapatnam,Wheat,Handysize,99535,70.61,647.96,87.15,54.3,62.83,59.93
2024-11-02,Australia,Visakhapatnam,Wheat,Panamax,48540,75.6,647.96,87.15,54.3,62.83,59.93
2024-11-02,Australia,Visakhapatnam,Coal,Panamax,52811,75.25,647.96,87.15,54.3,62.83,59.93
2024-11-02,South Africa,Visakhapatnam,Coal,Supramax,73050,75.98,647.96,87.15,54.3,62.83,59.93
2024-11-02,Brazil,Kakinada,Iron Ore,Handymax,26842,70.54,647.96,87.15,54.3,62.83,59.93
2024-11-03,Australia,Kakinada,Bauxite,Panamax,60487,85.56,740.13,173.64,27.28,59.96,18.74
2024-11-03,Australia,Kakinada,Bauxite,Handymax,113830,80.6,740.13,173.64,27.28,59.96,18.74
2024-11-03,Indonesia,Kakinada,Bauxite,Handysize,21335,78.68,740.13,173.64,27.28,59.96,18.74
2024-11-03,Russia,Chennai,Iron Ore,Supramax,46649,83.43,740.13,173.64,27.28,59.96,18.74
2024-11-03,South Africa,Visakhapatnam,Coal,Supramax,40703,84.7,740.13,173.64,27.28,59.96,18.74
2024-11-03,Indonesia,Chennai,Coal,Panamax,35095,83.3,740.13,173.64,27.28,59.96,18.74
2024-11-03,Indonesia,Paradip,Iron Ore,Capesize,93595,90.86,740.13,173.64,27.28,59.96,18.74
2024-11-03,Russia,Chennai,Coal,Capesize,78873,88.77,740.13,173.64,27.28,59.96,18.74
2024-11-04,Brazil,Krishnapatnam,Coal,Capesize,22128,81.96,681.9,102.77,49.1,76.56,40.29
2024-11-04,Russia,Krishnapatnam,Coal,Handymax,104541,76.67,681.9,102.77,49.1,76.56,40.29
2024-11-04,Brazil,Visakhapatnam,Iron Ore,Panamax,107101,87.09,681.9,102.77,49.1,76.56,40.29
2024-11-04,Indonesia,Kakinada,Coal,Panamax,115193,82.58,681.9,102.77,49.1,76.56,40.29
2024-11-04,Brazil,Krishnapatnam,Iron Ore,Panamax,79888,87.42,681.9,102.77,49.1,76.56,40.29
2024-11-04,Russia,Paradip,Bauxite,Supramax,59199,77.03,681.9,102.77,49.1,76.56,40.29
2024-11-04,Russia,Chennai,Fertilizer,Handysize,79602,73.76,681.9,102.77,49.1,76.56,40.29
2024-11-04,Brazil,Krishnapatnam,Bauxite,Handysize,34826,71.94,681.9,102.77,49.1,76.56,40.29
2024-11-05,South Africa,Chennai,Fertilizer,Handymax,20584,65.87,557.17,112.06,24.18,70.24,60.96
2024-11-05,Brazil,Chennai,Wheat,Handymax,103877,66.73,557.17,112.06,24.18,70.24,60.96
2024-11-05,Brazil,Krishnapatnam,Wheat,Panamax,108358,71.57,557.17,112.06,24.18,70.24,60.96
2024-11-05,Russia,Kakinada,Fertilizer,Supramax,90277,72.68,557.17,112.06,24.18,70.24,60.96
2024-11-05,South Africa,Krishnapatnam,Iron Ore,Panamax,69372,77.62,557.17,112.06,24.18,70.24,60.96
2024-11-05,South Africa,Visakhapatnam,Bauxite,Supramax,54421,68.13,557.17,112.06,24.18,70.24,60.96
2024-11-05,Indonesia,Paradip,Fertilizer,Supramax,91066,70.13,557.17,112.06,24.18,70.24,60.96
2024-11-05,Australia,Kakinada,Fertilizer,Handymax,60344,70.21,557.17,112.06,24.18,70.24,60.96
2024-11-06,Indonesia,Paradip,Bauxite,Capesize,91561,88.96,833.53,123.37,51.41,88.4,62.06
2024-11-06,Australia,Kakinada,Iron Ore,Capesize,41352,92.59,833.53,123.37,51.41,88.4,62.06
2024-11-06,South Africa,Paradip,Bauxite,Supramax,30914,84.59,833.53,123.37,51.41,88.4,62.06
2024-11-06,South Africa,Visakhapatnam,Bauxite,Handymax,23500,77.6,833.53,123.37,51.41,88.4,62.06
2024-11-06,South Africa,Kakinada,Wheat,Supramax,74682,85.24,833.53,123.37,51.41,88.4,62.06
2024-11-06,Indonesia,Chennai,Coal,Capesize,21982,87.41,833.53,123.37,51.41,88.4,62.06
2024-11-06,Australia,Paradip,Bauxite,Panamax,78166,87.1,833.53,123.37,51.41,88.4,62.06
2024-11-06,Australia,Krishnapatnam,Iron Ore,Supramax,107911,88.15,833.53,123.37,51.41,88.4,62.06
2024-11-07,Russia,Visakhapatnam,Wheat,Capesize,27945,77.99,821.75,114.9,37.18,55.49,85.56
2024-11-07,Russia,Kakinada,Bauxite,Panamax,93298,79.58,821.75,114.9,37.18,55.49,85.56
2024-11-07,Australia,Kakinada,Fertilizer,Panamax,61845,76.96,821.75,114.9,37.18,55.49,85.56
2024-11-07,Russia,Visakhapatnam,Fertilizer,Supramax,44509,72.77,821.75,114.9,37.18,55.49,85.56
2024-11-07,South Africa,Visakhapatnam,Bauxite,Panamax,107524,78.71,821.75,114.9,37.18,55.49,85.56
2024-11-07,South Africa,Chennai,Iron Ore,Handysize,112747,73.59,821.75,114.9,37.18,55.49,85.56
2024-11-07,Australia,Krishnapatnam,Iron Ore,Handymax,96567,79.09,821.75,114.9,37.18,55.49,85.56
2024-11-07,Russia,Chennai,Coal,Handymax,62202,70.66,821.75,114.9,37.18,55.49,85.56
2024-11-08,Brazil,Chennai,Coal,Panamax,63146,72.58,641.91,108.45,27.2,32.22,64.26
2024-11-08,Australia,Krishnapatnam,Coal,Handysize,104807,63.47,641.91,108.45,27.2,32.22,64.26
2024-11-08,Russia,Chennai,Iron Ore,Capesize,29978,75.2,641.91,108.45,27.2,32.22,64.26
2024-11-08,South Africa,Visakhapatnam,Fertilizer,Supramax,109133,65.97,641.91,108.45,27.2,32.22,64.26
2024-11-08,Russia,Visakhapatnam,Bauxite,Capesize,92597,74.33,641.91,108.45,27.2,32.22,64.26
2024-11-08,South Africa,Kakinada,Wheat,Handysize,27308,61.69,641.91,108.45,27.2,32.22,64.26
2024-11-08,Brazil,Chennai,Iron Ore,Handysize,86423,67.56,641.91,108.45,27.2,32.22,64.26
2024-11-08,Australia,Paradip,Fertilizer,Handysize,27990,63.23,641.91,108.45,27.2,32.22,64.26
2024-11-09,Australia,Kakinada,Coal,Handymax,81415,71.49,647.05,107.97,58.32,59.14,66.01
2024-11-09,Brazil,Chennai,Fertilizer,Handysize,50966,69.35,647.05,107.97,58.32,59.14,66.01
2024-11-09,Russia,Chennai,Iron Ore,Handysize,39075,68.96,647.05,107.97,58.32,59.14,66.01
2024-11-09,Russia,Paradip,Wheat,Supramax,94781,71.76,647.05,107.97,58.32,59.14,66.01
2024-11-09,South Africa,Chennai,Bauxite,Handymax,65817,70.55,647.05,107.97,58.32,59.14,66.01
2024-11-09,South Africa,Krishnapatnam,Iron Ore,Supramax,21398,79.18,647.05,107.97,58.32,59.14,66.01
2024-11-09,Russia,Krishnapatnam,Coal,Capesize,104575,86.77,647.05,107.97,58.32,59.14,66.01
2024-11-09,Brazil,Kakinada,Bauxite,Handysize,57265,69.47,647.05,107.97,58.32,59.14,66.01
2024-11-10,South Africa,Chennai,Wheat,Handysize,25811,68.98,757.94,92.92,41.46,62.64,61.13
2024-11-10,Russia,Visakhapatnam,Bauxite,Handysize,103547,71.4,757.94,92.92,41.46,62.64,61.13
2024-11-10,Brazil,Paradip,Iron Ore,Panamax,53444,83.69,757.94,92.92,41.46,62.64,61.13
2024-11-10,Australia,Paradip,Iron Ore,Handysize,105206,73.47,757.94,92.92,41.46,62.64,61.13
2024-11-10,South Africa,Kakinada,Coal,Panamax,64502,79.57,757.94,92.92,41.46,62.64,61.13
2024-11-10,Russia,Paradip,Bauxite,Handysize,38564,69.28,757.94,92.92,41.46,62.64,61.13
2024-11-10,Russia,Paradip,Bauxite,Capesize,48190,77.46,757.94,92.92,41.46,62.64,61.13
2024-11-10,Indonesia,Krishnapatnam,Wheat,Supramax,38164,71.6,757.94,92.92,41.46,62.64,61.13
2024-11-11,South Africa,Kakinada,Coal,Handymax,83486,76.04,663.25,167.16,56.38,41.0,75.57
2024-11-11,Australia,Kakinada,Bauxite,Panamax,30971,85.31,663.25,167.16,56.38,41.0,75.57
2024-11-11,Australia,Paradip,Fertilizer,Handysize,115672,71.4,663.25,167.16,56.38,41.0,75.57
2024-11-11,Australia,Paradip,Bauxite,Panamax,117137,83.5,663.25,167.16,56.38,41.0,75.57
2024-11-11,Indonesia,Paradip,Bauxite,Handymax,119572,73.19,663.25,167.16,56.38,41.0,75.57
2024-11-11,Australia,Paradip,Coal,Supramax,99548,78.56,663.25,167.16,56.38,41.0,75.57
2024-11-11,Indonesia,Kakinada,Iron Ore,Handysize,22485,71.0,663.25,167.16,56.38,41.0,75.57
2024-11-11,Indonesia,Krishnapatnam,Fertilizer,Capesize,119854,82.74,663.25,167.16,56.38,41.0,75.57
2024-11-12,Indonesia,Paradip,Fertilizer,Handymax,41557,77.9,731.83,167.58,48.43,70.42,61.7
2024-11-12,Australia,Kakinada,Wheat,Capesize,92220,89.82,731.83,167.58,48.43,70.42,61.7
2024-11-12,Australia,Chennai,Coal,Capesize,67881,88.6,731.83,167.58,48.43,70.42,61.7
2024-11-12,Brazil,Krishnapatnam,Coal,Handymax,77965,79.16,731.83,167.58,48.43,70.42,61.7
2024-11-12,Indonesia,Kakinada,Bauxite,Handymax,75013,80.77,731.83,167.58,48.43,70.42,61.7
2024-11-12,Indonesia,Paradip,Wheat,Capesize,99860,87.71,731.83,167.58,48.43,70.42,61.7
2024-11-12,Indonesia,Kakinada,Fertilizer,Handymax,60865,77.31,731.83,167.58,48.43,70.42,61.7
2024-11-12,Australia,Paradip,Fertilizer,Supramax,99877,82.92,731.83,167.58,48.43,70.42,61.7
2024-11-13,Russia,Visakhapatnam,Fertilizer,Panamax,49750,72.45,500.64,136.48,32.48,59.64,64.6
2024-11-13,Indonesia,Paradip,Coal,Panamax,99423,75.75,500.64,136.48,32.48,59.64,64.6
2024-11-13,Brazil,Krishnapatnam,Iron Ore,Panamax,41991,74.23,500.64,136.48,32.48,59.64,64.6
2024-11-13,Australia,Krishnapatnam,Coal,Panamax,40155,72.54,500.64,136.48,32.48,59.64,64.6
2024-11-13,South Africa,Visakhapatnam,Fertilizer,Handymax,92494,70.96,500.64,136.48,32.48,59.64,64.6
2024-11-13,Indonesia,Paradip,Wheat,Panamax,118095,73.59,500.64,136.48,32.48,59.64,64.6
2024-11-13,Australia,Chennai,Bauxite,Panamax,105375,80.25,500.64,136.48,32.48,59.64,64.6
2024-11-13,Indonesia,Chennai,Wheat,Panamax,38083,72.69,500.64,136.48,32.48,59.64,64.6
2024-11-14,Australia,Kakinada,Wheat,Capesize,68416,76.32,521.27,108.45,37.36,73.78,42.98
2024-11-14,South Africa,Krishnapatnam,Fertilizer,Supramax,101530,73.64,521.27,108.45,37.36,73.78,42.98
2024-11-14,South Africa,Chennai,Iron Ore,Capesize,59034,80.67,521.27,108.45,37.36,73.78,42.98
2024-11-14,Russia,Paradip,Coal,Panamax,47309,76.35,521.27,108.45,37.36,73.78,42.98
2024-11-14,Indonesia,Chennai,Fertilizer,Capesize,108647,82.87,521.27,108.45,37.36,73.78,42.98
2024-11-14,Russia,Chennai,Wheat,Supramax,41345,70.31,521.27,108.45,37.36,73.78,42.98
2024-11-14,Brazil,Paradip,Fertilizer,Handysize,29949,65.87,521.27,108.45,37.36,73.78,42.98
2024-11-14,Brazil,Kakinada,Wheat,Handymax,112422,72.15,521.27,108.45,37.36,73.78,42.98
2024-11-15,South Africa,Chennai,Wheat,Supramax,110986,75.97,785.34,144.47,10.99,72.46,72.63
2024-11-15,Russia,Krishnapatnam,Wheat,Panamax,103133,84.72,785.34,144.47,10.99,72.46,72.63
2024-11-15,Russia,Chennai,Wheat,Supramax,111657,73.59,785.34,144.47,10.99,72.46,72.63
2024-11-15,Australia,Kakinada,Bauxite,Capesize,100222,87.07,785.34,144.47,10.99,72.46,72.63
2024-11-15,South Africa,Kakinada,Coal,Handymax,64360,74.87,785.34,144.47,10.99,72.46,72.63
2024-11-15,Australia,Krishnapatnam,Iron Ore,Handysize,82399,76.48,785.34,144.47,10.99,72.46,72.63
2024-11-15,Australia,Kakinada,Iron Ore,Handymax,54730,79.72,785.34,144.47,10.99,72.46,72.63
2024-11-15,Australia,Chennai,Fertilizer,Handymax,108122,73.69,785.34,144.47,10.99,72.46,72.63
2024-11-16,Australia,Visakhapatnam,Wheat,Panamax,111125,83.69,687.62,154.58,15.65,100.0,66.2
2024-11-16,Australia,Visakhapatnam,Fertilizer,Supramax,66794,79.86,687.62,154.58,15.65,100.0,66.2
2024-11-16,Russia,Krishnapatnam,Fertilizer,Supramax,109896,80.26,687.62,154.58,15.65,100.0,66.2
2024-11-16,Australia,Chennai,Fertilizer,Handysize,95691,72.42,687.62,154.58,15.65,100.0,66.2
2024-11-16,South Africa,Chennai,Wheat,Panamax,58821,80.37,687.62,154.58,15.65,100.0,66.2
2024-11-16,Australia,Paradip,Bauxite,Handysize,56130,75.0,687.62,154.58,15.65,100.0,66.2
2024-11-16,South Africa,Chennai,Fertilizer,Capesize,88714,90.72,687.62,154.58,15.65,100.0,66.2
2024-11-16,Brazil,Krishnapatnam,Iron Ore,Supramax,45416,79.64,687.62,154.58,15.65,100.0,66.2
2024-11-17,Brazil,Visakhapatnam,Wheat,Supramax,65569,81.1,796.49,139.09,73.26,75.97,67.74
2024-11-17,Brazil,Paradip,Fertilizer,Handymax,86323,80.13,796.49,139.09,73.26,75.97,67.74
2024-11-17,Russia,Visakhapatnam,Iron Ore,Handysize,62919,83.59,796.49,139.09,73.26,75.97,67.74
2024-11-17,Russia,Chennai,Iron Ore,Panamax,112658,90.74,796.49,139.09,73.26,75.97,67.74
2024-11-17,Indonesia,Chennai,Bauxite,Handysize,31696,79.13,796.49,139.09,73.26,75.97,67.74
2024-11-17,Brazil,Paradip,Coal,Handymax,107298,81.34,796.49,139.09,73.26,75.97,67.74
2024-11-17,Australia,Chennai,Fertilizer,Capesize,26101,91.57,796.49,139.09,73.26,75.97,67.74
2024-11-17,South Africa,Paradip,Wheat,Handysize,74094,80.19,796.49,139.09,73.26,75.97,67.74
2024-11-18,South Africa,Paradip,Bauxite,Supramax,75584,72.17,611.2,81.3,31.3,69.57,45.69
2024-11-18,South Africa,Paradip,Fertilizer,Handysize,28594,66.67,611.2,81.3,31.3,69.57,45.69
2024-11-18,Brazil,Chennai,Coal,Handysize,85210,69.25,611.2,81.3,31.3,69.57,45.69
2024-11-18,Australia,Krishnapatnam,Bauxite,Panamax,81938,77.45,611.2,81.3,31.3,69.57,45.69
2024-11-18,Russia,Kakinada,Coal,Panamax,78009,80.05,611.2,81.3,31.3,69.57,45.69
2024-11-18,Australia,Kakinada,Coal,Panamax,105849,73.4,611.2,81.3,31.3,69.57,45.69
2024-11-18,Indonesia,Chennai,Fertilizer,Handysize,30337,63.68,611.2,81.3,31.3,69.57,45.69
2024-11-18,Brazil,Krishnapatnam,Wheat,Supramax,50135,69.06,611.2,81.3,31.3,69.57,45.69
2024-11-19,Russia,Chennai,Coal,Capesize,88336,86.2,680.74,107.03,57.11,89.07,68.29
2024-11-19,Russia,Chennai,Wheat,Panamax,27094,78.99,680.74,107.03,57.11,89.07,68.29
2024-11-19,Indonesia,Paradip,Wheat,Handymax,32764,72.2,680.74,107.03,57.11,89.07,68.29
2024-11-19,Indonesia,Paradip,Iron Ore,Capesize,31271,86.54,680.74,107.03,57.11,89.07,68.29
2024-11-19,South Africa,Krishnapatnam,Coal,Handysize,43134,75.17,680.74,107.03,57.11,89.07,68.29
2024-11-19,Russia,Krishnapatnam,Wheat,Handymax,41402,72.84,680.74,107.03,57.11,89.07,68.29
2024-11-19,Indonesia,Krishnapatnam,Bauxite,Panamax,94644,86.0,680.74,107.03,57.11,89.07,68.29
2024-11-19,Brazil,Paradip,Fertilizer,Panamax,55507,82.99,680.74,107.03,57.11,89.07,68.29
2024-11-20,South Africa,Paradip,Fertilizer,Handysize,41864,64.09,768.1,81.42,46.35,36.7,62.95
2024-11-20,South Africa,Visakhapatnam,Fertilizer,Panamax,81687,71.73,768.1,81.42,46.35,36.7,62.95
2024-11-20,Australia,Paradip,Wheat,Handysize,42046,66.2,768.1,81.42,46.35,36.7,62.95
2024-11-20,Australia,Krishnapatnam,Fertilizer,Handysize,22039,67.37,768.1,81.42,46.35,36.7,62.95
2024-11-20,Brazil,Krishnapatnam,Wheat,Panamax,21724,73.32,768.1,81.42,46.35,36.7,62.95
2024-11-20,Russia,Krishnapatnam,Coal,Handymax,30586,69.11,768.1,81.42,46.35,36.7,62.95
2024-11-20,Russia,Chennai,Fertilizer,Handymax,44078,65.81,768.1,81.42,46.35,36.7,62.95
2024-11-20,Brazil,Paradip,Coal,Panamax,42894,74.06,768.1,81.42,46.35,36.7,62.95
2024-11-21,Russia,Chennai,Wheat,Capesize,64111,87.93,560.23,160.59,67.25,91.33,100.0
2024-11-21,Russia,Chennai,Wheat,Handysize,40823,70.03,560.23,160.59,67.25,91.33,100.0
2024-11-21,Australia,Visakhapatnam,Bauxite,Handysize,96245,74.86,560.23,160.59,67.25,91.33,100.0
2024-11-21,Russia,Chennai,Coal,Handysize,49168,76.5,560.23,160.59,67.25,91.33,100.0
2024-11-21,South Africa,Krishnapatnam,Wheat,Handysize,21775,69.53,560.23,160.59,67.25,91.33,100.0
2024-11-21,Indonesia,Visakhapatnam,Bauxite,Handymax,23197,74.07,560.23,160.59,67.25,91.33,100.0
2024-11-21,Australia,Kakinada,Wheat,Handymax,56777,73.16,560.23,160.59,67.25,91.33,100.0
2024-11-21,Australia,Krishnapatnam,Bauxite,Capesize,33985,84.46,560.23,160.59,67.25,91.33,100.0
2024-11-22,Indonesia,Chennai,Coal,Panamax,48821,81.12,651.56,118.74,56.18,71.82,46.66
2024-11-22,Brazil,Chennai,Wheat,Handysize,94185,72.1,651.56,118.74,56.18,71.82,46.66
2024-11-22,Australia,Chennai,Fertilizer,Handysize,34833,73.84,651.56,118.74,56.18,71.82,46.66
2024-11-22,Australia,Krishnapatnam,Wheat,Panamax,102159,81.39,651.56,118.74,56.18,71.82,46.66
2024-11-22,Russia,Paradip,Coal,Handymax,44518,73.2,651.56,118.74,56.18,71.82,46.66
2024-11-22,Indonesia,Kakinada,Iron Ore,Panamax,22693,84.44,651.56,118.74,56.18,71.82,46.66
2024-11-22,Brazil,Visakhapatnam,Fertilizer,Supramax,100078,78.98,651.56,118.74,56.18,71.82,46.66
2024-11-22,South Africa,Paradip,Fertilizer,Panamax,48497,76.11,651.56,118.74,56.18,71.82,46.66
2024-11-23,Indonesia,Visakhapatnam,Bauxite,Handymax,56577,76.66,706.9,151.66,39.45,52.29,47.8
2024-11-23,South Africa,Visakhapatnam,Coal,Supramax,81988,79.81,706.9,151.66,39.45,52.29,47.8
2024-11-23,Russia,Chennai,Iron Ore,Handymax,30559,74.76,706.9,151.66,39.45,52.29,47.8
2024-11-23,Brazil,Krishnapatnam,Bauxite,Handymax,48080,77.16,706.9,151.66,39.45,52.29,47.8
2024-11-23,Indonesia,Paradip,Wheat,Supramax,98038,77.7,706.9,151.66,39.45,52.29,47.8
2024-11-23,Indonesia,Paradip,Wheat,Handysize,61329,71.85,706.9,151.66,39.45,52.29,47.8
2024-11-23,Brazil,Chennai,Wheat,Handysize,38083,70.67,706.9,151.66,39.45,52.29,47.8
2024-11-23,Australia,Chennai,Wheat,Panamax,25356,79.47,706.9,151.66,39.45,52.29,47.8
2024-11-24,Indonesia,Chennai,Wheat,Capesize,23460,82.02,795.54,112.65,61.13,56.71,77.08
2024-11-24,Australia,Krishnapatnam,Coal,Capesize,32272,85.89,795.54,112.65,61.13,56.71,77.08
2024-11-24,Brazil,Visakhapatnam,Fertilizer,Handysize,93061,73.59,795.54,112.65,61.13,56.71,77.08
2024-11-24,Russia,Krishnapatnam,Wheat,Panamax,107424,79.36,795.54,112.65,61.13,56.71,77.08
2024-11-24,Russia,Visakhapatnam,Wheat,Panamax,24167,78.03,795.54,112.65,61.13,56.71,77.08
2024-11-24,Indonesia,Kakinada,Iron Ore,Capesize,94963,84.86,795.54,112.65,61.13,56.71,77.08
2024-11-24,Indonesia,Paradip,Iron Ore,Panamax,71036,80.75,795.54,112.65,61.13,56.71,77.08
2024-11-24,Russia,Paradip,Fertilizer,Supramax,57118,75.56,795.54,112.65,61.13,56.71,77.08
2024-11-25,Russia,Chennai,Iron Ore,Panamax,20900,85.81,622.54,157.98,62.74,76.61,36.79
2024-11-25,Australia,Kakinada,Coal,Handysize,41150,81.33,622.54,157.98,62.74,76.61,36.79
2024-11-25,Australia,Krishnapatnam,Fertilizer,Handymax,79095,80.75,622.54,157.98,62.74,76.61,36.79
2024-11-25,South Africa,Krishnapatnam,Wheat,Handymax,54503,76.87,622.54,157.98,62.74,76.61,36.79
2024-11-25,Brazil,Chennai,Coal,Handymax,63591,81.42,622.54,157.98,62.74,76.61,36.79
2024-11-25,Brazil,Chennai,Wheat,Capesize,69508,90.0,622.54,157.98,62.74,76.61,36.79
2024-11-25,Russia,Visakhapatnam,Wheat,Capesize,85143,90.1,622.54,157.98,62.74,76.61,36.79
2024-11-25,Indonesia,Kakinada,Wheat,Panamax,20877,83.91,622.54,157.98,62.74,76.61,36.79
2024-11-26,Indonesia,Krishnapatnam,Fertilizer,Handymax,78843,76.84,738.76,105.34,42.4,69.88,53.62
2024-11-26,South Africa,Krishnapatnam,Iron Ore,Capesize,96387,85.21,738.76,105.34,42.4,69.88,53.62
2024-11-26,Indonesia,Krishnapatnam,Wheat,Handysize,23974,68.93,738.76,105.34,42.4,69.88,53.62
2024-11-26,South Africa,Chennai,Wheat,Handysize,58966,70.84,738.76,105.34,42.4,69.88,53.62
2024-11-26,Brazil,Kakinada,Wheat,Panamax,20169,76.18,738.76,105.34,42.4,69.88,53.62
2024-11-26,Brazil,Chennai,Bauxite,Capesize,50899,86.65,738.76,105.34,42.4,69.88,53.62
2024-11-26,Russia,Kakinada,Iron Ore,Panamax,88570,83.79,738.76,105.34,42.4,69.88,53.62
2024-11-26,Russia,Kakinada,Coal,Panamax,20791,79.32,738.76,105.34,42.4,69.88,53.62
2024-11-27,Brazil,Chennai,Bauxite,Panamax,85233,85.55,515.32,173.23,48.15,74.89,58.44
2024-11-27,South Africa,Visakhapatnam,Bauxite,Panamax,81631,82.69,515.32,173.23,48.15,74.89,58.44
2024-11-27,Indonesia,Paradip,Bauxite,Handymax,34903,76.32,515.32,173.23,48.15,74.89,58.44
2024-11-27,Russia,Visakhapatnam,Iron Ore,Panamax,91564,80.52,515.32,173.23,48.15,74.89,58.44
2024-11-27,Australia,Visakhapatnam,Iron Ore,Capesize,85675,89.47,515.32,173.23,48.15,74.89,58.44
2024-11-27,Australia,Krishnapatnam,Bauxite,Handymax,36888,75.34,515.32,173.23,48.15,74.89,58.44
2024-11-27,South Africa,Kakinada,Bauxite,Handymax,59771,75.88,515.32,173.23,48.15,74.89,58.44
2024-11-27,Brazil,Kakinada,Fertilizer,Supramax,31156,77.74,515.32,173.23,48.15,74.89,58.44
2024-11-28,Russia,Kakinada,Iron Ore,Panamax,82716,78.61,505.15,125.45,48.22,64.4,56.37
2024-11-28,South Africa,Kakinada,Bauxite,Handymax,74765,69.35,505.15,125.45,48.22,64.4,56.37
2024-11-28,Indonesia,Kakinada,Coal,Supramax,97711,75.28,505.15,125.45,48.22,64.4,56.37
2024-11-28,South Africa,Paradip,Wheat,Handymax,58907,63.49,505.15,125.45,48.22,64.4,56.37
2024-11-28,Brazil,Kakinada,Fertilizer,Panamax,73176,75.23,505.15,125.45,48.22,64.4,56.37
2024-11-28,Australia,Kakinada,Coal,Capesize,115867,77.3,505.15,125.45,48.22,64.4,56.37
2024-11-28,Brazil,Krishnapatnam,Fertilizer,Handysize,82469,67.26,505.15,125.45,48.22,64.4,56.37
2024-11-28,Russia,Paradip,Iron Ore,Handysize,106921,68.47,505.15,125.45,48.22,64.4,56.37
2024-11-29,Indonesia,Chennai,Wheat,Handymax,66543,74.1,718.64,93.95,52.94,73.17,69.77
2024-11-29,Russia,Chennai,Fertilizer,Panamax,114903,82.59,718.64,93.95,52.94,73.17,69.77
2024-11-29,Australia,Krishnapatnam,Coal,Capesize,74710,85.99,718.64,93.95,52.94,73.17,69.77
2024-11-29,Russia,Krishnapatnam,Bauxite,Supramax,93436,79.77,718.64,93.95,52.94,73.17,69.77
2024-11-29,South Africa,Chennai,Bauxite,Handymax,78546,75.12,718.64,93.95,52.94,73.17,69.77
2024-11-29,South Africa,Krishnapatnam,Coal,Handymax,93353,75.6,718.64,93.95,52.94,73.17,69.77
2024-11-29,Brazil,Krishnapatnam,Iron Ore,Capesize,39733,83.93,718.64,93.95,52.94,73.17,69.77
2024-11-29,Brazil,Paradip,Iron Ore,Supramax,61689,75.91,718.64,93.95,52.94,73.17,69.77
2024-11-30,Brazil,Visakhapatnam,Iron Ore,Supramax,56884,85.05,848.81,155.57,42.95,51.79,84.18
2024-11-30,Russia,Krishnapatnam,Iron Ore,Handysize,113954,76.33,848.81,155.57,42.95,51.79,84.18
2024-11-30,South Africa,Krishnapatnam,Bauxite,Supramax,46507,77.03,848.81,155.57,42.95,51.79,84.18
2024-11-30,South Africa,Visakhapatnam,Wheat,Handysize,100919,70.83,848.81,155.57,42.95,51.79,84.18
2024-11-30,Australia,Paradip,Iron Ore,Handymax,107516,81.53,848.81,155.57,42.95,51.79,84.18
2024-11-30,South Africa,Visakhapatnam,Bauxite,Handysize,77089,75.78,848.81,155.57,42.95,51.79,84.18
2024-11-30,South Africa,Krishnapatnam,Coal,Panamax,108155,87.44,848.81,155.57,42.95,51.79,84.18
2024-11-30,Russia,Paradip,Iron Ore,Capesize,66340,88.58,848.81,155.57,42.95,51.79,84.18
2024-12-01,South Africa,Kakinada,Fertilizer,Capesize,115299,90.13,582.78,147.8,67.65,76.75,69.82
2024-12-01,Australia,Visakhapatnam,Fertilizer,Handymax,116155,75.28,582.78,147.8,67.65,76.75,69.82
2024-12-01,Brazil,Visakhapatnam,Coal,Supramax,27338,80.64,582.78,147.8,67.65,76.75,69.82
2024-12-01,Australia,Chennai,Iron Ore,Capesize,86483,91.77,582.78,147.8,67.65,76.75,69.82
2024-12-01,Brazil,Paradip,Coal,Capesize,36544,89.23,582.78,147.8,67.65,76.75,69.82
2024-12-01,Australia,Paradip,Wheat,Handysize,72776,74.48,582.78,147.8,67.65,76.75,69.82
2024-12-01,Russia,Chennai,Bauxite,Handymax,71313,78.81,582.78,147.8,67.65,76.75,69.82
2024-12-01,Indonesia,Paradip,Bauxite,Handysize,53609,72.56,582.78,147.8,67.65,76.75,69.82
2024-12-02,Indonesia,Chennai,Iron Ore,Capesize,24261,88.79,763.95,112.32,51.68,65.62,45.61
2024-12-02,South Africa,Paradip,Iron Ore,Handymax,83247,81.14,763.95,112.32,51.68,65.62,45.61
2024-12-02,Russia,Krishnapatnam,Iron Ore,Capesize,72068,90.43,763.95,112.32,51.68,65.62,45.61
2024-12-02,Brazil,Krishnapatnam,Iron Ore,Supramax,82308,87.13,763.95,112.32,51.68,65.62,45.61
2024-12-02,Russia,Chennai,Coal,Handysize,114761,79.79,763.95,112.32,51.68,65.62,45.61
2024-12-02,Russia,Krishnapatnam,Fertilizer,Supramax,45973,79.85,763.95,112.32,51.68,65.62,45.61
2024-12-02,Indonesia,Kakinada,Coal,Panamax,54985,83.46,763.95,112.32,51.68,65.62,45.61
2024-12-02,Indonesia,Krishnapatnam,Fertilizer,Handymax,72170,75.8,763.95,112.32,51.68,65.62,45.61
2024-12-03,Brazil,Visakhapatnam,Wheat,Panamax,108387,88.51,670.03,100.78,49.82,90.0,48.72
2024-12-03,Indonesia,Paradip,Bauxite,Panamax,82919,86.49,670.03,100.78,49.82,90.0,48.72
2024-12-03,Indonesia,Paradip,Wheat,Capesize,72495,84.54,670.03,100.78,49.82,90.0,48.72
2024-12-03,Brazil,Kakinada,Bauxite,Capesize,27030,85.85,670.03,100.78,49.82,90.0,48.72
2024-12-03,Brazil,Chennai,Fertilizer,Supramax,45000,80.14,670.03,100.78,49.82,90.0,48.72
2024-12-03,South Africa,Paradip,Wheat,Capesize,82580,84.22,670.03,100.78,49.82,90.0,48.72
2024-12-03,Indonesia,Chennai,Wheat,Panamax,38203,81.13,670.03,100.78,49.82,90.0,48.72
2024-12-03,Indonesia,Kakinada,Iron Ore,Handysize,26043,77.72,670.03,100.78,49.82,90.0,48.72
2024-12-04,South Africa,Chennai,Fertilizer,Capesize,82405,87.17,687.13,143.29,42.81,65.6,55.83
2024-12-04,Australia,Kakinada,Wheat,Capesize,99266,87.28,687.13,143.29,42.81,65.6,55.83
2024-12-04,Australia,Visakhapatnam,Wheat,Handymax,26984,75.93,687.13,143.29,42.81,65.6,55.83
2024-12-04,Indonesia,Krishnapatnam,Coal,Handysize,101840,76.18,687.13,143.29,42.81,65.6,55.83
2024-12-04,South Africa,Krishnapatnam,Wheat,Supramax,54157,80.46,687.13,143.29,42.81,65.6,55.83
2024-12-04,Brazil,Paradip,Iron Ore,Supramax,40720,81.76,687.13,143.29,42.81,65.6,55.83
2024-12-04,Russia,Kakinada,Bauxite,Panamax,89182,86.66,687.13,143.29,42.81,65.6,55.83
2024-12-04,Russia,Chennai,Bauxite,Handymax,96855,81.87,687.13,143.29,42.81,65.6,55.83
2024-12-05,Indonesia,Kakinada,Iron Ore,Handymax,90775,71.0,570.85,87.65,40.85,72.38,81.01
2024-12-05,Russia,Kakinada,Wheat,Handymax,89574,67.27,570.85,87.65,40.85,72.38,81.01
2024-12-05,Russia,Paradip,Iron Ore,Handymax,98345,76.33,570.85,87.65,40.85,72.38,81.01
2024-12-05,South Africa,Kakinada,Bauxite,Supramax,34358,73.2,570.85,87.65,40.85,72.38,81.01
2024-12-05,Brazil,Paradip,Bauxite,Capesize,71166,81.27,570.85,87.65,40.85,72.38,81.01
2024-12-05,Indonesia,Krishnapatnam,Coal,Panamax,111255,78.05,570.85,87.65,40.85,72.38,81.01
2024-12-05,Indonesia,Paradip,Bauxite,Handysize,82985,69.63,570.85,87.65,40.85,72.38,81.01
2024-12-05,Brazil,Krishnapatnam,Fertilizer,Capesize,110297,81.18,570.85,87.65,40.85,72.38,81.01
2024-12-06,Australia,Kakinada,Coal,Capesize,92369,89.69,738.52,124.04,49.73,53.97,39.54
2024-12-06,Brazil,Paradip,Iron Ore,Handymax,119295,85.19,738.52,124.04,49.73,53.97,39.54
2024-12-06,Australia,Visakhapatnam,Fertilizer,Handysize,70184,76.63,738.52,124.04,49.73,53.97,39.54
2024-12-06,Indonesia,Paradip,Wheat,Supramax,104162,79.42,738.52,124.04,49.73,53.97,39.54
2024-12-06,Brazil,Kakinada,Bauxite,Handysize,57370,76.89,738.52,124.04,49.73,53.97,39.54
2024-12-06,South Africa,Chennai,Wheat,Handysize,40341,71.82,738.52,124.04,49.73,53.97,39.54
2024-12-06,Australia,Chennai,Iron Ore,Handysize,63612,81.98,738.52,124.04,49.73,53.97,39.54
2024-12-06,Brazil,Krishnapatnam,Coal,Supramax,89022,85.84,738.52,124.04,49.73,53.97,39.54
2024-12-07,Brazil,Kakinada,Bauxite,Capesize,91227,86.07,732.05,122.33,50.53,58.13,60.68
2024-12-07,Australia,Kakinada,Wheat,Panamax,98349,83.75,732.05,122.33,50.53,58.13,60.68
2024-12-07,Australia,Paradip,Fertilizer,Handymax,26938,73.68,732.05,122.33,50.53,58.13,60.68
2024-12-07,Indonesia,Chennai,Iron Ore,Capesize,91558,90.81,732.05,122.33,50.53,58.13,60.68
2024-12-07,Brazil,Kakinada,Fertilizer,Panamax,71507,82.68,732.05,122.33,50.53,58.13,60.68
2024-12-07,Brazil,Paradip,Bauxite,Panamax,68723,85.65,732.05,122.33,50.53,58.13,60.68
2024-12-07,Australia,Paradip,Coal,Panamax,65240,76.0,732.05,122.33,50.53,58.13,60.68
2024-12-07,Australia,Paradip,Fertilizer,Supramax,42497,81.39,732.05,122.33,50.53,58.13,60.68
2024-12-08,Australia,Paradip,Wheat,Handysize,103432,65.46,550.49,97.5,21.61,57.34,67.93
2024-12-08,Brazil,Paradip,Fertilizer,Supramax,50793,73.22,550.49,97.5,21.61,57.34,67.93
2024-12-08,Russia,Chennai,Bauxite,Handysize,35202,65.28,550.49,97.5,21.61,57.34,67.93
2024-12-08,South Africa,Paradip,Bauxite,Supramax,39494,70.75,550.49,97.5,21.61,57.34,67.93
2024-12-08,Indonesia,Krishnapatnam,Iron Ore,Handysize,60506,68.84,550.49,97.5,21.61,57.34,67.93
2024-12-08,Brazil,Visakhapatnam,Iron Ore,Supramax,56499,72.08,550.49,97.5,21.61,57.34,67.93
2024-12-08,Australia,Paradip,Wheat,Handysize,111111,63.36,550.49,97.5,21.61,57.34,67.93
2024-12-08,South Africa,Visakhapatnam,Fertilizer,Capesize,80126,77.38,550.49,97.5,21.61,57.34,67.93
2024-12-09,Brazil,Chennai,Coal,Capesize,60378,79.81,548.26,85.83,42.19,76.19,31.59
2024-12-09,Indonesia,Visakhapatnam,Bauxite,Handymax,43196,74.8,548.26,85.83,42.19,76.19,31.59
2024-12-09,Indonesia,Visakhapatnam,Iron Ore,Capesize,105809,85.52,548.26,85.83,42.19,76.19,31.59
2024-12-09,Brazil,Chennai,Fertilizer,Panamax,74927,78.73,548.26,85.83,42.19,76.19,31.59
2024-12-09,Brazil,Paradip,Iron Ore,Supramax,105376,76.68,548.26,85.83,42.19,76.19,31.59
2024-12-09,Australia,Visakhapatnam,Fertilizer,Handymax,103845,72.27,548.26,85.83,42.19,76.19,31.59
2024-12-09,South Africa,Krishnapatnam,Iron Ore,Supramax,46187,76.95,548.26,85.83,42.19,76.19,31.59
2024-12-09,Brazil,Paradip,Bauxite,Capesize,45089,84.86,548.26,85.83,42.19,76.19,31.59
2024-12-10,South Africa,Krishnapatnam,Bauxite,Handymax,94469,78.95,551.87,87.45,54.5,95.37,95.67
2024-12-10,South Africa,Visakhapatnam,Coal,Handysize,107365,71.94,551.87,87.45,54.5,95.37,95.67
2024-12-10,Australia,Paradip,Iron Ore,Handysize,62543,72.67,551.87,87.45,54.5,95.37,95.67
2024-12-10,Australia,Paradip,Bauxite,Handymax,98737,75.06,551.87,87.45,54.5,95.37,95.67
2024-12-10,Russia,Paradip,Iron Ore,Handysize,115477,75.4,551.87,87.45,54.5,95.37,95.67
2024-12-10,Brazil,Paradip,Iron Ore,Panamax,104321,81.46,551.87,87.45,54.5,95.37,95.67
2024-12-10,South Africa,Visakhapatnam,Iron Ore,Handysize,119441,74.18,551.87,87.45,54.5,95.37,95.67
2024-12-10,Brazil,Chennai,Fertilizer,Handysize,28678,63.4,551.87,87.45,54.5,95.37,95.67
2024-12-11,Indonesia,Visakhapatnam,Fertilizer,Panamax,65252,75.96,778.72,82.3,33.25,56.61,58.98
2024-12-11,Brazil,Kakinada,Iron Ore,Panamax,42077,81.39,778.72,82.3,33.25,56.61,58.98
2024-12-11,Indonesia,Paradip,Bauxite,Capesize,61059,83.32,778.72,82.3,33.25,56.61,58.98
2024-12-11,Brazil,Visakhapatnam,Wheat,Handymax,68561,69.38,778.72,82.3,33.25,56.61,58.98
2024-12-11,Russia,Krishnapatnam,Wheat,Panamax,44993,76.24,778.72,82.3,33.25,56.61,58.98
2024-12-11,Australia,Paradip,Iron Ore,Handysize,93080,74.88,778.72,82.3,33.25,56.61,58.98
2024-12-11,Russia,Krishnapatnam,Bauxite,Handymax,43903,74.98,778.72,82.3,33.25,56.61,58.98
2024-12-11,Russia,Chennai,Coal,Supramax,85109,78.83,778.72,82.3,33.25,56.61,58.98
2024-12-12,Brazil,Krishnapatnam,Fertilizer,Handysize,60062,66.61,524.39,109.97,23.74,74.58,43.1
2024-12-12,Russia,Paradip,Iron Ore,Handysize,28003,73.21,524.39,109.97,23.74,74.58,43.1
2024-12-12,Australia,Visakhapatnam,Iron Ore,Supramax,62727,73.83,524.39,109.97,23.74,74.58,43.1
2024-12-12,Indonesia,Paradip,Iron Ore,Handysize,60378,70.54,524.39,109.97,23.74,74.58,43.1
2024-12-12,Indonesia,Paradip,Wheat,Capesize,57068,80.64,524.39,109.97,23.74,74.58,43.1
2024-12-12,Indonesia,Visakhapatnam,Fertilizer,Supramax,45312,71.66,524.39,109.97,23.74,74.58,43.1
2024-12-12,Russia,Chennai,Coal,Panamax,31928,75.72,524.39,109.97,23.74,74.58,43.1
2024-12-12,South Africa,Chennai,Fertilizer,Panamax,78527,77.66,524.39,109.97,23.74,74.58,43.1
2024-12-13,South Africa,Chennai,Coal,Handysize,60080,83.23,808.45,171.89,40.92,87.01,67.85
2024-12-13,Indonesia,Krishnapatnam,Coal,Handymax,20346,83.94,808.45,171.89,40.92,87.01,67.85
2024-12-13,South Africa,Chennai,Bauxite,Handymax,98105,85.06,808.45,171.89,40.92,87.01,67.85
2024-12-13,Russia,Kakinada,Fertilizer,Panamax,55472,87.97,808.45,171.89,40.92,87.01,67.85
2024-12-13,Indonesia,Chennai,Fertilizer,Supramax,28057,86.97,808.45,171.89,40.92,87.01,67.85
2024-12-13,Brazil,Kakinada,Iron Ore,Handymax,45890,86.32,808.45,171.89,40.92,87.01,67.85
2024-12-13,Australia,Visakhapatnam,Fertilizer,Handymax,37363,84.64,808.45,171.89,40.92,87.01,67.85
2024-12-13,South Africa,Visakhapatnam,Wheat,Capesize,31462,92.18,808.45,171.89,40.92,87.01,67.85
2024-12-14,Brazil,Kakinada,Wheat,Handysize,42969,84.98,721.35,172.24,59.85,88.72,60.71
2024-12-14,Indonesia,Visakhapatnam,Wheat,Supramax,26464,83.84,721.35,172.24,59.85,88.72,60.71
2024-12-14,Indonesia,Visakhapatnam,Bauxite,Supramax,30250,88.41,721.35,172.24,59.85,88.72,60.71
2024-12-14,Australia,Visakhapatnam,Wheat,Handysize,114840,84.19,721.35,172.24,59.85,88.72,60.71
2024-12-14,South Africa,Chennai,Fertilizer,Supramax,24213,85.19,721.35,172.24,59.85,88.72,60.71
2024-12-14,Russia,Visakhapatnam,Wheat,Handysize,63760,84.01,721.35,172.24,59.85,88.72,60.71
2024-12-14,Brazil,Chennai,Fertilizer,Handysize,24406,83.11,721.35,172.24,59.85,88.72,60.71
2024-12-14,Australia,Chennai,Bauxite,Panamax,22192,91.36,721.35,172.24,59.85,88.72,60.71
2024-12-15,Brazil,Krishnapatnam,Bauxite,Supramax,59361,89.68,713.4,147.4,67.82,95.05,60.84
2024-12-15,South Africa,Visakhapatnam,Bauxite,Handysize,35747,83.6,713.4,147.4,67.82,95.05,60.84
2024-12-15,Brazil,Krishnapatnam,Iron Ore,Supramax,49838,87.53,713.4,147.4,67.82,95.05,60.84
2024-12-15,Russia,Visakhapatnam,Iron Ore,Handymax,56350,86.18,713.4,147.4,67.82,95.05,60.84
2024-12-15,Indonesia,Kakinada,Fertilizer,Handymax,65132,82.61,713.4,147.4,67.82,95.05,60.84
2024-12-15,South Africa,Visakhapatnam,Fertilizer,Handysize,76108,84.91,713.4,147.4,67.82,95.05,60.84
2024-12-15,Indonesia,Visakhapatnam,Coal,Supramax,40767,88.91,713.4,147.4,67.82,95.05,60.84
2024-12-15,Australia,Kakinada,Iron Ore,Handysize,77590,82.25,713.4,147.4,67.82,95.05,60.84
2024-12-16,Indonesia,Paradip,Iron Ore,Supramax,21136,82.51,621.45,121.57,28.67,86.27,30.18
2024-12-16,Brazil,Kakinada,Iron Ore,Handymax,64649,78.99,621.45,121.57,28.67,86.27,30.18
2024-12-16,South Africa,Chennai,Iron Ore,Capesize,35641,91.62,621.45,121.57,28.67,86.27,30.18
2024-12-16,Russia,Chennai,Fertilizer,Capesize,112281,87.5,621.45,121.57,28.67,86.27,30.18
2024-12-16,South Africa,Visakhapatnam,Coal,Capesize,83493,85.03,621.45,121.57,28.67,86.27,30.18
2024-12-16,South Africa,Krishnapatnam,Iron Ore,Supramax,100775,81.78,621.45,121.57,28.67,86.27,30.18
2024-12-16,Indonesia,Visakhapatnam,Fertilizer,Handysize,103511,77.46,621.45,121.57,28.67,86.27,30.18
2024-12-16,Indonesia,Visakhapatnam,Fertilizer,Capesize,91444,88.27,621.45,121.57,28.67,86.27,30.18
2024-12-17,Australia,Visakhapatnam,Fertilizer,Panamax,35458,70.79,549.6,131.26,38.16,39.03,44.42
2024-12-17,Australia,Paradip,Wheat,Capesize,74645,81.92,549.6,131.26,38.16,39.03,44.42
2024-12-17,Indonesia,Visakhapatnam,Bauxite,Supramax,64665,74.1,549.6,131.26,38.16,39.03,44.42
2024-12-17,Brazil,Visakhapatnam,Coal,Handysize,71857,69.23,549.6,131.26,38.16,39.03,44.42
2024-12-17,Indonesia,Paradip,Coal,Handymax,24071,68.43,549.6,131.26,38.16,39.03,44.42
2024-12-17,Indonesia,Visakhapatnam,Bauxite,Panamax,28951,76.02,549.6,131.26,38.16,39.03,44.42
2024-12-17,Russia,Chennai,Wheat,Panamax,20233,74.62,549.6,131.26,38.16,39.03,44.42
2024-12-17,Indonesia,Kakinada,Bauxite,Handymax,51232,71.29,549.6,131.26,38.16,39.03,44.42
2024-12-18,Indonesia,Kakinada,Coal,Handysize,116966,85.41,837.33,159.37,51.92,95.29,64.45
2024-12-18,Indonesia,Paradip,Fertilizer,Capesize,29440,99.01,837.33,159.37,51.92,95.29,64.45
2024-12-18,Indonesia,Krishnapatnam,Coal,Handysize,96093,83.59,837.33,159.37,51.92,95.29,64.45
2024-12-18,Russia,Visakhapatnam,Iron Ore,Handysize,52545,86.31,837.33,159.37,51.92,95.29,64.45
2024-12-18,Russia,Kakinada,Iron Ore,Panamax,70618,93.49,837.33,159.37,51.92,95.29,64.45
2024-12-18,Russia,Kakinada,Bauxite,Handysize,64808,84.76,837.33,159.37,51.92,95.29,64.45
2024-12-18,South Africa,Visakhapatnam,Wheat,Supramax,106427,90.88,837.33,159.37,51.92,95.29,64.45
2024-12-18,Russia,Paradip,Bauxite,Supramax,57633,90.5,837.33,159.37,51.92,95.29,64.45
2024-12-19,South Africa,Visakhapatnam,Iron Ore,Panamax,108557,82.14,547.8,131.11,45.33,48.89,56.49
2024-12-19,Russia,Kakinada,Coal,Supramax,83623,73.43,547.8,131.11,45.33,48.89,56.49
2024-12-19,South Africa,Chennai,Coal,Capesize,51454,81.89,547.8,131.11,45.33,48.89,56.49
2024-12-19,Russia,Chennai,Bauxite,Capesize,107304,84.84,547.8,131.11,45.33,48.89,56.49
2024-12-19,Indonesia,Visakhapatnam,Coal,Supramax,70416,77.41,547.8,131.11,45.33,48.89,56.49
2024-12-19,Indonesia,Visakhapatnam,Bauxite,Capesize,42814,82.91,547.8,131.11,45.33,48.89,56.49
2024-12-19,Russia,Visakhapatnam,Iron Ore,Handysize,81001,74.2,547.8,131.11,45.33,48.89,56.49
2024-12-19,Australia,Visakhapatnam,Fertilizer,Panamax,25459,75.61,547.8,131.11,45.33,48.89,56.49
2024-12-20,Russia,Paradip,Fertilizer,Handysize,61302,73.7,682.11,98.25,44.05,71.54,45.47
2024-12-20,South Africa,Visakhapatnam,Bauxite,Handysize,37889,72.31,682.11,98.25,44.05,71.54,45.47
2024-12-20,Australia,Visakhapatnam,Iron Ore,Supramax,80139,81.29,682.11,98.25,44.05,71.54,45.47
2024-12-20,Indonesia,Chennai,Coal,Supramax,33429,75.89,682.11,98.25,44.05,71.54,45.47
2024-12-20,Brazil,Krishnapatnam,Bauxite,Supramax,25642,84.08,682.11,98.25,44.05,71.54,45.47
2024-12-20,Brazil,Kakinada,Wheat,Supramax,40215,72.65,682.11,98.25,44.05,71.54,45.47
2024-12-20,Russia,Paradip,Wheat,Capesize,113271,83.28,682.11,98.25,44.05,71.54,45.47
2024-12-20,Indonesia,Krishnapatnam,Bauxite,Panamax,44630,79.87,682.11,98.25,44.05,71.54,45.47
2024-12-21,Indonesia,Krishnapatnam,Bauxite,Panamax,41387,86.08,562.62,162.39,36.38,86.33,61.35
2024-12-21,Brazil,Krishnapatnam,Bauxite,Panamax,26089,87.53,562.62,162.39,36.38,86.33,61.35
2024-12-21,Indonesia,Visakhapatnam,Iron Ore,Panamax,37887,90.08,562.62,162.39,36.38,86.33,61.35
2024-12-21,Australia,Krishnapatnam,Fertilizer,Panamax,85659,85.58,562.62,162.39,36.38,86.33,61.35
2024-12-21,Russia,Visakhapatnam,Bauxite,Handysize,43206,80.61,562.62,162.39,36.38,86.33,61.35
2024-12-21,Indonesia,Visakhapatnam,Coal,Supramax,69938,83.6,562.62,162.39,36.38,86.33,61.35
2024-12-21,Brazil,Chennai,Wheat,Supramax,37639,80.35,562.62,162.39,36.38,86.33,61.35
2024-12-21,Brazil,Kakinada,Wheat,Handysize,99757,72.9,562.62,162.39,36.38,86.33,61.35
2024-12-22,Indonesia,Visakhapatnam,Coal,Panamax,66264,92.3,619.14,173.27,50.77,96.24,55.3
2024-12-22,Brazil,Chennai,Fertilizer,Handysize,96742,82.62,619.14,173.27,50.77,96.24,55.3
2024-12-22,Russia,Kakinada,Iron Ore,Handysize,107004,83.19,619.14,173.27,50.77,96.24,55.3
2024-12-22,Russia,Chennai,Fertilizer,Capesize,86592,94.18,619.14,173.27,50.77,96.24,55.3
2024-12-22,Australia,Chennai,Bauxite,Supramax,58222,84.09,619.14,173.27,50.77,96.24,55.3
2024-12-22,Brazil,Paradip,Wheat,Supramax,98485,81.27,619.14,173.27,50.77,96.24,55.3
2024-12-22,Indonesia,Chennai,Coal,Capesize,116081,94.55,619.14,173.27,50.77,96.24,55.3
2024-12-22,Indonesia,Paradip,Bauxite,Handysize,103150,84.41,619.14,173.27,50.77,96.24,55.3
2024-12-23,Russia,Kakinada,Coal,Capesize,47472,90.88,569.39,144.3,68.67,46.98,28.96
2024-12-23,South Africa,Kakinada,Fertilizer,Handymax,90387,77.12,569.39,144.3,68.67,46.98,28.96
2024-12-23,South Africa,Kakinada,Wheat,Panamax,51989,81.74,569.39,144.3,68.67,46.98,28.96
2024-12-23,Russia,Chennai,Fertilizer,Panamax,88322,84.34,569.39,144.3,68.67,46.98,28.96
2024-12-23,Australia,Kakinada,Bauxite,Capesize,60425,89.06,569.39,144.3,68.67,46.98,28.96
2024-12-23,Indonesia,Chennai,Iron Ore,Handymax,27764,78.17,569.39,144.3,68.67,46.98,28.96
2024-12-23,Brazil,Paradip,Iron Ore,Handymax,38013,80.29,569.39,144.3,68.67,46.98,28.96
2024-12-23,Brazil,Chennai,Iron Ore,Handymax,91796,80.23,569.39,144.3,68.67,46.98,28.96
2024-12-24,Russia,Paradip,Wheat,Handysize,39001,83.31,734.1,171.59,34.69,89.03,29.78
2024-12-24,Indonesia,Visakhapatnam,Bauxite,Supramax,102304,90.54,734.1,171.59,34.69,89.03,29.78
2024-12-24,Australia,Chennai,Coal,Capesize,42642,92.36,734.1,171.59,34.69,89.03,29.78
2024-12-24,Australia,Krishnapatnam,Fertilizer,Panamax,54111,89.61,734.1,171.59,34.69,89.03,29.78
2024-12-24,Australia,Paradip,Fertilizer,Supramax,71775,86.4,734.1,171.59,34.69,89.03,29.78
2024-12-24,Russia,Chennai,Fertilizer,Capesize,72994,93.14,734.1,171.59,34.69,89.03,29.78
2024-12-24,Australia,Paradip,Iron Ore,Capesize,35317,99.54,734.1,171.59,34.69,89.03,29.78
2024-12-24,Russia,Kakinada,Iron Ore,Handymax,21052,87.46,734.1,171.59,34.69,89.03,29.78
2024-12-25,Indonesia,Visakhapatnam,Wheat,Supramax,81466,81.47,569.66,141.68,58.64,50.85,24.88
2024-12-25,Indonesia,Chennai,Coal,Supramax,61067,80.66,569.66,141.68,58.64,50.85,24.88
2024-12-25,South Africa,Krishnapatnam,Iron Ore,Handysize,75405,77.78,569.66,141.68,58.64,50.85,24.88
2024-12-25,Brazil,Kakinada,Wheat,Capesize,88384,85.23,569.66,141.68,58.64,50.85,24.88
2024-12-25,South Africa,Paradip,Wheat,Handysize,86998,74.84,569.66,141.68,58.64,50.85,24.88
2024-12-25,South Africa,Chennai,Bauxite,Handysize,94460,79.66,569.66,141.68,58.64,50.85,24.88
2024-12-25,Australia,Kakinada,Iron Ore,Supramax,92433,86.75,569.66,141.68,58.64,50.85,24.88
2024-12-25,South Africa,Visakhapatnam,Coal,Handysize,86113,76.66,569.66,141.68,58.64,50.85,24.88
2024-12-26,Brazil,Kakinada,Iron Ore,Supramax,78501,92.17,737.36,178.48,46.26,83.73,57.74
2024-12-26,Australia,Krishnapatnam,Iron Ore,Panamax,57064,95.91,737.36,178.48,46.26,83.73,57.74
2024-12-26,Russia,Visakhapatnam,Bauxite,Panamax,55691,94.87,737.36,178.48,46.26,83.73,57.74
2024-12-26,Brazil,Paradip,Fertilizer,Panamax,67665,92.97,737.36,178.48,46.26,83.73,57.74
2024-12-26,Australia,Chennai,Fertilizer,Panamax,49903,87.68,737.36,178.48,46.26,83.73,57.74
2024-12-26,Brazil,Visakhapatnam,Bauxite,Handysize,110182,84.26,737.36,178.48,46.26,83.73,57.74
2024-12-26,Brazil,Chennai,Fertilizer,Supramax,88438,87.27,737.36,178.48,46.26,83.73,57.74
2024-12-26,Brazil,Kakinada,Fertilizer,Capesize,33241,95.54,737.36,178.48,46.26,83.73,57.74
2024-12-27,Indonesia,Chennai,Wheat,Supramax,58946,83.99,588.31,178.32,68.76,51.93,51.5
2024-12-27,South Africa,Chennai,Iron Ore,Capesize,114698,94.39,588.31,178.32,68.76,51.93,51.5
2024-12-27,South Africa,Paradip,Iron Ore,Handysize,98317,79.21,588.31,178.32,68.76,51.93,51.5
2024-12-27,Brazil,Paradip,Coal,Handysize,20329,79.94,588.31,178.32,68.76,51.93,51.5
2024-12-27,Indonesia,Paradip,Bauxite,Supramax,34822,84.08,588.31,178.32,68.76,51.93,51.5
2024-12-27,Indonesia,Krishnapatnam,Iron Ore,Handymax,45602,77.63,588.31,178.32,68.76,51.93,51.5
2024-12-27,Australia,Krishnapatnam,Bauxite,Handysize,28066,79.17,588.31,178.32,68.76,51.93,51.5
2024-12-27,Russia,Paradip,Iron Ore,Handymax,73750,81.41,588.31,178.32,68.76,51.93,51.5
2024-12-28,Indonesia,Chennai,Bauxite,Panamax,37650,88.28,579.33,168.84,41.48,84.53,43.64
2024-12-28,Russia,Paradip,Coal,Handysize,112460,80.22,579.33,168.84,41.48,84.53,43.64
2024-12-28,South Africa,Paradip,Coal,Capesize,87855,95.44,579.33,168.84,41.48,84.53,43.64
2024-12-28,Russia,Chennai,Bauxite,Supramax,89908,85.73,579.33,168.84,41.48,84.53,43.64
2024-12-28,South Africa,Kakinada,Coal,Panamax,73327,87.03,579.33,168.84,41.48,84.53,43.64
2024-12-28,Australia,Visakhapatnam,Fertilizer,Capesize,99035,89.86,579.33,168.84,41.48,84.53,43.64
2024-12-28,Indonesia,Krishnapatnam,Bauxite,Handymax,27234,78.3,579.33,168.84,41.48,84.53,43.64
2024-12-28,Brazil,Krishnapatnam,Bauxite,Handysize,60727,80.56,579.33,168.84,41.48,84.53,43.64
2024-12-29,Russia,Paradip,Iron Ore,Capesize,117891,90.87,649.04,130.34,44.14,83.55,53.42
2024-12-29,Indonesia,Chennai,Fertilizer,Panamax,31292,81.7,649.04,130.34,44.14,83.55,53.42
2024-12-29,Australia,Kakinada,Coal,Capesize,98055,91.83,649.04,130.34,44.14,83.55,53.42
2024-12-29,South Africa,Paradip,Iron Ore,Handysize,103595,79.98,649.04,130.34,44.14,83.55,53.42
2024-12-29,South Africa,Chennai,Wheat,Capesize,100308,90.44,649.04,130.34,44.14,83.55,53.42
2024-12-29,Brazil,Kakinada,Fertilizer,Supramax,95733,80.76,649.04,130.34,44.14,83.55,53.42
2024-12-29,Indonesia,Krishnapatnam,Wheat,Handymax,111572,79.03,649.04,130.34,44.14,83.55,53.42
2024-12-29,Russia,Visakhapatnam,Bauxite,Supramax,52558,84.62,649.04,130.34,44.14,83.55,53.42
2024-12-30,Australia,Paradip,Wheat,Capesize,89443,90.51,565.7,175.18,26.44,78.92,48.9
2024-12-30,Brazil,Visakhapatnam,Fertilizer,Handymax,24481,73.64,565.7,175.18,26.44,78.92,48.9
2024-12-30,Brazil,Krishnapatnam,Wheat,Handymax,54644,75.97,565.7,175.18,26.44,78.92,48.9
2024-12-30,Brazil,Kakinada,Coal,Handymax,78144,77.99,565.7,175.18,26.44,78.92,48.9
2024-12-30,South Africa,Krishnapatnam,Coal,Handysize,56512,75.18,565.7,175.18,26.44,78.92,48.9
2024-12-30,Australia,Kakinada,Iron Ore,Supramax,54907,81.22,565.7,175.18,26.44,78.92,48.9
2024-12-30,Russia,Krishnapatnam,Coal,Panamax,50766,87.64,565.7,175.18,26.44,78.92,48.9
2024-12-30,Australia,Paradip,Coal,Supramax,62773,77.22,565.7,175.18,26.44,78.92,48.9
2024-12-31,South Africa,Chennai,Fertilizer,Handymax,29108,74.12,690.36,117.3,47.72,73.63,63.32
2024-12-31,South Africa,Chennai,Iron Ore,Handymax,87730,80.97,690.36,117.3,47.72,73.63,63.32
2024-12-31,Indonesia,Paradip,Bauxite,Supramax,40442,81.5,690.36,117.3,47.72,73.63,63.32
2024-12-31,South Africa,Visakhapatnam,Iron Ore,Supramax,70951,82.82,690.36,117.3,47.72,73.63,63.32
2024-12-31,Australia,Kakinada,Iron Ore,Handymax,35586,76.63,690.36,117.3,47.72,73.63,63.32
2024-12-31,Brazil,Krishnapatnam,Bauxite,Handysize,63293,76.48,690.36,117.3,47.72,73.63,63.32
2024-12-31,Indonesia,Chennai,Wheat,Capesize,26772,82.45,690.36,117.3,47.72,73.63,63.32
2024-12-31,Indonesia,Paradip,Bauxite,Handymax,42246,76.55,690.36,117.3,47.72,73.63,63.32
2025-01-01,Indonesia,Kakinada,Coal,Handymax,29838,82.47,766.49,135.2,36.57,68.65,32.06
2025-01-01,Australia,Visakhapatnam,Wheat,Handymax,33341,80.87,766.49,135.2,36.57,68.65,32.06
2025-01-01,Indonesia,Kakinada,Coal,Handymax,42659,80.88,766.49,135.2,36.57,68.65,32.06
2025-01-01,Brazil,Krishnapatnam,Iron Ore,Panamax,100423,92.7,766.49,135.2,36.57,68.65,32.06
2025-01-01,Indonesia,Paradip,Iron Ore,Handymax,27420,84.89,766.49,135.2,36.57,68.65,32.06
2025-01-01,Indonesia,Kakinada,Coal,Handysize,104733,84.4,766.49,135.2,36.57,68.65,32.06
2025-01-01,Brazil,Visakhapatnam,Wheat,Handymax,108585,79.04,766.49,135.2,36.57,68.65,32.06
2025-01-01,South Africa,Paradip,Fertilizer,Panamax,90531,88.2,766.49,135.2,36.57,68.65,32.06
2025-01-02,Australia,Kakinada,Bauxite,Handymax,58700,80.98,668.89,151.84,35.39,73.87,82.37
2025-01-02,South Africa,Krishnapatnam,Wheat,Handymax,89311,79.78,668.89,151.84,35.39,73.87,82.37
2025-01-02,Russia,Paradip,Wheat,Handymax,52611,79.38,668.89,151.84,35.39,73.87,82.37
2025-01-02,Brazil,Kakinada,Bauxite,Handymax,36825,79.07,668.89,151.84,35.39,73.87,82.37
2025-01-02,South Africa,Chennai,Fertilizer,Capesize,79000,90.51,668.89,151.84,35.39,73.87,82.37
2025-01-02,Australia,Paradip,Iron Ore,Supramax,20308,80.98,668.89,151.84,35.39,73.87,82.37
2025-01-02,Russia,Paradip,Coal,Capesize,35195,90.12,668.89,151.84,35.39,73.87,82.37
2025-01-02,South Africa,Kakinada,Wheat,Panamax,71539,83.39,668.89,151.84,35.39,73.87,82.37
2025-01-03,South Africa,Visakhapatnam,Bauxite,Panamax,114357,90.67,784.91,116.91,36.75,72.19,42.69
2025-01-03,Australia,Paradip,Fertilizer,Supramax,47476,81.82,784.91,116.91,36.75,72.19,42.69
2025-01-03,Russia,Paradip,Bauxite,Handysize,99114,79.71,784.91,116.91,36.75,72.19,42.69
2025-01-03,Russia,Krishnapatnam,Fertilizer,Supramax,75076,81.36,784.91,116.91,36.75,72.19,42.69
2025-01-03,Russia,Kakinada,Iron Ore,Supramax,102654,89.42,784.91,116.91,36.75,72.19,42.69
2025-01-03,South Africa,Kakinada,Fertilizer,Handymax,46359,81.18,784.91,116.91,36.75,72.19,42.69
2025-01-03,Brazil,Visakhapatnam,Iron Ore,Handysize,23664,81.55,784.91,116.91,36.75,72.19,42.69
2025-01-03,Indonesia,Chennai,Coal,Handysize,90945,78.99,784.91,116.91,36.75,72.19,42.69
2025-01-04,South Africa,Kakinada,Iron Ore,Handysize,83903,76.36,507.04,127.26,23.16,71.38,75.28
2025-01-04,Indonesia,Visakhapatnam,Fertilizer,Handysize,104572,69.63,507.04,127.26,23.16,71.38,75.28
2025-01-04,Russia,Kakinada,Wheat,Capesize,64906,78.85,507.04,127.26,23.16,71.38,75.28
2025-01-04,South Africa,Kakinada,Iron Ore,Handymax,118531,77.63,507.04,127.26,23.16,71.38,75.28
2025-01-04,Brazil,Paradip,Bauxite,Capesize,79469,86.41,507.04,127.26,23.16,71.38,75.28
2025-01-04,Indonesia,Visakhapatnam,Bauxite,Handysize,44267,70.91,507.04,127.26,23.16,71.38,75.28
2025-01-04,South Africa,Chennai,Coal,Handymax,118314,72.2,507.04,127.26,23.16,71.38,75.28
2025-01-04,South Africa,Chennai,Bauxite,Capesize,89065,88.19,507.04,127.26,23.16,71.38,75.28
2025-01-05,Indonesia,Chennai,Iron Ore,Supramax,59833,76.48,500.44,153.61,37.1,65.64,86.32
2025-01-05,Australia,Visakhapatnam,Iron Ore,Capesize,41640,86.07,500.44,153.61,37.1,65.64,86.32
2025-01-05,Brazil,Chennai,Wheat,Panamax,77272,78.57,500.44,153.61,37.1,65.64,86.32
2025-01-05,South Africa,Chennai,Coal,Panamax,112117,75.53,500.44,153.61,37.1,65.64,86.32
2025-01-05,Australia,Paradip,Wheat,Handymax,41009,65.94,500.44,153.61,37.1,65.64,86.32
2025-01-05,Australia,Krishnapatnam,Bauxite,Handymax,107633,76.52,500.44,153.61,37.1,65.64,86.32
2025-01-05,South Africa,Visakhapatnam,Fertilizer,Handysize,68555,68.06,500.44,153.61,37.1,65.64,86.32
2025-01-05,Indonesia,Chennai,Bauxite,Panamax,67531,82.19,500.44,153.61,37.1,65.64,86.32
2025-01-06,Indonesia,Paradip,Wheat,Handymax,115896,75.44,593.2,144.68,32.4,61.43,60.83
2025-01-06,Australia,Kakinada,Iron Ore,Handysize,97704,76.9,593.2,144.68,32.4,61.43,60.83
2025-01-06,Russia,Krishnapatnam,Iron Ore,Panamax,110853,87.21,593.2,144.68,32.4,61.43,60.83
2025-01-06,Russia,Visakhapatnam,Wheat,Capesize,99139,87.12,593.2,144.68,32.4,61.43,60.83
2025-01-06,Russia,Chennai,Coal,Panamax,56449,83.09,593.2,144.68,32.4,61.43,60.83
2025-01-06,Brazil,Chennai,Fertilizer,Panamax,45062,80.91,593.2,144.68,32.4,61.43,60.83
2025-01-06,South Africa,Visakhapatnam,Iron Ore,Supramax,60907,80.31,593.2,144.68,32.4,61.43,60.83
2025-01-06,South Africa,Chennai,Iron Ore,Handysize,103329,78.24,593.2,144.68,32.4,61.43,60.83
2025-01-07,Indonesia,Visakhapatnam,Wheat,Supramax,26190,82.56,702.35,121.97,47.37,95.44,58.4
2025-01-07,Australia,Chennai,Iron Ore,Panamax,32747,91.25,702.35,121.97,47.37,95.44,58.4
2025-01-07,Australia,Chennai,Fertilizer,Capesize,67561,90.81,702.35,121.97,47.37,95.44,58.4
2025-01-07,Brazil,Chennai,Bauxite,Handysize,56881,82.25,702.35,121.97,47.37,95.44,58.4
2025-01-07,South Africa,Chennai,Bauxite,Capesize,64934,95.8,702.35,121.97,47.37,95.44,58.4
2025-01-07,Indonesia,Kakinada,Coal,Handymax,74101,85.56,702.35,121.97,47.37,95.44,58.4
2025-01-07,Indonesia,Kakinada,Fertilizer,Capesize,61128,92.2,702.35,121.97,47.37,95.44,58.4
2025-01-07,South Africa,Chennai,Iron Ore,Panamax,77902,92.38,702.35,121.97,47.37,95.44,58.4
2025-01-08,South Africa,Paradip,Iron Ore,Capesize,109817,104.85,799.36,157.03,53.79,75.4,66.13
2025-01-08,Indonesia,Visakhapatnam,Fertilizer,Capesize,112855,94.43,799.36,157.03,53.79,75.4,66.13
2025-01-08,Brazil,Kakinada,Bauxite,Handymax,92693,86.31,799.36,157.03,53.79,75.4,66.13
2025-01-08,Indonesia,Visakhapatnam,Fertilizer,Supramax,51033,86.43,799.36,157.03,53.79,75.4,66.13
2025-01-08,Russia,Visakhapatnam,Fertilizer,Handymax,26553,78.97,799.36,157.03,53.79,75.4,66.13
2025-01-08,South Africa,Krishnapatnam,Bauxite,Capesize,37235,92.85,799.36,157.03,53.79,75.4,66.13
2025-01-08,Indonesia,Krishnapatnam,Iron Ore,Handysize,50657,87.6,799.36,157.03,53.79,75.4,66.13
2025-01-08,Russia,Kakinada,Fertilizer,Handysize,108114,81.82,799.36,157.03,53.79,75.4,66.13
2025-01-09,Russia,Kakinada,Wheat,Handymax,112672,82.87,738.26,152.01,45.7,81.97,50.85
2025-01-09,Russia,Paradip,Wheat,Handymax,104438,83.39,738.26,152.01,45.7,81.97,50.85
2025-01-09,Australia,Paradip,Wheat,Panamax,21797,90.5,738.26,152.01,45.7,81.97,50.85
2025-01-09,South Africa,Paradip,Coal,Handysize,66611,80.97,738.26,152.01,45.7,81.97,50.85
2025-01-09,South Africa,Paradip,Fertilizer,Handysize,94881,81.66,738.26,152.01,45.7,81.97,50.85
2025-01-09,South Africa,Kakinada,Iron Ore,Panamax,119227,95.51,738.26,152.01,45.7,81.97,50.85
2025-01-09,South Africa,Paradip,Wheat,Handysize,53094,81.49,738.26,152.01,45.7,81.97,50.85
2025-01-09,Brazil,Krishnapatnam,Bauxite,Handymax,96676,87.77,738.26,152.01,45.7,81.97,50.85
2025-01-10,South Africa,Kakinada,Iron Ore,Panamax,107207,95.23,835.76,140.61,51.64,78.03,68.98
2025-01-10,South Africa,Visakhapatnam,Fertilizer,Handysize,64014,79.81,835.76,140.61,51.64,78.03,68.98
2025-01-10,South Africa,Krishnapatnam,Fertilizer,Handymax,119977,84.62,835.76,140.61,51.64,78.03,68.98
2025-01-10,Brazil,Kakinada,Coal,Capesize,42954,95.03,835.76,140.61,51.64,78.03,68.98
2025-01-10,Indonesia,Chennai,Iron Ore,Capesize,103857,96.2,835.76,140.61,51.64,78.03,68.98
2025-01-10,Russia,Kakinada,Wheat,Handymax,20418,86.31,835.76,140.61,51.64,78.03,68.98
2025-01-10,Brazil,Krishnapatnam,Iron Ore,Supramax,69690,90.75,835.76,140.61,51.64,78.03,68.98
2025-01-10,Australia,Kakinada,Iron Ore,Handymax,112179,88.39,835.76,140.61,51.64,78.03,68.98
2025-01-11,Russia,Kakinada,Bauxite,Panamax,75142,87.56,663.9,125.76,60.56,68.1,29.54
2025-01-11,Russia,Paradip,Wheat,Handymax,43187,80.35,663.9,125.76,60.56,68.1,29.54
2025-01-11,Australia,Chennai,Bauxite,Supramax,22215,86.79,663.9,125.76,60.56,68.1,29.54
2025-01-11,Australia,Visakhapatnam,Iron Ore,Capesize,72137,93.56,663.9,125.76,60.56,68.1,29.54
2025-01-11,Brazil,Krishnapatnam,Bauxite,Capesize,80816,95.27,663.9,125.76,60.56,68.1,29.54
2025-01-11,Indonesia,Krishnapatnam,Wheat,Panamax,21615,86.64,663.9,125.76,60.56,68.1,29.54
2025-01-11,Russia,Visakhapatnam,Wheat,Capesize,117360,89.08,663.9,125.76,60.56,68.1,29.54
2025-01-11,South Africa,Krishnapatnam,Iron Ore,Capesize,49171,94.08,663.9,125.76,60.56,68.1,29.54
2025-01-12,Russia,Chennai,Fertilizer,Supramax,55166,88.65,830.37,149.63,35.13,70.98,40.5
2025-01-12,Russia,Kakinada,Bauxite,Handysize,65580,85.95,830.37,149.63,35.13,70.98,40.5
2025-01-12,Russia,Kakinada,Iron Ore,Capesize,63281,99.27,830.37,149.63,35.13,70.98,40.5
2025-01-12,Australia,Visakhapatnam,Coal,Handymax,71769,88.38,830.37,149.63,35.13,70.98,40.5
2025-01-12,Russia,Chennai,Fertilizer,Supramax,73006,89.07,830.37,149.63,35.13,70.98,40.5
2025-01-12,Indonesia,Chennai,Coal,Handysize,85674,82.26,830.37,149.63,35.13,70.98,40.5
2025-01-12,Brazil,Krishnapatnam,Bauxite,Handymax,100069,90.02,830.37,149.63,35.13,70.98,40.5
2025-01-12,Brazil,Chennai,Coal,Handysize,37753,83.54,830.37,149.63,35.13,70.98,40.5
2025-01-13,Brazil,Visakhapatnam,Fertilizer,Panamax,56533,88.05,654.74,95.46,70.09,91.22,54.98
2025-01-13,South Africa,Chennai,Fertilizer,Handysize,66402,80.66,654.74,95.46,70.09,91.22,54.98
2025-01-13,Indonesia,Krishnapatnam,Bauxite,Panamax,31018,84.22,654.74,95.46,70.09,91.22,54.98
2025-01-13,Brazil,Chennai,Fertilizer,Supramax,34143,80.44,654.74,95.46,70.09,91.22,54.98
2025-01-13,Australia,Visakhapatnam,Fertilizer,Supramax,60954,84.08,654.74,95.46,70.09,91.22,54.98
2025-01-13,Brazil,Krishnapatnam,Iron Ore,Capesize,91165,95.56,654.74,95.46,70.09,91.22,54.98
2025-01-13,Russia,Krishnapatnam,Wheat,Handysize,72480,78.31,654.74,95.46,70.09,91.22,54.98
2025-01-13,Russia,Krishnapatnam,Fertilizer,Panamax,71315,86.82,654.74,95.46,70.09,91.22,54.98
2025-01-14,Brazil,Visakhapatnam,Fertilizer,Capesize,73927,81.74,611.78,85.61,23.16,88.03,53.33
2025-01-14,South Africa,Krishnapatnam,Coal,Supramax,77819,84.12,611.78,85.61,23.16,88.03,53.33
2025-01-14,Indonesia,Chennai,Fertilizer,Supramax,74199,81.28,611.78,85.61,23.16,88.03,53.33
2025-01-14,Russia,Kakinada,Iron Ore,Handysize,38798,74.42,611.78,85.61,23.16,88.03,53.33
2025-01-14,Brazil,Krishnapatnam,Wheat,Panamax,81333,76.22,611.78,85.61,23.16,88.03,53.33
2025-01-14,South Africa,Krishnapatnam,Wheat,Supramax,36761,75.15,611.78,85.61,23.16,88.03,53.33
2025-01-14,South Africa,Kakinada,Iron Ore,Capesize,80490,85.91,611.78,85.61,23.16,88.03,53.33
2025-01-14,Australia,Chennai,Iron Ore,Capesize,116296,88.75,611.78,85.61,23.16,88.03,53.33
2025-01-15,Russia,Kakinada,Bauxite,Handysize,112706,85.04,682.59,132.46,76.54,97.46,59.68
2025-01-15,Russia,Krishnapatnam,Wheat,Handysize,33720,81.83,682.59,132.46,76.54,97.46,59.68
2025-01-15,South Africa,Kakinada,Bauxite,Panamax,28066,94.02,682.59,132.46,76.54,97.46,59.68
2025-01-15,South Africa,Kakinada,Iron Ore,Capesize,28450,96.5,682.59,132.46,76.54,97.46,59.68
2025-01-15,Russia,Paradip,Wheat,Capesize,20015,90.76,682.59,132.46,76.54,97.46,59.68
2025-01-15,Russia,Krishnapatnam,Coal,Panamax,42537,91.38,682.59,132.46,76.54,97.46,59.68
2025-01-15,South Africa,Chennai,Fertilizer,Panamax,20011,94.39,682.59,132.46,76.54,97.46,59.68
2025-01-15,Russia,Chennai,Bauxite,Capesize,31294,97.11,682.59,132.46,76.54,97.46,59.68
2025-01-16,Brazil,Chennai,Coal,Panamax,105430,84.23,580.8,104.84,25.59,95.75,51.19
2025-01-16,Russia,Visakhapatnam,Coal,Panamax,39780,85.41,580.8,104.84,25.59,95.75,51.19
2025-01-16,South Africa,Visakhapatnam,Coal,Panamax,28555,83.16,580.8,104.84,25.59,95.75,51.19
2025-01-16,Russia,Chennai,Iron Ore,Supramax,113228,86.92,580.8,104.84,25.59,95.75,51.19
2025-01-16,Brazil,Visakhapatnam,Coal,Capesize,102803,90.44,580.8,104.84,25.59,95.75,51.19
2025-01-16,Russia,Paradip,Fertilizer,Supramax,100221,82.76,580.8,104.84,25.59,95.75,51.19
2025-01-16,Russia,Krishnapatnam,Iron Ore,Handysize,75840,80.18,580.8,104.84,25.59,95.75,51.19
2025-01-16,Brazil,Chennai,Iron Ore,Handymax,101301,76.61,580.8,104.84,25.59,95.75,51.19
2025-01-17,South Africa,Chennai,Wheat,Handymax,114453,81.96,654.09,171.42,20.81,83.84,50.58
2025-01-17,South Africa,Krishnapatnam,Bauxite,Panamax,99527,93.23,654.09,171.42,20.81,83.84,50.58
2025-01-17,Russia,Paradip,Iron Ore,Panamax,42539,92.08,654.09,171.42,20.81,83.84,50.58
2025-01-17,Australia,Chennai,Fertilizer,Handymax,84156,85.57,654.09,171.42,20.81,83.84,50.58
2025-01-17,Australia,Chennai,Iron Ore,Panamax,65967,92.7,654.09,171.42,20.81,83.84,50.58
2025-01-17,Indonesia,Kakinada,Wheat,Capesize,38202,90.41,654.09,171.42,20.81,83.84,50.58
2025-01-17,Russia,Kakinada,Wheat,Capesize,67515,94.63,654.09,171.42,20.81,83.84,50.58
2025-01-17,Russia,Kakinada,Wheat,Capesize,43070,91.79,654.09,171.42,20.81,83.84,50.58
2025-01-18,Indonesia,Kakinada,Coal,Handysize,49943,80.63,773.36,100.5,75.17,66.3,72.58
2025-01-18,South Africa,Krishnapatnam,Iron Ore,Panamax,30709,88.21,773.36,100.5,75.17,66.3,72.58
2025-01-18,Brazil,Krishnapatnam,Wheat,Handymax,105782,82.86,773.36,100.5,75.17,66.3,72.58
2025-01-18,Australia,Kakinada,Wheat,Handymax,96164,77.26,773.36,100.5,75.17,66.3,72.58
2025-01-18,Russia,Kakinada,Coal,Handymax,49432,79.49,773.36,100.5,75.17,66.3,72.58
2025-01-18,Russia,Krishnapatnam,Iron Ore,Supramax,80198,89.04,773.36,100.5,75.17,66.3,72.58
2025-01-18,South Africa,Visakhapatnam,Iron Ore,Supramax,50384,87.12,773.36,100.5,75.17,66.3,72.58
2025-01-18,South Africa,Chennai,Fertilizer,Handysize,56379,77.51,773.36,100.5,75.17,66.3,72.58
2025-01-19,Brazil,Paradip,Fertilizer,Panamax,115157,82.98,636.86,87.95,44.92,77.04,70.44
2025-01-19,South Africa,Krishnapatnam,Bauxite,Supramax,50173,77.73,636.86,87.95,44.92,77.04,70.44
2025-01-19,Australia,Chennai,Fertilizer,Panamax,86119,82.43,636.86,87.95,44.92,77.04,70.44
2025-01-19,Australia,Krishnapatnam,Fertilizer,Capesize,20901,81.47,636.86,87.95,44.92,77.04,70.44
2025-01-19,Russia,Visakhapatnam,Iron Ore,Supramax,45191,80.08,636.86,87.95,44.92,77.04,70.44
2025-01-19,South Africa,Kakinada,Wheat,Handysize,105309,70.67,636.86,87.95,44.92,77.04,70.44
2025-01-19,Indonesia,Visakhapatnam,Wheat,Capesize,48836,87.7,636.86,87.95,44.92,77.04,70.44
2025-01-19,Brazil,Visakhapatnam,Wheat,Capesize,40835,80.63,636.86,87.95,44.92,77.04,70.44
2025-01-20,Brazil,Paradip,Iron Ore,Handysize,91124,87.75,803.68,160.16,33.35,55.74,41.39
2025-01-20,South Africa,Chennai,Fertilizer,Supramax,22213,86.18,803.68,160.16,33.35,55.74,41.39
2025-01-20,South Africa,Paradip,Wheat,Handymax,79399,83.13,803.68,160.16,33.35,55.74,41.39
2025-01-20,Indonesia,Kakinada,Wheat,Capesize,95173,90.75,803.68,160.16,33.35,55.74,41.39
2025-01-20,South Africa,Visakhapatnam,Coal,Handymax,63908,85.06,803.68,160.16,33.35,55.74,41.39
2025-01-20,Brazil,Chennai,Bauxite,Panamax,76246,89.39,803.68,160.16,33.35,55.74,41.39
2025-01-20,Russia,Visakhapatnam,Fertilizer,Capesize,21365,90.75,803.68,160.16,33.35,55.74,41.39
2025-01-20,Indonesia,Paradip,Fertilizer,Capesize,58413,93.83,803.68,160.16,33.35,55.74,41.39
2025-01-21,Brazil,Visakhapatnam,Coal,Handymax,71536,89.9,746.45,159.82,53.27,77.64,47.21
2025-01-21,Indonesia,Paradip,Fertilizer,Handysize,77996,87.58,746.45,159.82,53.27,77.64,47.21
2025-01-21,Australia,Visakhapatnam,Coal,Handymax,26228,85.18,746.45,159.82,53.27,77.64,47.21
2025-01-21,Australia,Visakhapatnam,Wheat,Supramax,52958,86.95,746.45,159.82,53.27,77.64,47.21
2025-01-21,Indonesia,Paradip,Iron Ore,Capesize,44833,96.98,746.45,159.82,53.27,77.64,47.21
2025-01-21,Indonesia,Krishnapatnam,Wheat,Handysize,85457,82.58,746.45,159.82,53.27,77.64,47.21
2025-01-21,Indonesia,Paradip,Fertilizer,Panamax,62020,93.0,746.45,159.82,53.27,77.64,47.21
2025-01-21,Australia,Krishnapatnam,Iron Ore,Panamax,116435,95.54,746.45,159.82,53.27,77.64,47.21
2025-01-22,Brazil,Paradip,Wheat,Capesize,87194,89.52,702.91,145.31,52.16,93.85,61.12
2025-01-22,Brazil,Paradip,Wheat,Supramax,20635,82.07,702.91,145.31,52.16,93.85,61.12
2025-01-22,Indonesia,Krishnapatnam,Iron Ore,Panamax,104264,100.34,702.91,145.31,52.16,93.85,61.12
2025-01-22,Brazil,Kakinada,Coal,Handysize,31660,82.48,702.91,145.31,52.16,93.85,61.12
2025-01-22,Russia,Kakinada,Iron Ore,Handymax,67645,88.19,702.91,145.31,52.16,93.85,61.12
2025-01-22,Russia,Paradip,Wheat,Supramax,83409,87.33,702.91,145.31,52.16,93.85,61.12
2025-01-22,Indonesia,Visakhapatnam,Fertilizer,Panamax,81799,90.8,702.91,145.31,52.16,93.85,61.12
2025-01-22,Brazil,Paradip,Bauxite,Handysize,73792,88.47,702.91,145.31,52.16,93.85,61.12
2025-01-23,Australia,Kakinada,Bauxite,Handysize,106022,79.5,614.64,146.49,57.68,61.07,34.74
2025-01-23,Indonesia,Paradip,Iron Ore,Handymax,78367,84.04,614.64,146.49,57.68,61.07,34.74
2025-01-23,Australia,Kakinada,Coal,Handysize,92402,79.16,614.64,146.49,57.68,61.07,34.74
2025-01-23,Russia,Krishnapatnam,Bauxite,Handymax,113323,84.62,614.64,146.49,57.68,61.07,34.74
2025-01-23,Australia,Chennai,Bauxite,Supramax,118548,87.57,614.64,146.49,57.68,61.07,34.74
2025-01-23,Russia,Kakinada,Coal,Handymax,114380,77.98,614.64,146.49,57.68,61.07,34.74
2025-01-23,Australia,Kakinada,Iron Ore,Capesize,87490,95.37,614.64,146.49,57.68,61.07,34.74
2025-01-23,Australia,Visakhapatnam,Bauxite,Supramax,67518,90.24,614.64,146.49,57.68,61.07,34.74
2025-01-24,Brazil,Krishnapatnam,Coal,Handysize,117014,76.2,611.73,138.29,44.35,67.47,50.18
2025-01-24,South Africa,Visakhapatnam,Bauxite,Panamax,86719,89.7,611.73,138.29,44.35,67.47,50.18
2025-01-24,Indonesia,Kakinada,Bauxite,Handysize,29353,78.55,611.73,138.29,44.35,67.47,50.18
2025-01-24,South Africa,Chennai,Coal,Handysize,119137,78.16,611.73,138.29,44.35,67.47,50.18
2025-01-24,Russia,Visakhapatnam,Coal,Handysize,33544,75.43,611.73,138.29,44.35,67.47,50.18
2025-01-24,Indonesia,Visakhapatnam,Coal,Supramax,40410,84.11,611.73,138.29,44.35,67.47,50.18
2025-01-24,Australia,Krishnapatnam,Bauxite,Handymax,47440,79.86,611.73,138.29,44.35,67.47,50.18
2025-01-24,Australia,Paradip,Fertilizer,Capesize,110856,90.7,611.73,138.29,44.35,67.47,50.18
2025-01-25,Indonesia,Kakinada,Coal,Handymax,45910,81.06,721.55,173.78,59.72,50.33,74.07
2025-01-25,Australia,Chennai,Coal,Handymax,95891,83.61,721.55,173.78,59.72,50.33,74.07
2025-01-25,South Africa,Krishnapatnam,Fertilizer,Handysize,70295,77.69,721.55,173.78,59.72,50.33,74.07
2025-01-25,Indonesia,Krishnapatnam,Coal,Panamax,69990,87.99,721.55,173.78,59.72,50.33,74.07
2025-01-25,Indonesia,Kakinada,Fertilizer,Capesize,22209,87.73,721.55,173.78,59.72,50.33,74.07
2025-01-25,Brazil,Krishnapatnam,Coal,Panamax,80675,89.63,721.55,173.78,59.72,50.33,74.07
2025-01-25,Russia,Visakhapatnam,Iron Ore,Panamax,40529,92.47,721.55,173.78,59.72,50.33,74.07
2025-01-25,Australia,Visakhapatnam,Bauxite,Handysize,31989,77.29,721.55,173.78,59.72,50.33,74.07
2025-01-26,Brazil,Visakhapatnam,Iron Ore,Supramax,100991,90.4,814.25,152.44,39.6,76.67,54.55
2025-01-26,Brazil,Visakhapatnam,Wheat,Handysize,90599,84.04,814.25,152.44,39.6,76.67,54.55
2025-01-26,Brazil,Chennai,Wheat,Panamax,20661,85.9,814.25,152.44,39.6,76.67,54.55
2025-01-26,Brazil,Paradip,Fertilizer,Panamax,70165,93.69,814.25,152.44,39.6,76.67,54.55
2025-01-26,Indonesia,Krishnapatnam,Wheat,Supramax,33657,81.02,814.25,152.44,39.6,76.67,54.55
2025-01-26,Brazil,Kakinada,Iron Ore,Supramax,95095,93.82,814.25,152.44,39.6,76.67,54.55
2025-01-26,South Africa,Visakhapatnam,Wheat,Handysize,89379,83.74,814.25,152.44,39.6,76.67,54.55
2025-01-26,Australia,Paradip,Coal,Capesize,61699,96.59,814.25,152.44,39.6,76.67,54.55
2025-01-27,Indonesia,Visakhapatnam,Fertilizer,Supramax,84152,83.44,685.51,83.25,54.08,100.0,43.74
2025-01-27,Indonesia,Paradip,Bauxite,Capesize,41547,91.32,685.51,83.25,54.08,100.0,43.74
2025-01-27,Australia,Kakinada,Fertilizer,Handysize,71108,79.16,685.51,83.25,54.08,100.0,43.74
2025-01-27,Russia,Kakinada,Iron Ore,Handysize,30007,78.48,685.51,83.25,54.08,100.0,43.74
2025-01-27,Russia,Visakhapatnam,Coal,Handysize,47947,79.92,685.51,83.25,54.08,100.0,43.74
2025-01-27,Brazil,Paradip,Bauxite,Handymax,27747,80.23,685.51,83.25,54.08,100.0,43.74
2025-01-27,Australia,Krishnapatnam,Wheat,Capesize,83409,87.99,685.51,83.25,54.08,100.0,43.74
2025-01-27,Australia,Krishnapatnam,Wheat,Panamax,43999,84.3,685.51,83.25,54.08,100.0,43.74
2025-01-28,South Africa,Kakinada,Iron Ore,Supramax,53246,90.07,789.73,137.26,32.32,91.72,65.97
2025-01-28,South Africa,Krishnapatnam,Wheat,Supramax,119851,90.06,789.73,137.26,32.32,91.72,65.97
2025-01-28,Indonesia,Krishnapatnam,Wheat,Panamax,101986,88.08,789.73,137.26,32.32,91.72,65.97
2025-01-28,Russia,Krishnapatnam,Fertilizer,Supramax,36403,87.63,789.73,137.26,32.32,91.72,65.97
2025-01-28,South Africa,Chennai,Coal,Capesize,86393,96.83,789.73,137.26,32.32,91.72,65.97
2025-01-28,Australia,Paradip,Fertilizer,Capesize,47011,95.81,789.73,137.26,32.32,91.72,65.97
2025-01-28,Indonesia,Kakinada,Fertilizer,Capesize,112021,95.83,789.73,137.26,32.32,91.72,65.97
2025-01-28,Australia,Krishnapatnam,Coal,Handymax,79024,82.54,789.73,137.26,32.32,91.72,65.97
2025-01-29,Indonesia,Paradip,Wheat,Handymax,92111,74.82,763.49,109.95,21.67,66.14,63.04
2025-01-29,South Africa,Chennai,Wheat,Capesize,116137,88.1,763.49,109.95,21.67,66.14,63.04
2025-01-29,Russia,Kakinada,Wheat,Supramax,119957,81.05,763.49,109.95,21.67,66.14,63.04
2025-01-29,Indonesia,Kakinada,Iron Ore,Handysize,115832,82.77,763.49,109.95,21.67,66.14,63.04
2025-01-29,Australia,Kakinada,Wheat,Handysize,107785,74.99,763.49,109.95,21.67,66.14,63.04
2025-01-29,Russia,Krishnapatnam,Coal,Panamax,67678,81.58,763.49,109.95,21.67,66.14,63.04
2025-01-29,South Africa,Krishnapatnam,Coal,Panamax,82176,82.52,763.49,109.95,21.67,66.14,63.04
2025-01-29,Indonesia,Krishnapatnam,Coal,Handysize,109668,74.33,763.49,109.95,21.67,66.14,63.04
2025-01-30,South Africa,Krishnapatnam,Wheat,Supramax,50556,77.32,590.71,100.1,54.52,62.02,34.43
2025-01-30,Russia,Krishnapatnam,Fertilizer,Supramax,66662,77.84,590.71,100.1,54.52,62.02,34.43
2025-01-30,Brazil,Visakhapatnam,Bauxite,Capesize,76364,88.37,590.71,100.1,54.52,62.02,34.43
2025-01-30,Brazil,Krishnapatnam,Wheat,Supramax,53428,79.34,590.71,100.1,54.52,62.02,34.43
2025-01-30,Indonesia,Visakhapatnam,Iron Ore,Handymax,41716,81.13,590.71,100.1,54.52,62.02,34.43
2025-01-30,Australia,Krishnapatnam,Wheat,Handymax,31279,78.86,590.71,100.1,54.52,62.02,34.43
2025-01-30,South Africa,Chennai,Iron Ore,Handysize,111689,75.6,590.71,100.1,54.52,62.02,34.43
2025-01-30,Australia,Paradip,Fertilizer,Supramax,46965,79.88,590.71,100.1,54.52,62.02,34.43
2025-01-31,Russia,Visakhapatnam,Fertilizer,Supramax,23866,80.92,660.8,155.39,55.56,60.03,56.48
2025-01-31,South Africa,Visakhapatnam,Bauxite,Handymax,114598,88.05,660.8,155.39,55.56,60.03,56.48
2025-01-31,Russia,Krishnapatnam,Bauxite,Supramax,37886,84.55,660.8,155.39,55.56,60.03,56.48
2025-01-31,Brazil,Visakhapatnam,Fertilizer,Panamax,60519,87.49,660.8,155.39,55.56,60.03,56.48
2025-01-31,South Africa,Visakhapatnam,Iron Ore,Handymax,103989,83.83,660.8,155.39,55.56,60.03,56.48
2025-01-31,Brazil,Krishnapatnam,Coal,Handysize,89578,78.91,660.8,155.39,55.56,60.03,56.48
2025-01-31,Brazil,Kakinada,Bauxite,Handymax,114957,85.99,660.8,155.39,55.56,60.03,56.48
2025-01-31,Russia,Krishnapatnam,Coal,Supramax,113904,83.28,660.8,155.39,55.56,60.03,56.48
2025-02-01,Russia,Visakhapatnam,Iron Ore,Panamax,92564,98.74,776.41,168.14,21.42,72.36,37.41
2025-02-01,Australia,Paradip,Fertilizer,Handysize,87558,84.82,776.41,168.14,21.42,72.36,37.41
2025-02-01,Brazil,Visakhapatnam,Iron Ore,Handysize,26428,84.2,776.41,168.14,21.42,72.36,37.41
2025-02-01,Australia,Krishnapatnam,Fertilizer,Panamax,45956,95.0,776.41,168.14,21.42,72.36,37.41
2025-02-01,Brazil,Kakinada,Wheat,Handymax,72016,84.75,776.41,168.14,21.42,72.36,37.41
2025-02-01,Indonesia,Visakhapatnam,Iron Ore,Handymax,95462,91.66,776.41,168.14,21.42,72.36,37.41
2025-02-01,Brazil,Kakinada,Bauxite,Panamax,89869,92.27,776.41,168.14,21.42,72.36,37.41
2025-02-01,Indonesia,Kakinada,Iron Ore,Capesize,79015,100.67,776.41,168.14,21.42,72.36,37.41
2025-02-02,South Africa,Kakinada,Coal,Handymax,92111,84.91,761.02,102.86,51.41,59.2,40.16
2025-02-02,Russia,Visakhapatnam,Iron Ore,Handymax,37928,81.28,761.02,102.86,51.41,59.2,40.16
2025-02-02,Indonesia,Visakhapatnam,Bauxite,Capesize,86986,92.42,761.02,102.86,51.41,59.2,40.16
2025-02-02,Australia,Visakhapatnam,Wheat,Supramax,91384,80.47,761.02,102.86,51.41,59.2,40.16
2025-02-02,South Africa,Kakinada,Coal,Panamax,112154,88.21,761.02,102.86,51.41,59.2,40.16
2025-02-02,Australia,Chennai,Fertilizer,Capesize,75463,90.87,761.02,102.86,51.41,59.2,40.16
2025-02-02,Russia,Kakinada,Fertilizer,Capesize,91129,91.19,761.02,102.86,51.41,59.2,40.16
2025-02-02,South Africa,Visakhapatnam,Bauxite,Supramax,38580,89.44,761.02,102.86,51.41,59.2,40.16
2025-02-03,Russia,Paradip,Coal,Capesize,27353,93.47,649.85,181.97,62.23,52.38,62.6
2025-02-03,South Africa,Paradip,Fertilizer,Handysize,110198,80.04,649.85,181.97,62.23,52.38,62.6
2025-02-03,South Africa,Paradip,Iron Ore,Handymax,56146,81.93,649.85,181.97,62.23,52.38,62.6
2025-02-03,South Africa,Paradip,Fertilizer,Supramax,97304,90.68,649.85,181.97,62.23,52.38,62.6
2025-02-03,Brazil,Krishnapatnam,Coal,Supramax,48478,90.72,649.85,181.97,62.23,52.38,62.6
2025-02-03,Russia,Visakhapatnam,Bauxite,Capesize,108143,95.93,649.85,181.97,62.23,52.38,62.6
2025-02-03,South Africa,Visakhapatnam,Coal,Supramax,57666,84.87,649.85,181.97,62.23,52.38,62.6
2025-02-03,Indonesia,Chennai,Iron Ore,Capesize,50112,96.73,649.85,181.97,62.23,52.38,62.6
2025-02-04,South Africa,Krishnapatnam,Coal,Supramax,46065,78.45,526.81,91.42,40.82,62.2,34.03
2025-02-04,South Africa,Krishnapatnam,Iron Ore,Handymax,116430,78.29,526.81,91.42,40.82,62.2,34.03
2025-02-04,South Africa,Paradip,Wheat,Panamax,39343,79.59,526.81,91.42,40.82,62.2,34.03
2025-02-04,Brazil,Krishnapatnam,Iron Ore,Handymax,114028,77.59,526.81,91.42,40.82,62.2,34.03
2025-02-04,Brazil,Kakinada,Coal,Panamax,61573,81.42,526.81,91.42,40.82,62.2,34.03
2025-02-04,Indonesia,Kakinada,Iron Ore,Handymax,103209,76.53,526.81,91.42,40.82,62.2,34.03
2025-02-04,Russia,Chennai,Coal,Handysize,45562,72.16,526.81,91.42,40.82,62.2,34.03
2025-02-04,Australia,Chennai,Bauxite,Supramax,68548,84.29,526.81,91.42,40.82,62.2,34.03
2025-02-05,South Africa,Kakinada,Iron Ore,Handysize,21559,87.32,723.52,169.44,23.39,79.36,40.46
2025-02-05,South Africa,Visakhapatnam,Wheat,Panamax,21869,85.55,723.52,169.44,23.39,79.36,40.46
2025-02-05,Russia,Krishnapatnam,Coal,Panamax,68417,94.66,723.52,169.44,23.39,79.36,40.46
2025-02-05,Brazil,Visakhapatnam,Fertilizer,Handysize,118412,83.24,723.52,169.44,23.39,79.36,40.46
2025-02-05,South Africa,Chennai,Coal,Supramax,118404,93.5,723.52,169.44,23.39,79.36,40.46
2025-02-05,Brazil,Krishnapatnam,Wheat,Capesize,111687,95.76,723.52,169.44,23.39,79.36,40.46
2025-02-05,Indonesia,Paradip,Coal,Panamax,30051,92.52,723.52,169.44,23.39,79.36,40.46
2025-02-05,Brazil,Krishnapatnam,Coal,Handysize,94046,82.54,723.52,169.44,23.39,79.36,40.46
2025-02-06,Indonesia,Visakhapatnam,Iron Ore,Handymax,29068,74.92,628.27,127.31,24.68,61.63,78.43
2025-02-06,Indonesia,Krishnapatnam,Bauxite,Handysize,40421,78.05,628.27,127.31,24.68,61.63,78.43
2025-02-06,Australia,Paradip,Coal,Capesize,77735,83.96,628.27,127.31,24.68,61.63,78.43
2025-02-06,Brazil,Paradip,Bauxite,Panamax,59029,86.54,628.27,127.31,24.68,61.63,78.43
2025-02-06,Indonesia,Visakhapatnam,Iron Ore,Capesize,28756,84.81,628.27,127.31,24.68,61.63,78.43
2025-02-06,Indonesia,Paradip,Coal,Handysize,56969,74.53,628.27,127.31,24.68,61.63,78.43
2025-02-06,Russia,Krishnapatnam,Bauxite,Handysize,32128,71.09,628.27,127.31,24.68,61.63,78.43
2025-02-06,Russia,Chennai,Coal,Supramax,73229,81.0,628.27,127.31,24.68,61.63,78.43
2025-02-07,South Africa,Paradip,Bauxite,Panamax,93239,84.55,636.56,122.69,42.21,72.4,72.61
2025-02-07,Australia,Chennai,Fertilizer,Supramax,33965,78.65,636.56,122.69,42.21,72.4,72.61
2025-02-07,Indonesia,Kakinada,Fertilizer,Panamax,26480,81.7,636.56,122.69,42.21,72.4,72.61
2025-02-07,South Africa,Paradip,Wheat,Handymax,104239,76.46,636.56,122.69,42.21,72.4,72.61
2025-02-07,South Africa,Paradip,Iron Ore,Supramax,93334,85.27,636.56,122.69,42.21,72.4,72.61
2025-02-07,Brazil,Chennai,Wheat,Handymax,106038,76.79,636.56,122.69,42.21,72.4,72.61
2025-02-07,Indonesia,Visakhapatnam,Coal,Handymax,37577,77.5,636.56,122.69,42.21,72.4,72.61
2025-02-07,South Africa,Kakinada,Iron Ore,Handymax,29442,74.31,636.56,122.69,42.21,72.4,72.61
2025-02-08,South Africa,Visakhapatnam,Coal,Handysize,116686,80.98,600.84,155.25,71.31,62.0,60.7
2025-02-08,Australia,Paradip,Fertilizer,Handysize,47577,79.24,600.84,155.25,71.31,62.0,60.7
2025-02-08,Australia,Chennai,Coal,Panamax,116900,92.84,600.84,155.25,71.31,62.0,60.7
2025-02-08,South Africa,Paradip,Iron Ore,Panamax,20633,89.31,600.84,155.25,71.31,62.0,60.7
2025-02-08,South Africa,Kakinada,Wheat,Capesize,39352,91.41,600.84,155.25,71.31,62.0,60.7
2025-02-08,Brazil,Kakinada,Coal,Supramax,45120,86.81,600.84,155.25,71.31,62.0,60.7
2025-02-08,Indonesia,Chennai,Iron Ore,Panamax,117887,93.23,600.84,155.25,71.31,62.0,60.7
2025-02-08,Australia,Visakhapatnam,Bauxite,Handymax,75952,84.37,600.84,155.25,71.31,62.0,60.7
2025-02-09,Australia,Paradip,Coal,Capesize,89656,90.18,585.25,96.53,55.5,60.81,38.18
2025-02-09,Australia,Paradip,Coal,Panamax,55306,86.75,585.25,96.53,55.5,60.81,38.18
2025-02-09,Australia,Kakinada,Iron Ore,Supramax,77991,84.34,585.25,96.53,55.5,60.81,38.18
2025-02-09,Brazil,Krishnapatnam,Fertilizer,Capesize,46636,90.34,585.25,96.53,55.5,60.81,38.18
2025-02-09,Russia,Visakhapatnam,Iron Ore,Handysize,103543,81.59,585.25,96.53,55.5,60.81,38.18
2025-02-09,Indonesia,Krishnapatnam,Bauxite,Supramax,100076,82.92,585.25,96.53,55.5,60.81,38.18
2025-02-09,Brazil,Krishnapatnam,Iron Ore,Capesize,36202,90.59,585.25,96.53,55.5,60.81,38.18
2025-02-09,Indonesia,Chennai,Wheat,Handymax,30013,75.73,585.25,96.53,55.5,60.81,38.18
2025-02-10,South Africa,Chennai,Bauxite,Capesize,47620,90.69,646.51,180.64,42.66,58.37,63.68
2025-02-10,Brazil,Chennai,Iron Ore,Handymax,101764,88.81,646.51,180.64,42.66,58.37,63.68
2025-02-10,Russia,Visakhapatnam,Wheat,Handymax,58998,76.33,646.51,180.64,42.66,58.37,63.68
2025-02-10,Indonesia,Kakinada,Fertilizer,Handysize,55654,79.66,646.51,180.64,42.66,58.37,63.68
2025-02-10,Australia,Kakinada,Iron Ore,Handymax,65670,85.25,646.51,180.64,42.66,58.37,63.68
2025-02-10,Brazil,Visakhapatnam,Fertilizer,Capesize,102554,91.06,646.51,180.64,42.66,58.37,63.68
2025-02-10,Australia,Chennai,Iron Ore,Capesize,115337,98.1,646.51,180.64,42.66,58.37,63.68
2025-02-10,Australia,Kakinada,Bauxite,Panamax,37151,86.8,646.51,180.64,42.66,58.37,63.68
2025-02-11,South Africa,Visakhapatnam,Fertilizer,Handymax,97746,88.55,780.42,109.92,59.74,96.84,32.71
2025-02-11,South Africa,Kakinada,Bauxite,Handysize,64689,88.6,780.42,109.92,59.74,96.84,32.71
2025-02-11,Indonesia,Krishnapatnam,Wheat,Capesize,86360,98.32,780.42,109.92,59.74,96.84,32.71
2025-02-11,Indonesia,Paradip,Iron Ore,Handysize,92281,85.83,780.42,109.92,59.74,96.84,32.71
2025-02-11,Russia,Visakhapatnam,Bauxite,Handymax,114379,90.3,780.42,109.92,59.74,96.84,32.71
2025-02-11,South Africa,Kakinada,Bauxite,Panamax,28612,97.43,780.42,109.92,59.74,96.84,32.71
2025-02-11,South Africa,Visakhapatnam,Fertilizer,Supramax,71790,93.2,780.42,109.92,59.74,96.84,32.71
2025-02-11,Russia,Visakhapatnam,Bauxite,Handysize,66461,86.84,780.42,109.92,59.74,96.84,32.71
2025-02-12,Russia,Krishnapatnam,Iron Ore,Capesize,71893,99.25,845.52,158.95,38.21,84.46,58.02
2025-02-12,Indonesia,Chennai,Wheat,Handysize,107521,85.77,845.52,158.95,38.21,84.46,58.02
2025-02-12,Brazil,Kakinada,Iron Ore,Handysize,32624,85.84,845.52,158.95,38.21,84.46,58.02
2025-02-12,Brazil,Chennai,Iron Ore,Handymax,88145,91.14,845.52,158.95,38.21,84.46,58.02
2025-02-12,Australia,Paradip,Fertilizer,Panamax,69069,94.97,845.52,158.95,38.21,84.46,58.02
2025-02-12,Indonesia,Krishnapatnam,Coal,Handymax,54042,87.58,845.52,158.95,38.21,84.46,58.02
2025-02-12,Russia,Visakhapatnam,Fertilizer,Handymax,42425,87.1,845.52,158.95,38.21,84.46,58.02
2025-02-12,Russia,Chennai,Iron Ore,Supramax,99330,96.82,845.52,158.95,38.21,84.46,58.02
2025-02-13,South Africa,Kakinada,Wheat,Handymax,59414,79.54,604.84,144.87,54.25,53.18,62.01
2025-02-13,Russia,Krishnapatnam,Fertilizer,Panamax,79970,83.49,604.84,144.87,54.25,53.18,62.01
2025-02-13,Russia,Chennai,Iron Ore,Handysize,31630,79.09,604.84,144.87,54.25,53.18,62.01
2025-02-13,Brazil,Paradip,Bauxite,Capesize,85242,93.14,604.84,144.87,54.25,53.18,62.01
2025-02-13,Russia,Chennai,Fertilizer,Handymax,74734,77.0,604.84,144.87,54.25,53.18,62.01
2025-02-13,Russia,Chennai,Iron Ore,Supramax,108348,84.57,604.84,144.87,54.25,53.18,62.01
2025-02-13,Australia,Paradip,Coal,Panamax,86573,86.48,604.84,144.87,54.25,53.18,62.01
2025-02-13,Australia,Chennai,Fertilizer,Handymax,51488,83.47,604.84,144.87,54.25,53.18,62.01
2025-02-14,Brazil,Paradip,Wheat,Panamax,85985,88.81,786.64,172.89,46.9,68.64,61.52
2025-02-14,Russia,Chennai,Coal,Handysize,31260,85.91,786.64,172.89,46.9,68.64,61.52
2025-02-14,Indonesia,Paradip,Bauxite,Capesize,71678,95.98,786.64,172.89,46.9,68.64,61.52
2025-02-14,Indonesia,Visakhapatnam,Wheat,Handysize,54026,81.52,786.64,172.89,46.9,68.64,61.52
2025-02-14,Indonesia,Krishnapatnam,Coal,Supramax,47692,88.01,786.64,172.89,46.9,68.64,61.52
2025-02-14,South Africa,Visakhapatnam,Bauxite,Capesize,78534,99.26,786.64,172.89,46.9,68.64,61.52
2025-02-14,Russia,Kakinada,Bauxite,Handysize,107043,88.27,786.64,172.89,46.9,68.64,61.52
2025-02-14,Russia,Kakinada,Bauxite,Capesize,36699,97.35,786.64,172.89,46.9,68.64,61.52
2025-02-15,Brazil,Krishnapatnam,Bauxite,Handymax,113433,85.18,836.78,103.04,48.11,92.05,56.46
2025-02-15,South Africa,Kakinada,Coal,Supramax,68378,90.98,836.78,103.04,48.11,92.05,56.46
2025-02-15,Brazil,Chennai,Wheat,Handysize,90152,84.75,836.78,103.04,48.11,92.05,56.46
2025-02-15,Brazil,Visakhapatnam,Bauxite,Supramax,93588,91.93,836.78,103.04,48.11,92.05,56.46
2025-02-15,Brazil,Krishnapatnam,Bauxite,Handymax,70657,87.19,836.78,103.04,48.11,92.05,56.46
2025-02-15,Russia,Visakhapatnam,Iron Ore,Supramax,84383,91.95,836.78,103.04,48.11,92.05,56.46
2025-02-15,Indonesia,Kakinada,Wheat,Handysize,96978,82.46,836.78,103.04,48.11,92.05,56.46
2025-02-15,South Africa,Chennai,Bauxite,Handysize,80197,86.43,836.78,103.04,48.11,92.05,56.46
2025-02-16,Brazil,Krishnapatnam,Iron Ore,Handymax,27102,79.6,564.69,153.83,44.16,53.79,52.5
2025-02-16,Indonesia,Visakhapatnam,Coal,Capesize,44989,88.88,564.69,153.83,44.16,53.79,52.5
2025-02-16,Russia,Chennai,Coal,Handysize,109675,79.41,564.69,153.83,44.16,53.79,52.5
2025-02-16,Indonesia,Krishnapatnam,Bauxite,Supramax,64279,83.22,564.69,153.83,44.16,53.79,52.5
2025-02-16,Russia,Paradip,Iron Ore,Handymax,66883,83.03,564.69,153.83,44.16,53.79,52.5
2025-02-16,Australia,Visakhapatnam,Iron Ore,Handymax,92808,82.96,564.69,153.83,44.16,53.79,52.5
2025-02-16,Australia,Paradip,Coal,Panamax,44156,85.15,564.69,153.83,44.16,53.79,52.5
2025-02-16,Brazil,Paradip,Bauxite,Handysize,81924,77.56,564.69,153.83,44.16,53.79,52.5
2025-02-17,South Africa,Chennai,Bauxite,Panamax,68479,82.84,507.33,172.99,45.18,51.84,50.04
2025-02-17,Australia,Krishnapatnam,Fertilizer,Capesize,63664,88.76,507.33,172.99,45.18,51.84,50.04
2025-02-17,Australia,Krishnapatnam,Iron Ore,Panamax,58291,86.8,507.33,172.99,45.18,51.84,50.04
2025-02-17,Russia,Chennai,Wheat,Handymax,117192,78.96,507.33,172.99,45.18,51.84,50.04
2025-02-17,Brazil,Chennai,Bauxite,Handysize,58574,78.06,507.33,172.99,45.18,51.84,50.04
2025-02-17,Indonesia,Chennai,Wheat,Capesize,49675,83.45,507.33,172.99,45.18,51.84,50.04
2025-02-17,South Africa,Visakhapatnam,Iron Ore,Capesize,41481,91.97,507.33,172.99,45.18,51.84,50.04
2025-02-17,South Africa,Kakinada,Fertilizer,Capesize,103169,92.64,507.33,172.99,45.18,51.84,50.04
2025-02-18,Australia,Chennai,Coal,Handysize,68242,75.03,574.69,113.97,49.69,63.22,59.67
2025-02-18,Indonesia,Kakinada,Fertilizer,Panamax,86334,80.69,574.69,113.97,49.69,63.22,59.67
2025-02-18,Indonesia,Visakhapatnam,Iron Ore,Panamax,98931,86.33,574.69,113.97,49.69,63.22,59.67
2025-02-18,Brazil,Visakhapatnam,Coal,Supramax,46176,80.34,574.69,113.97,49.69,63.22,59.67
2025-02-18,Indonesia,Krishnapatnam,Bauxite,Handysize,65154,75.77,574.69,113.97,49.69,63.22,59.67
2025-02-18,Australia,Chennai,Coal,Handysize,57239,73.4,574.69,113.97,49.69,63.22,59.67
2025-02-18,South Africa,Paradip,Iron Ore,Handysize,111213,78.52,574.69,113.97,49.69,63.22,59.67
2025-02-18,Brazil,Krishnapatnam,Iron Ore,Supramax,111068,81.67,574.69,113.97,49.69,63.22,59.67
2025-02-19,South Africa,Krishnapatnam,Wheat,Handymax,28977,80.51,671.16,109.92,78.01,68.48,75.21
2025-02-19,Indonesia,Kakinada,Iron Ore,Panamax,29773,88.34,671.16,109.92,78.01,68.48,75.21
2025-02-19,Brazil,Visakhapatnam,Wheat,Capesize,34539,88.22,671.16,109.92,78.01,68.48,75.21
2025-02-19,Indonesia,Kakinada,Iron Ore,Panamax,53051,90.2,671.16,109.92,78.01,68.48,75.21
2025-02-19,Australia,Visakhapatnam,Wheat,Handysize,27586,72.52,671.16,109.92,78.01,68.48,75.21
2025-02-19,Indonesia,Visakhapatnam,Bauxite,Panamax,38131,89.59,671.16,109.92,78.01,68.48,75.21
2025-02-19,Brazil,Chennai,Iron Ore,Capesize,91244,94.72,671.16,109.92,78.01,68.48,75.21
2025-02-19,Brazil,Paradip,Iron Ore,Panamax,105240,92.43,671.16,109.92,78.01,68.48,75.21
2025-02-20,Australia,Krishnapatnam,Bauxite,Handysize,77924,83.97,647.56,140.37,49.66,67.42,38.63
2025-02-20,Brazil,Chennai,Wheat,Panamax,72510,88.51,647.56,140.37,49.66,67.42,38.63
2025-02-20,South Africa,Visakhapatnam,Bauxite,Handysize,42717,80.05,647.56,140.37,49.66,67.42,38.63
2025-02-20,Brazil,Krishnapatnam,Bauxite,Panamax,86463,90.15,647.56,140.37,49.66,67.42,38.63
2025-02-20,South Africa,Kakinada,Iron Ore,Supramax,66390,91.7,647.56,140.37,49.66,67.42,38.63
2025-02-20,South Africa,Visakhapatnam,Iron Ore,Panamax,49995,89.81,647.56,140.37,49.66,67.42,38.63
2025-02-20,Russia,Kakinada,Coal,Panamax,100656,90.73,647.56,140.37,49.66,67.42,38.63
2025-02-20,Brazil,Krishnapatnam,Coal,Capesize,108635,94.21,647.56,140.37,49.66,67.42,38.63
2025-02-21,South Africa,Krishnapatnam,Iron Ore,Handysize,85949,89.12,799.35,159.74,50.65,54.28,47.9
2025-02-21,South Africa,Chennai,Coal,Capesize,28718,99.05,799.35,159.74,50.65,54.28,47.9
2025-02-21,Russia,Kakinada,Wheat,Handymax,23577,82.77,799.35,159.74,50.65,54.28,47.9
2025-02-21,Brazil,Visakhapatnam,Wheat,Panamax,58885,92.32,799.35,159.74,50.65,54.28,47.9
2025-02-21,Brazil,Paradip,Iron Ore,Capesize,54867,96.77,799.35,159.74,50.65,54.28,47.9
2025-02-21,Russia,Krishnapatnam,Coal,Handymax,101682,89.17,799.35,159.74,50.65,54.28,47.9
2025-02-21,South Africa,Chennai,Fertilizer,Handysize,35178,82.87,799.35,159.74,50.65,54.28,47.9
2025-02-21,South Africa,Visakhapatnam,Fertilizer,Capesize,85768,95.98,799.35,159.74,50.65,54.28,47.9
2025-02-22,Brazil,Kakinada,Iron Ore,Supramax,69402,88.29,608.02,127.65,25.88,89.91,40.25
2025-02-22,South Africa,Kakinada,Wheat,Supramax,87751,85.26,608.02,127.65,25.88,89.91,40.25
2025-02-22,Russia,Krishnapatnam,Bauxite,Capesize,20939,89.22,608.02,127.65,25.88,89.91,40.25
2025-02-22,Russia,Paradip,Fertilizer,Capesize,70654,94.61,608.02,127.65,25.88,89.91,40.25
2025-02-22,Australia,Chennai,Wheat,Handysize,87326,79.93,608.02,127.65,25.88,89.91,40.25
2025-02-22,Indonesia,Krishnapatnam,Wheat,Handymax,38020,79.72,608.02,127.65,25.88,89.91,40.25
2025-02-22,Indonesia,Krishnapatnam,Coal,Supramax,49027,84.26,608.02,127.65,25.88,89.91,40.25
2025-02-22,Brazil,Kakinada,Fertilizer,Panamax,74315,87.39,608.02,127.65,25.88,89.91,40.25
2025-02-23,Indonesia,Chennai,Iron Ore,Handysize,107940,90.45,585.96,151.16,39.81,84.85,51.77
2025-02-23,Brazil,Paradip,Coal,Handymax,45194,82.81,585.96,151.16,39.81,84.85,51.77
2025-02-23,Russia,Chennai,Wheat,Supramax,106190,88.22,585.96,151.16,39.81,84.85,51.77
2025-02-23,Brazil,Krishnapatnam,Wheat,Capesize,46263,90.95,585.96,151.16,39.81,84.85,51.77
2025-02-23,Indonesia,Chennai,Iron Ore,Handysize,35964,79.68,585.96,151.16,39.81,84.85,51.77
2025-02-23,Brazil,Chennai,Wheat,Handysize,54221,81.87,585.96,151.16,39.81,84.85,51.77
2025-02-23,Russia,Visakhapatnam,Wheat,Handysize,68616,81.24,585.96,151.16,39.81,84.85,51.77
2025-02-23,Brazil,Chennai,Fertilizer,Capesize,37397,91.96,585.96,151.16,39.81,84.85,51.77
2025-02-24,South Africa,Krishnapatnam,Coal,Handysize,35698,79.73,753.94,112.72,29.02,62.61,68.7
2025-02-24,Indonesia,Kakinada,Bauxite,Capesize,59581,86.86,753.94,112.72,29.02,62.61,68.7
2025-02-24,South Africa,Kakinada,Coal,Supramax,108898,84.36,753.94,112.72,29.02,62.61,68.7
2025-02-24,Australia,Chennai,Coal,Capesize,50667,85.64,753.94,112.72,29.02,62.61,68.7
2025-02-24,South Africa,Visakhapatnam,Iron Ore,Capesize,112343,91.77,753.94,112.72,29.02,62.61,68.7
2025-02-24,Brazil,Chennai,Coal,Supramax,58639,80.63,753.94,112.72,29.02,62.61,68.7
2025-02-24,Brazil,Kakinada,Bauxite,Panamax,30027,83.38,753.94,112.72,29.02,62.61,68.7
2025-02-24,Indonesia,Paradip,Coal,Panamax,64896,83.27,753.94,112.72,29.02,62.61,68.7
2025-02-25,Indonesia,Krishnapatnam,Fertilizer,Panamax,65221,83.8,708.16,105.95,26.18,78.8,65.87
2025-02-25,Australia,Kakinada,Fertilizer,Handymax,57739,77.63,708.16,105.95,26.18,78.8,65.87
2025-02-25,South Africa,Visakhapatnam,Coal,Handymax,114197,78.65,708.16,105.95,26.18,78.8,65.87
2025-02-25,Indonesia,Kakinada,Fertilizer,Supramax,108897,79.63,708.16,105.95,26.18,78.8,65.87
2025-02-25,Brazil,Chennai,Iron Ore,Capesize,113416,95.62,708.16,105.95,26.18,78.8,65.87
2025-02-25,South Africa,Paradip,Bauxite,Handysize,109220,78.97,708.16,105.95,26.18,78.8,65.87
2025-02-25,Indonesia,Chennai,Coal,Handymax,45190,76.84,708.16,105.95,26.18,78.8,65.87
2025-02-25,Indonesia,Visakhapatnam,Coal,Supramax,21899,78.22,708.16,105.95,26.18,78.8,65.87
2025-02-26,Russia,Chennai,Fertilizer,Capesize,104418,94.87,737.08,154.59,31.88,83.0,67.34
2025-02-26,Brazil,Paradip,Fertilizer,Supramax,112206,89.67,737.08,154.59,31.88,83.0,67.34
2025-02-26,Australia,Chennai,Iron Ore,Handysize,68222,86.6,737.08,154.59,31.88,83.0,67.34
2025-02-26,Indonesia,Kakinada,Coal,Supramax,105038,88.27,737.08,154.59,31.88,83.0,67.34
2025-02-26,Indonesia,Kakinada,Wheat,Capesize,83612,95.58,737.08,154.59,31.88,83.0,67.34
2025-02-26,Indonesia,Chennai,Coal,Supramax,81194,92.85,737.08,154.59,31.88,83.0,67.34
2025-02-26,Indonesia,Chennai,Iron Ore,Capesize,49145,97.21,737.08,154.59,31.88,83.0,67.34
2025-02-26,Indonesia,Chennai,Fertilizer,Capesize,71571,91.46,737.08,154.59,31.88,83.0,67.34
2025-02-27,Australia,Visakhapatnam,Wheat,Capesize,61638,90.97,733.0,91.66,53.19,77.37,57.8
2025-02-27,South Africa,Visakhapatnam,Wheat,Panamax,38610,85.64,733.0,91.66,53.19,77.37,57.8
2025-02-27,Australia,Paradip,Iron Ore,Handymax,27176,82.54,733.0,91.66,53.19,77.37,57.8
2025-02-27,Indonesia,Krishnapatnam,Bauxite,Handymax,35300,82.41,733.0,91.66,53.19,77.37,57.8
2025-02-27,Russia,Paradip,Fertilizer,Panamax,37507,82.1,733.0,91.66,53.19,77.37,57.8
2025-02-27,Indonesia,Kakinada,Fertilizer,Capesize,92757,90.01,733.0,91.66,53.19,77.37,57.8
2025-02-27,South Africa,Paradip,Coal,Capesize,57310,90.4,733.0,91.66,53.19,77.37,57.8
2025-02-27,Brazil,Visakhapatnam,Bauxite,Handysize,100925,80.52,733.0,91.66,53.19,77.37,57.8
2025-02-28,South Africa,Visakhapatnam,Iron Ore,Capesize,31578,95.81,765.95,119.76,39.81,59.07,63.51
2025-02-28,Australia,Kakinada,Wheat,Handymax,100705,76.41,765.95,119.76,39.81,59.07,63.51
2025-02-28,Russia,Krishnapatnam,Fertilizer,Handymax,38921,79.24,765.95,119.76,39.81,59.07,63.51
2025-02-28,Brazil,Paradip,Bauxite,Handymax,85837,82.45,765.95,119.76,39.81,59.07,63.51
2025-02-28,Australia,Chennai,Coal,Supramax,57860,83.93,765.95,119.76,39.81,59.07,63.51
2025-02-28,Brazil,Paradip,Wheat,Capesize,89936,89.93,765.95,119.76,39.81,59.07,63.51
2025-02-28,South Africa,Paradip,Iron Ore,Capesize,78210,94.39,765.95,119.76,39.81,59.07,63.51
2025-02-28,Brazil,Chennai,Iron Ore,Supramax,118543,91.51,765.95,119.76,39.81,59.07,63.51
2025-03-01,Russia,Chennai,Bauxite,Supramax,30412,88.0,648.22,160.03,54.03,67.61,57.83
2025-03-01,Brazil,Kakinada,Bauxite,Panamax,101832,95.1,648.22,160.03,54.03,67.61,57.83
2025-03-01,Australia,Chennai,Coal,Capesize,69717,93.02,648.22,160.03,54.03,67.61,57.83
2025-03-01,Russia,Visakhapatnam,Coal,Panamax,102038,93.21,648.22,160.03,54.03,67.61,57.83
2025-03-01,South Africa,Krishnapatnam,Fertilizer,Panamax,94756,89.71,648.22,160.03,54.03,67.61,57.83
2025-03-01,Indonesia,Visakhapatnam,Iron Ore,Capesize,116068,96.1,648.22,160.03,54.03,67.61,57.83
2025-03-01,Brazil,Paradip,Coal,Handysize,25642,80.5,648.22,160.03,54.03,67.61,57.83
2025-03-01,Brazil,Chennai,Fertilizer,Capesize,48979,93.41,648.22,160.03,54.03,67.61,57.83
2025-03-02,Indonesia,Kakinada,Bauxite,Handymax,62440,86.2,727.62,101.19,42.87,87.69,47.49
2025-03-02,Indonesia,Paradip,Wheat,Panamax,40704,90.7,727.62,101.19,42.87,87.69,47.49
2025-03-02,Australia,Visakhapatnam,Bauxite,Handymax,115240,85.84,727.62,101.19,42.87,87.69,47.49
2025-03-02,Australia,Visakhapatnam,Coal,Supramax,50207,86.97,727.62,101.19,42.87,87.69,47.49
2025-03-02,Indonesia,Chennai,Wheat,Capesize,94696,89.77,727.62,101.19,42.87,87.69,47.49
2025-03-02,Brazil,Visakhapatnam,Coal,Handysize,52246,82.08,727.62,101.19,42.87,87.69,47.49
2025-03-02,Russia,Krishnapatnam,Coal,Handymax,100986,84.29,727.62,101.19,42.87,87.69,47.49
2025-03-02,Indonesia,Kakinada,Wheat,Handymax,105978,82.01,727.62,101.19,42.87,87.69,47.49
2025-03-03,Russia,Visakhapatnam,Bauxite,Capesize,30937,91.87,587.07,150.89,54.05,76.77,75.64
2025-03-03,Australia,Visakhapatnam,Wheat,Panamax,73044,87.76,587.07,150.89,54.05,76.77,75.64
2025-03-03,Indonesia,Visakhapatnam,Coal,Panamax,91071,92.89,587.07,150.89,54.05,76.77,75.64
2025-03-03,Australia,Paradip,Coal,Handymax,56880,83.67,587.07,150.89,54.05,76.77,75.64
2025-03-03,Australia,Visakhapatnam,Wheat,Capesize,41984,87.75,587.07,150.89,54.05,76.77,75.64
2025-03-03,Brazil,Visakhapatnam,Wheat,Handymax,24867,78.45,587.07,150.89,54.05,76.77,75.64
2025-03-03,Russia,Visakhapatnam,Iron Ore,Handymax,56222,81.13,587.07,150.89,54.05,76.77,75.64
2025-03-03,Australia,Paradip,Iron Ore,Handymax,94718,84.85,587.07,150.89,54.05,76.77,75.64
2025-03-04,Russia,Chennai,Bauxite,Handysize,44970,88.45,758.85,139.88,55.58,83.85,38.55
2025-03-04,Brazil,Kakinada,Bauxite,Supramax,66615,94.32,758.85,139.88,55.58,83.85,38.55
2025-03-04,Indonesia,Paradip,Bauxite,Panamax,110524,100.11,758.85,139.88,55.58,83.85,38.55
2025-03-04,Brazil,Paradip,Wheat,Panamax,82030,97.84,758.85,139.88,55.58,83.85,38.55
2025-03-04,South Africa,Krishnapatnam,Fertilizer,Panamax,37114,93.64,758.85,139.88,55.58,83.85,38.55
2025-03-04,Indonesia,Krishnapatnam,Bauxite,Panamax,54326,99.58,758.85,139.88,55.58,83.85,38.55
2025-03-04,Indonesia,Krishnapatnam,Bauxite,Capesize,88410,100.21,758.85,139.88,55.58,83.85,38.55
2025-03-04,Russia,Paradip,Wheat,Supramax,83318,89.59,758.85,139.88,55.58,83.85,38.55
2025-03-05,South Africa,Krishnapatnam,Iron Ore,Panamax,32861,78.94,535.19,140.61,33.17,44.5,85.76
2025-03-05,South Africa,Krishnapatnam,Iron Ore,Supramax,97207,79.32,535.19,140.61,33.17,44.5,85.76
2025-03-05,Russia,Krishnapatnam,Iron Ore,Supramax,102698,78.78,535.19,140.61,33.17,44.5,85.76
2025-03-05,South Africa,Krishnapatnam,Iron Ore,Handysize,49884,77.38,535.19,140.61,33.17,44.5,85.76
2025-03-05,Brazil,Kakinada,Bauxite,Panamax,63944,82.17,535.19,140.61,33.17,44.5,85.76
2025-03-05,Russia,Visakhapatnam,Fertilizer,Panamax,92820,78.06,535.19,140.61,33.17,44.5,85.76
2025-03-05,Brazil,Visakhapatnam,Fertilizer,Supramax,86893,78.06,535.19,140.61,33.17,44.5,85.76
2025-03-05,Russia,Kakinada,Iron Ore,Handymax,24291,73.16,535.19,140.61,33.17,44.5,85.76
2025-03-06,Russia,Chennai,Iron Ore,Capesize,38244,84.4,557.35,90.33,52.54,76.59,76.42
2025-03-06,South Africa,Chennai,Iron Ore,Handymax,75644,81.68,557.35,90.33,52.54,76.59,76.42
2025-03-06,Brazil,Kakinada,Wheat,Handymax,68108,75.71,557.35,90.33,52.54,76.59,76.42
2025-03-06,Russia,Chennai,Fertilizer,Handymax,40854,75.04,557.35,90.33,52.54,76.59,76.42
2025-03-06,Brazil,Paradip,Bauxite,Handysize,82886,75.17,557.35,90.33,52.54,76.59,76.42
2025-03-06,Indonesia,Visakhapatnam,Iron Ore,Handymax,116813,77.04,557.35,90.33,52.54,76.59,76.42
2025-03-06,South Africa,Visakhapatnam,Fertilizer,Panamax,36964,80.9,557.35,90.33,52.54,76.59,76.42
2025-03-06,Russia,Kakinada,Coal,Handysize,104506,74.31,557.35,90.33,52.54,76.59,76.42
2025-03-07,Indonesia,Krishnapatnam,Bauxite,Handysize,23018,75.86,620.33,121.04,11.77,54.77,42.16
2025-03-07,Australia,Visakhapatnam,Fertilizer,Panamax,65306,82.08,620.33,121.04,11.77,54.77,42.16
2025-03-07,Brazil,Chennai,Coal,Handysize,92691,74.99,620.33,121.04,11.77,54.77,42.16
2025-03-07,South Africa,Kakinada,Coal,Handymax,48374,77.9,620.33,121.04,11.77,54.77,42.16
2025-03-07,South Africa,Krishnapatnam,Iron Ore,Handysize,59577,77.46,620.33,121.04,11.77,54.77,42.16
2025-03-07,Russia,Paradip,Bauxite,Capesize,102186,86.26,620.33,121.04,11.77,54.77,42.16
2025-03-07,Indonesia,Kakinada,Fertilizer,Capesize,111450,86.25,620.33,121.04,11.77,54.77,42.16
2025-03-07,South Africa,Paradip,Coal,Handymax,59312,78.89,620.33,121.04,11.77,54.77,42.16
2025-03-08,Indonesia,Kakinada,Bauxite,Capesize,100007,95.63,557.85,174.33,50.34,91.31,54.78
2025-03-08,Indonesia,Kakinada,Bauxite,Panamax,27996,93.32,557.85,174.33,50.34,91.31,54.78
2025-03-08,South Africa,Kakinada,Fertilizer,Handymax,20131,82.24,557.85,174.33,50.34,91.31,54.78
2025-03-08,Indonesia,Visakhapatnam,Fertilizer,Panamax,25494,92.05,557.85,174.33,50.34,91.31,54.78
2025-03-08,Brazil,Krishnapatnam,Iron Ore,Supramax,108618,95.03,557.85,174.33,50.34,91.31,54.78
2025-03-08,Brazil,Paradip,Fertilizer,Handymax,117204,86.94,557.85,174.33,50.34,91.31,54.78
2025-03-08,Brazil,Kakinada,Bauxite,Handymax,32190,85.23,557.85,174.33,50.34,91.31,54.78
2025-03-08,South Africa,Chennai,Coal,Capesize,52794,94.19,557.85,174.33,50.34,91.31,54.78
2025-03-09,Russia,Krishnapatnam,Wheat,Panamax,102195,83.38,601.24,96.2,40.66,87.19,71.59
2025-03-09,Russia,Chennai,Bauxite,Handymax,74916,80.46,601.24,96.2,40.66,87.19,71.59
2025-03-09,Russia,Krishnapatnam,Fertilizer,Handysize,71572,78.01,601.24,96.2,40.66,87.19,71.59
2025-03-09,South Africa,Kakinada,Iron Ore,Capesize,118896,89.3,601.24,96.2,40.66,87.19,71.59
2025-03-09,Indonesia,Visakhapatnam,Coal,Handysize,73781,76.82,601.24,96.2,40.66,87.19,71.59
2025-03-09,Australia,Krishnapatnam,Bauxite,Supramax,92950,85.81,601.24,96.2,40.66,87.19,71.59
2025-03-09,Indonesia,Paradip,Coal,Handymax,58604,78.23,601.24,96.2,40.66,87.19,71.59
2025-03-09,South Africa,Chennai,Coal,Handymax,78507,81.77,601.24,96.2,40.66,87.19,71.59
2025-03-10,Indonesia,Visakhapatnam,Wheat,Handysize,64265,77.55,761.59,98.25,44.79,83.22,49.78
2025-03-10,Australia,Kakinada,Bauxite,Panamax,104918,94.56,761.59,98.25,44.79,83.22,49.78
2025-03-10,Australia,Paradip,Coal,Capesize,36315,94.84,761.59,98.25,44.79,83.22,49.78
2025-03-10,Indonesia,Kakinada,Coal,Supramax,103287,87.04,761.59,98.25,44.79,83.22,49.78
2025-03-10,Australia,Chennai,Wheat,Panamax,70950,86.64,761.59,98.25,44.79,83.22,49.78
2025-03-10,Brazil,Krishnapatnam,Wheat,Handysize,65427,78.87,761.59,98.25,44.79,83.22,49.78
2025-03-10,South Africa,Paradip,Wheat,Supramax,97740,86.17,761.59,98.25,44.79,83.22,49.78
2025-03-10,Indonesia,Visakhapatnam,Bauxite,Handymax,43199,86.08,761.59,98.25,44.79,83.22,49.78
2025-03-11,Brazil,Kakinada,Fertilizer,Handymax,29136,86.76,741.98,182.94,55.25,66.71,50.74
2025-03-11,Indonesia,Chennai,Bauxite,Panamax,100212,95.86,741.98,182.94,55.25,66.71,50.74
2025-03-11,Brazil,Chennai,Coal,Panamax,115848,96.33,741.98,182.94,55.25,66.71,50.74
2025-03-11,Russia,Paradip,Wheat,Capesize,118135,94.64,741.98,182.94,55.25,66.71,50.74
2025-03-11,Indonesia,Chennai,Bauxite,Handysize,43687,91.6,741.98,182.94,55.25,66.71,50.74
2025-03-11,Australia,Paradip,Bauxite,Panamax,65610,98.84,741.98,182.94,55.25,66.71,50.74
2025-03-11,Australia,Paradip,Bauxite,Capesize,119278,98.8,741.98,182.94,55.25,66.71,50.74
2025-03-11,Indonesia,Krishnapatnam,Bauxite,Supramax,51497,92.28,741.98,182.94,55.25,66.71,50.74
2025-03-12,South Africa,Krishnapatnam,Bauxite,Handymax,23107,83.41,656.86,175.19,47.86,82.48,52.31
2025-03-12,Brazil,Krishnapatnam,Bauxite,Panamax,107206,98.29,656.86,175.19,47.86,82.48,52.31
2025-03-12,Russia,Krishnapatnam,Bauxite,Handymax,96589,91.54,656.86,175.19,47.86,82.48,52.31
2025-03-12,Brazil,Visakhapatnam,Fertilizer,Panamax,61214,94.31,656.86,175.19,47.86,82.48,52.31
2025-03-12,Indonesia,Kakinada,Iron Ore,Handysize,108107,88.62,656.86,175.19,47.86,82.48,52.31
2025-03-12,Brazil,Krishnapatnam,Fertilizer,Handymax,29010,89.18,656.86,175.19,47.86,82.48,52.31
2025-03-12,Brazil,Visakhapatnam,Fertilizer,Panamax,48647,92.53,656.86,175.19,47.86,82.48,52.31
2025-03-12,Indonesia,Chennai,Bauxite,Panamax,23704,92.97,656.86,175.19,47.86,82.48,52.31
2025-03-13,Indonesia,Kakinada,Bauxite,Handysize,30292,85.45,768.51,176.19,73.4,37.62,53.85
2025-03-13,Australia,Paradip,Fertilizer,Handymax,88867,90.95,768.51,176.19,73.4,37.62,53.85
2025-03-13,South Africa,Krishnapatnam,Coal,Handymax,98717,86.03,768.51,176.19,73.4,37.62,53.85
2025-03-13,South Africa,Kakinada,Coal,Panamax,50090,90.84,768.51,176.19,73.4,37.62,53.85
2025-03-13,Brazil,Kakinada,Wheat,Supramax,75846,86.63,768.51,176.19,73.4,37.62,53.85
2025-03-13,Indonesia,Kakinada,Fertilizer,Capesize,25184,94.0,768.51,176.19,73.4,37.62,53.85
2025-03-13,South Africa,Kakinada,Bauxite,Handysize,89945,83.58,768.51,176.19,73.4,37.62,53.85
2025-03-13,Brazil,Kakinada,Wheat,Handymax,52349,84.58,768.51,176.19,73.4,37.62,53.85
2025-03-14,Australia,Kakinada,Wheat,Capesize,43923,85.58,620.29,148.86,42.77,68.19,83.56
2025-03-14,Russia,Visakhapatnam,Bauxite,Capesize,106520,93.75,620.29,148.86,42.77,68.19,83.56
2025-03-14,Australia,Kakinada,Bauxite,Supramax,60039,81.86,620.29,148.86,42.77,68.19,83.56
2025-03-14,Australia,Visakhapatnam,Wheat,Handymax,35238,75.48,620.29,148.86,42.77,68.19,83.56
2025-03-14,South Africa,Kakinada,Iron Ore,Panamax,87321,86.22,620.29,148.86,42.77,68.19,83.56
2025-03-14,Russia,Paradip,Coal,Handysize,54128,75.58,620.29,148.86,42.77,68.19,83.56
2025-03-14,Indonesia,Chennai,Fertilizer,Handysize,48902,74.11,620.29,148.86,42.77,68.19,83.56
2025-03-14,Russia,Visakhapatnam,Coal,Capesize,115228,93.16,620.29,148.86,42.77,68.19,83.56
2025-03-15,Indonesia,Krishnapatnam,Fertilizer,Panamax,78389,88.78,690.35,137.16,46.77,64.03,59.83
2025-03-15,Brazil,Kakinada,Wheat,Handymax,102958,82.48,690.35,137.16,46.77,64.03,59.83
2025-03-15,Russia,Chennai,Wheat,Panamax,99871,87.74,690.35,137.16,46.77,64.03,59.83
2025-03-15,Indonesia,Paradip,Fertilizer,Handymax,36850,81.62,690.35,137.16,46.77,64.03,59.83
2025-03-15,Russia,Krishnapatnam,Fertilizer,Supramax,69120,80.73,690.35,137.16,46.77,64.03,59.83
2025-03-15,Russia,Chennai,Fertilizer,Supramax,44281,83.34,690.35,137.16,46.77,64.03,59.83
2025-03-15,Brazil,Kakinada,Iron Ore,Panamax,60329,90.86,690.35,137.16,46.77,64.03,59.83
2025-03-15,Indonesia,Chennai,Iron Ore,Handymax,60472,83.83,690.35,137.16,46.77,64.03,59.83
2025-03-16,Indonesia,Paradip,Bauxite,Handysize,43457,75.8,617.36,173.48,49.72,37.64,66.98
2025-03-16,South Africa,Chennai,Iron Ore,Panamax,25797,87.88,617.36,173.48,49.72,37.64,66.98
2025-03-16,South Africa,Chennai,Wheat,Handysize,105362,73.44,617.36,173.48,49.72,37.64,66.98
2025-03-16,Brazil,Krishnapatnam,Wheat,Panamax,82257,84.09,617.36,173.48,49.72,37.64,66.98
2025-03-16,South Africa,Chennai,Fertilizer,Handymax,25257,79.55,617.36,173.48,49.72,37.64,66.98
2025-03-16,Australia,Paradip,Fertilizer,Handymax,115017,80.24,617.36,173.48,49.72,37.64,66.98
2025-03-16,South Africa,Chennai,Wheat,Capesize,21757,82.54,617.36,173.48,49.72,37.64,66.98
2025-03-16,Brazil,Kakinada,Coal,Handymax,35402,76.56,617.36,173.48,49.72,37.64,66.98
2025-03-17,Indonesia,Chennai,Wheat,Panamax,29761,90.01,610.59,107.35,66.64,89.34,78.2
2025-03-17,Australia,Visakhapatnam,Iron Ore,Handysize,48806,81.15,610.59,107.35,66.64,89.34,78.2
2025-03-17,Russia,Chennai,Bauxite,Supramax,37829,85.09,610.59,107.35,66.64,89.34,78.2
2025-03-17,Indonesia,Visakhapatnam,Fertilizer,Panamax,118407,87.64,610.59,107.35,66.64,89.34,78.2
2025-03-17,Brazil,Kakinada,Wheat,Handymax,93311,79.8,610.59,107.35,66.64,89.34,78.2
2025-03-17,Indonesia,Krishnapatnam,Wheat,Handymax,104044,78.16,610.59,107.35,66.64,89.34,78.2
2025-03-17,Russia,Visakhapatnam,Fertilizer,Panamax,67068,89.56,610.59,107.35,66.64,89.34,78.2
2025-03-17,Australia,Visakhapatnam,Wheat,Capesize,27744,88.86,610.59,107.35,66.64,89.34,78.2
2025-03-18,Russia,Paradip,Bauxite,Panamax,40459,83.81,648.69,127.51,38.46,63.81,68.09
2025-03-18,Indonesia,Paradip,Fertilizer,Handysize,43580,74.81,648.69,127.51,38.46,63.81,68.09
2025-03-18,Indonesia,Paradip,Iron Ore,Handymax,34307,81.12,648.69,127.51,38.46,63.81,68.09
2025-03-18,Brazil,Chennai,Coal,Panamax,89951,84.77,648.69,127.51,38.46,63.81,68.09
2025-03-18,Indonesia,Paradip,Iron Ore,Panamax,52034,86.61,648.69,127.51,38.46,63.81,68.09
2025-03-18,Brazil,Chennai,Fertilizer,Capesize,69008,86.41,648.69,127.51,38.46,63.81,68.09
2025-03-18,South Africa,Krishnapatnam,Bauxite,Panamax,102428,87.31,648.69,127.51,38.46,63.81,68.09
2025-03-18,South Africa,Visakhapatnam,Fertilizer,Handysize,99632,76.86,648.69,127.51,38.46,63.81,68.09
2025-03-19,Russia,Paradip,Wheat,Panamax,86413,95.86,835.1,142.48,56.83,82.99,40.03
2025-03-19,South Africa,Krishnapatnam,Fertilizer,Handymax,22668,91.19,835.1,142.48,56.83,82.99,40.03
2025-03-19,Indonesia,Chennai,Bauxite,Panamax,37396,99.3,835.1,142.48,56.83,82.99,40.03
2025-03-19,Indonesia,Krishnapatnam,Wheat,Handymax,97373,92.5,835.1,142.48,56.83,82.99,40.03
2025-03-19,South Africa,Paradip,Coal,Panamax,59647,96.21,835.1,142.48,56.83,82.99,40.03
2025-03-19,Russia,Paradip,Iron Ore,Capesize,25116,104.2,835.1,142.48,56.83,82.99,40.03
2025-03-19,Russia,Chennai,Iron Ore,Handysize,53076,90.29,835.1,142.48,56.83,82.99,40.03
2025-03-19,Australia,Visakhapatnam,Wheat,Handymax,89287,91.91,835.1,142.48,56.83,82.99,40.03
2025-03-20,South Africa,Paradip,Bauxite,Supramax,111579,87.89,661.69,137.28,44.48,62.83,63.7
2025-03-20,Indonesia,Krishnapatnam,Coal,Handymax,35907,82.99,661.69,137.28,44.48,62.83,63.7
2025-03-20,South Africa,Chennai,Bauxite,Capesize,112950,93.21,661.69,137.28,44.48,62.83,63.7
2025-03-20,Indonesia,Visakhapatnam,Bauxite,Handysize,78718,82.17,661.69,137.28,44.48,62.83,63.7
2025-03-20,Russia,Kakinada,Wheat,Capesize,64438,89.57,661.69,137.28,44.48,62.83,63.7
2025-03-20,Indonesia,Kakinada,Iron Ore,Panamax,51254,86.99,661.69,137.28,44.48,62.83,63.7
2025-03-20,Australia,Paradip,Wheat,Handysize,104059,75.8,661.69,137.28,44.48,62.83,63.7
2025-03-20,Brazil,Paradip,Iron Ore,Capesize,67539,93.31,661.69,137.28,44.48,62.83,63.7
2025-03-21,Indonesia,Krishnapatnam,Bauxite,Supramax,84075,87.28,628.22,93.35,56.41,100.0,29.26
2025-03-21,Australia,Paradip,Iron Ore,Supramax,34073,90.97,628.22,93.35,56.41,100.0,29.26
2025-03-21,Indonesia,Chennai,Fertilizer,Handymax,68200,84.77,628.22,93.35,56.41,100.0,29.26
2025-03-21,Russia,Kakinada,Wheat,Capesize,98004,94.39,628.22,93.35,56.41,100.0,29.26
2025-03-21,Indonesia,Chennai,Bauxite,Handysize,73568,84.98,628.22,93.35,56.41,100.0,29.26
2025-03-21,Brazil,Kakinada,Bauxite,Handymax,84770,85.43,628.22,93.35,56.41,100.0,29.26
2025-03-21,Russia,Krishnapatnam,Iron Ore,Handymax,44942,90.78,628.22,93.35,56.41,100.0,29.26
2025-03-21,Australia,Chennai,Bauxite,Handymax,26993,86.38,628.22,93.35,56.41,100.0,29.26
2025-03-22,Australia,Kakinada,Fertilizer,Panamax,35856,82.86,736.6,93.46,37.1,49.16,53.38
2025-03-22,Brazil,Visakhapatnam,Fertilizer,Capesize,104079,90.5,736.6,93.46,37.1,49.16,53.38
2025-03-22,Indonesia,Kakinada,Coal,Capesize,62760,87.99,736.6,93.46,37.1,49.16,53.38
2025-03-22,South Africa,Paradip,Fertilizer,Capesize,84439,89.48,736.6,93.46,37.1,49.16,53.38
2025-03-22,Australia,Kakinada,Wheat,Capesize,78882,85.41,736.6,93.46,37.1,49.16,53.38
2025-03-22,Australia,Chennai,Wheat,Capesize,26490,88.01,736.6,93.46,37.1,49.16,53.38
2025-03-22,South Africa,Visakhapatnam,Coal,Supramax,95927,87.0,736.6,93.46,37.1,49.16,53.38
2025-03-22,Brazil,Paradip,Fertilizer,Capesize,89203,86.13,736.6,93.46,37.1,49.16,53.38
2025-03-23,Brazil,Chennai,Bauxite,Handymax,56553,84.25,767.12,100.72,44.94,93.58,77.45
2025-03-23,South Africa,Kakinada,Coal,Panamax,77540,91.84,767.12,100.72,44.94,93.58,77.45
2025-03-23,Indonesia,Paradip,Wheat,Handymax,40679,79.5,767.12,100.72,44.94,93.58,77.45
2025-03-23,Brazil,Kakinada,Wheat,Capesize,111667,89.33,767.12,100.72,44.94,93.58,77.45
2025-03-23,South Africa,Kakinada,Coal,Supramax,32280,86.56,767.12,100.72,44.94,93.58,77.45
2025-03-23,South Africa,Kakinada,Bauxite,Supramax,118093,88.06,767.12,100.72,44.94,93.58,77.45
2025-03-23,South Africa,Krishnapatnam,Coal,Supramax,108308,82.97,767.12,100.72,44.94,93.58,77.45
2025-03-23,Indonesia,Visakhapatnam,Bauxite,Capesize,33068,94.64,767.12,100.72,44.94,93.58,77.45
2025-03-24,Brazil,Kakinada,Iron Ore,Panamax,20040,93.26,791.15,173.16,41.57,45.29,44.18
2025-03-24,Russia,Paradip,Bauxite,Panamax,100894,93.62,791.15,173.16,41.57,45.29,44.18
2025-03-24,South Africa,Chennai,Fertilizer,Capesize,107771,96.99,791.15,173.16,41.57,45.29,44.18
2025-03-24,Brazil,Krishnapatnam,Fertilizer,Panamax,106652,90.27,791.15,173.16,41.57,45.29,44.18
2025-03-24,Australia,Visakhapatnam,Fertilizer,Handysize,69131,85.96,791.15,173.16,41.57,45.29,44.18
2025-03-24,Russia,Paradip,Wheat,Panamax,45972,90.53,791.15,173.16,41.57,45.29,44.18
2025-03-24,Indonesia,Visakhapatnam,Wheat,Handymax,85013,85.19,791.15,173.16,41.57,45.29,44.18
2025-03-24,Australia,Visakhapatnam,Bauxite,Panamax,77746,95.45,791.15,173.16,41.57,45.29,44.18
2025-03-25,South Africa,Chennai,Coal,Handymax,110061,84.02,631.99,149.88,43.59,67.33,69.53
2025-03-25,Indonesia,Chennai,Fertilizer,Capesize,34006,90.54,631.99,149.88,43.59,67.33,69.53
2025-03-25,Russia,Kakinada,Wheat,Capesize,23078,89.87,631.99,149.88,43.59,67.33,69.53
2025-03-25,Indonesia,Paradip,Iron Ore,Panamax,34362,89.94,631.99,149.88,43.59,67.33,69.53
2025-03-25,Australia,Kakinada,Iron Ore,Supramax,104414,88.1,631.99,149.88,43.59,67.33,69.53
2025-03-25,Brazil,Kakinada,Fertilizer,Supramax,73227,85.83,631.99,149.88,43.59,67.33,69.53
2025-03-25,Australia,Visakhapatnam,Wheat,Handymax,107191,83.72,631.99,149.88,43.59,67.33,69.53
2025-03-25,Australia,Kakinada,Bauxite,Handymax,114683,86.07,631.99,149.88,43.59,67.33,69.53
2025-03-26,South Africa,Paradip,Coal,Handysize,105529,77.67,594.91,132.2,46.58,87.24,76.17
2025-03-26,Australia,Visakhapatnam,Bauxite,Handysize,74879,83.04,594.91,132.2,46.58,87.24,76.17
2025-03-26,Brazil,Paradip,Wheat,Handymax,39029,76.5,594.91,132.2,46.58,87.24,76.17
2025-03-26,South Africa,Paradip,Iron Ore,Handysize,90657,81.63,594.91,132.2,46.58,87.24,76.17
2025-03-26,Brazil,Kakinada,Iron Ore,Supramax,107414,89.84,594.91,132.2,46.58,87.24,76.17
2025-03-26,Indonesia,Krishnapatnam,Fertilizer,Handysize,26384,76.99,594.91,132.2,46.58,87.24,76.17
2025-03-26,South Africa,Visakhapatnam,Iron Ore,Handymax,26608,80.06,594.91,132.2,46.58,87.24,76.17
2025-03-26,Brazil,Paradip,Fertilizer,Handysize,59474,79.85,594.91,132.2,46.58,87.24,76.17
2025-03-27,Australia,Chennai,Coal,Handymax,98085,81.72,675.13,145.03,40.61,71.3,76.29
2025-03-27,Brazil,Krishnapatnam,Coal,Supramax,63628,87.58,675.13,145.03,40.61,71.3,76.29
2025-03-27,Brazil,Kakinada,Iron Ore,Handysize,111629,84.9,675.13,145.03,40.61,71.3,76.29
2025-03-27,Brazil,Chennai,Wheat,Handymax,26420,78.98,675.13,145.03,40.61,71.3,76.29
2025-03-27,Indonesia,Chennai,Fertilizer,Handysize,59277,75.73,675.13,145.03,40.61,71.3,76.29
2025-03-27,Brazil,Krishnapatnam,Coal,Supramax,91974,86.09,675.13,145.03,40.61,71.3,76.29
2025-03-27,Indonesia,Kakinada,Iron Ore,Handysize,88087,82.11,675.13,145.03,40.61,71.3,76.29
2025-03-27,Australia,Paradip,Bauxite,Capesize,103226,94.58,675.13,145.03,40.61,71.3,76.29
2025-03-28,South Africa,Visakhapatnam,Bauxite,Handymax,21737,78.99,702.56,85.83,56.94,55.2,75.62
2025-03-28,South Africa,Paradip,Coal,Panamax,46507,82.9,702.56,85.83,56.94,55.2,75.62
2025-03-28,Australia,Krishnapatnam,Coal,Handysize,73678,78.35,702.56,85.83,56.94,55.2,75.62
2025-03-28,Indonesia,Chennai,Coal,Handysize,117759,79.9,702.56,85.83,56.94,55.2,75.62
2025-03-28,Australia,Kakinada,Bauxite,Handysize,86141,74.36,702.56,85.83,56.94,55.2,75.62
2025-03-28,Australia,Krishnapatnam,Bauxite,Supramax,116729,86.55,702.56,85.83,56.94,55.2,75.62
2025-03-28,South Africa,Paradip,Fertilizer,Panamax,116799,84.58,702.56,85.83,56.94,55.2,75.62
2025-03-28,Russia,Krishnapatnam,Bauxite,Capesize,37165,93.23,702.56,85.83,56.94,55.2,75.62
2025-03-29,Russia,Paradip,Coal,Capesize,73117,93.97,728.65,157.8,5.0,62.61,51.9
2025-03-29,Brazil,Paradip,Bauxite,Handymax,68445,83.63,728.65,157.8,5.0,62.61,51.9
2025-03-29,Australia,Krishnapatnam,Coal,Supramax,74571,85.03,728.65,157.8,5.0,62.61,51.9
2025-03-29,Australia,Kakinada,Iron Ore,Capesize,71879,98.63,728.65,157.8,5.0,62.61,51.9
2025-03-29,Brazil,Chennai,Wheat,Supramax,36620,81.28,728.65,157.8,5.0,62.61,51.9
2025-03-29,Russia,Krishnapatnam,Wheat,Capesize,72727,90.07,728.65,157.8,5.0,62.61,51.9
2025-03-29,Russia,Paradip,Iron Ore,Panamax,21977,87.42,728.65,157.8,5.0,62.61,51.9
2025-03-29,Russia,Visakhapatnam,Fertilizer,Supramax,67178,81.52,728.65,157.8,5.0,62.61,51.9
2025-03-30,Australia,Krishnapatnam,Wheat,Handysize,85081,78.91,534.98,140.68,40.16,60.51,44.79
2025-03-30,Indonesia,Kakinada,Bauxite,Supramax,40377,82.07,534.98,140.68,40.16,60.51,44.79
2025-03-30,Australia,Krishnapatnam,Iron Ore,Handymax,52967,82.26,534.98,140.68,40.16,60.51,44.79
2025-03-30,South Africa,Visakhapatnam,Iron Ore,Capesize,115892,92.81,534.98,140.68,40.16,60.51,44.79
2025-03-30,Australia,Kakinada,Wheat,Handysize,118110,77.31,534.98,140.68,40.16,60.51,44.79
2025-03-30,Australia,Visakhapatnam,Coal,Handysize,104583,79.97,534.98,140.68,40.16,60.51,44.79
2025-03-30,Indonesia,Krishnapatnam,Iron Ore,Capesize,106578,91.98,534.98,140.68,40.16,60.51,44.79
2025-03-30,South Africa,Paradip,Coal,Handysize,119238,80.46,534.98,140.68,40.16,60.51,44.79
2025-03-31,Brazil,Visakhapatnam,Bauxite,Handymax,78377,79.52,562.59,139.34,53.2,49.71,54.99
2025-03-31,Brazil,Visakhapatnam,Bauxite,Capesize,26230,87.74,562.59,139.34,53.2,49.71,54.99
2025-03-31,Australia,Visakhapatnam,Fertilizer,Panamax,60071,81.61,562.59,139.34,53.2,49.71,54.99
2025-03-31,Russia,Krishnapatnam,Fertilizer,Handysize,88011,75.83,562.59,139.34,53.2,49.71,54.99
2025-03-31,South Africa,Visakhapatnam,Fertilizer,Handymax,26703,77.27,562.59,139.34,53.2,49.71,54.99
2025-03-31,Brazil,Chennai,Iron Ore,Panamax,60970,86.46,562.59,139.34,53.2,49.71,54.99
2025-03-31,South Africa,Paradip,Iron Ore,Supramax,93759,88.36,562.59,139.34,53.2,49.71,54.99
2025-03-31,Australia,Paradip,Wheat,Handysize,56376,73.84,562.59,139.34,53.2,49.71,54.99
2025-04-01,Russia,Kakinada,Wheat,Handymax,83193,75.17,585.9,141.6,28.33,92.38,89.34
2025-04-01,Brazil,Krishnapatnam,Fertilizer,Capesize,54129,87.85,585.9,141.6,28.33,92.38,89.34
2025-04-01,Russia,Krishnapatnam,Bauxite,Capesize,109501,92.36,585.9,141.6,28.33,92.38,89.34
2025-04-01,Indonesia,Visakhapatnam,Wheat,Capesize,119958,88.53,585.9,141.6,28.33,92.38,89.34
2025-04-01,South Africa,Paradip,Bauxite,Capesize,91107,91.3,585.9,141.6,28.33,92.38,89.34
2025-04-01,Australia,Krishnapatnam,Iron Ore,Panamax,65572,89.14,585.9,141.6,28.33,92.38,89.34
2025-04-01,Russia,Visakhapatnam,Iron Ore,Panamax,57945,86.96,585.9,141.6,28.33,92.38,89.34
2025-04-01,South Africa,Paradip,Iron Ore,Supramax,59872,86.44,585.9,141.6,28.33,92.38,89.34
2025-04-02,Brazil,Visakhapatnam,Iron Ore,Supramax,53239,91.0,708.44,148.98,71.29,63.98,72.1
2025-04-02,South Africa,Visakhapatnam,Bauxite,Capesize,96088,98.33,708.44,148.98,71.29,63.98,72.1
2025-04-02,Indonesia,Visakhapatnam,Coal,Handymax,83221,85.21,708.44,148.98,71.29,63.98,72.1
2025-04-02,Australia,Visakhapatnam,Fertilizer,Capesize,102452,94.5,708.44,148.98,71.29,63.98,72.1
2025-04-02,Indonesia,Chennai,Iron Ore,Panamax,63307,95.52,708.44,148.98,71.29,63.98,72.1
2025-04-02,Russia,Chennai,Wheat,Handymax,35639,82.47,708.44,148.98,71.29,63.98,72.1
2025-04-02,South Africa,Visakhapatnam,Wheat,Panamax,73478,92.01,708.44,148.98,71.29,63.98,72.1
2025-04-02,South Africa,Visakhapatnam,Bauxite,Supramax,27505,90.51,708.44,148.98,71.29,63.98,72.1
2025-04-03,Brazil,Chennai,Fertilizer,Handysize,119028,79.15,555.3,139.07,26.13,98.94,70.47
2025-04-03,Australia,Kakinada,Coal,Handymax,73880,79.49,555.3,139.07,26.13,98.94,70.47
2025-04-03,Russia,Chennai,Bauxite,Handysize,72176,83.9,555.3,139.07,26.13,98.94,70.47
2025-04-03,Russia,Krishnapatnam,Bauxite,Capesize,116491,93.36,555.3,139.07,26.13,98.94,70.47
2025-04-03,South Africa,Chennai,Fertilizer,Supramax,76847,85.55,555.3,139.07,26.13,98.94,70.47
2025-04-03,Russia,Paradip,Coal,Panamax,41533,84.32,555.3,139.07,26.13,98.94,70.47
2025-04-03,South Africa,Kakinada,Bauxite,Handysize,62721,78.65,555.3,139.07,26.13,98.94,70.47
2025-04-03,South Africa,Visakhapatnam,Bauxite,Handymax,45475,78.62,555.3,139.07,26.13,98.94,70.47
2025-04-04,Russia,Paradip,Iron Ore,Panamax,102049,84.58,536.0,115.42,46.56,62.57,63.99
2025-04-04,Indonesia,Kakinada,Bauxite,Panamax,117304,85.11,536.0,115.42,46.56,62.57,63.99
2025-04-04,Indonesia,Chennai,Fertilizer,Panamax,118718,79.58,536.0,115.42,46.56,62.57,63.99
2025-04-04,South Africa,Visakhapatnam,Wheat,Panamax,67788,77.5,536.0,115.42,46.56,62.57,63.99
2025-04-04,Russia,Visakhapatnam,Wheat,Handysize,46108,73.1,536.0,115.42,46.56,62.57,63.99
2025-04-04,South Africa,Kakinada,Coal,Handysize,118907,75.51,536.0,115.42,46.56,62.57,63.99
2025-04-04,Russia,Krishnapatnam,Fertilizer,Capesize,91580,85.16,536.0,115.42,46.56,62.57,63.99
2025-04-04,Brazil,Chennai,Bauxite,Capesize,85921,87.82,536.0,115.42,46.56,62.57,63.99
2025-04-05,Indonesia,Krishnapatnam,Coal,Handysize,100560,78.13,702.78,146.35,72.18,55.1,81.17
2025-04-05,Brazil,Paradip,Wheat,Supramax,36712,82.55,702.78,146.35,72.18,55.1,81.17
2025-04-05,South Africa,Kakinada,Fertilizer,Capesize,106426,95.8,702.78,146.35,72.18,55.1,81.17
2025-04-05,Indonesia,Krishnapatnam,Wheat,Handymax,77314,80.47,702.78,146.35,72.18,55.1,81.17
2025-04-05,Australia,Paradip,Iron Ore,Panamax,38323,88.88,702.78,146.35,72.18,55.1,81.17
2025-04-05,South Africa,Visakhapatnam,Wheat,Supramax,73828,82.34,702.78,146.35,72.18,55.1,81.17
2025-04-05,South Africa,Kakinada,Wheat,Supramax,103649,85.98,702.78,146.35,72.18,55.1,81.17
2025-04-05,Indonesia,Visakhapatnam,Iron Ore,Handysize,80216,83.35,702.78,146.35,72.18,55.1,81.17
2025-04-06,Indonesia,Chennai,Coal,Handysize,28162,74.39,666.34,90.81,32.93,72.54,49.23
2025-04-06,Russia,Kakinada,Bauxite,Capesize,73054,87.71,666.34,90.81,32.93,72.54,49.23
2025-04-06,Brazil,Paradip,Bauxite,Panamax,59162,87.18,666.34,90.81,32.93,72.54,49.23
2025-04-06,Russia,Visakhapatnam,Coal,Handysize,59991,74.97,666.34,90.81,32.93,72.54,49.23
2025-04-06,Brazil,Krishnapatnam,Fertilizer,Panamax,58328,83.0,666.34,90.81,32.93,72.54,49.23
2025-04-06,Russia,Paradip,Coal,Panamax,75789,81.81,666.34,90.81,32.93,72.54,49.23
2025-04-06,Brazil,Chennai,Coal,Capesize,90669,92.47,666.34,90.81,32.93,72.54,49.23
2025-04-06,Australia,Paradip,Wheat,Handysize,30404,75.34,666.34,90.81,32.93,72.54,49.23
2025-04-07,South Africa,Kakinada,Fertilizer,Capesize,44592,88.94,769.73,106.03,23.58,92.76,64.62
2025-04-07,Australia,Paradip,Wheat,Handymax,94103,83.1,769.73,106.03,23.58,92.76,64.62
2025-04-07,Russia,Chennai,Fertilizer,Panamax,113107,87.35,769.73,106.03,23.58,92.76,64.62
2025-04-07,Indonesia,Kakinada,Bauxite,Capesize,38855,90.51,769.73,106.03,23.58,92.76,64.62
2025-04-07,Indonesia,Visakhapatnam,Wheat,Capesize,31876,86.19,769.73,106.03,23.58,92.76,64.62
2025-04-07,Australia,Kakinada,Fertilizer,Supramax,22755,82.13,769.73,106.03,23.58,92.76,64.62
2025-04-07,Russia,Paradip,Fertilizer,Supramax,74074,85.63,769.73,106.03,23.58,92.76,64.62
2025-04-07,Indonesia,Visakhapatnam,Bauxite,Capesize,102150,95.36,769.73,106.03,23.58,92.76,64.62
2025-04-08,Australia,Paradip,Fertilizer,Handysize,111535,83.61,747.92,118.08,72.97,72.77,58.39
2025-04-08,Brazil,Visakhapatnam,Iron Ore,Handymax,27650,84.32,747.92,118.08,72.97,72.77,58.39
2025-04-08,Russia,Visakhapatnam,Iron Ore,Handymax,47752,86.64,747.92,118.08,72.97,72.77,58.39
2025-04-08,Indonesia,Chennai,Bauxite,Supramax,32708,86.72,747.92,118.08,72.97,72.77,58.39
2025-04-08,Australia,Visakhapatnam,Coal,Handysize,60571,83.72,747.92,118.08,72.97,72.77,58.39
2025-04-08,Australia,Paradip,Bauxite,Capesize,113517,98.48,747.92,118.08,72.97,72.77,58.39
2025-04-08,Australia,Kakinada,Bauxite,Supramax,35913,88.13,747.92,118.08,72.97,72.77,58.39
2025-04-08,Australia,Krishnapatnam,Iron Ore,Panamax,73881,95.71,747.92,118.08,72.97,72.77,58.39
2025-04-09,Australia,Paradip,Bauxite,Handysize,42837,80.65,602.43,89.98,45.13,83.07,25.76
2025-04-09,Indonesia,Visakhapatnam,Bauxite,Panamax,80538,89.76,602.43,89.98,45.13,83.07,25.76
2025-04-09,Indonesia,Kakinada,Fertilizer,Supramax,56417,80.82,602.43,89.98,45.13,83.07,25.76
2025-04-09,South Africa,Chennai,Iron Ore,Handysize,92886,78.15,602.43,89.98,45.13,83.07,25.76
2025-04-09,Indonesia,Chennai,Coal,Handysize,58126,79.63,602.43,89.98,45.13,83.07,25.76
2025-04-09,Indonesia,Chennai,Iron Ore,Handymax,52035,81.6,602.43,89.98,45.13,83.07,25.76
2025-04-09,Brazil,Visakhapatnam,Bauxite,Panamax,102525,89.97,602.43,89.98,45.13,83.07,25.76
2025-04-09,Australia,Krishnapatnam,Wheat,Panamax,46691,83.62,602.43,89.98,45.13,83.07,25.76
2025-04-10,Indonesia,Paradip,Iron Ore,Handysize,60103,79.23,848.41,120.51,38.03,61.33,77.19
2025-04-10,Australia,Chennai,Coal,Handymax,90827,83.81,848.41,120.51,38.03,61.33,77.19
2025-04-10,Russia,Kakinada,Bauxite,Capesize,93123,96.68,848.41,120.51,38.03,61.33,77.19
2025-04-10,South Africa,Paradip,Fertilizer,Panamax,113880,92.59,848.41,120.51,38.03,61.33,77.19
2025-04-10,Australia,Visakhapatnam,Fertilizer,Capesize,93338,93.41,848.41,120.51,38.03,61.33,77.19
2025-04-10,Australia,Krishnapatnam,Coal,Panamax,30552,86.99,848.41,120.51,38.03,61.33,77.19
2025-04-10,Russia,Visakhapatnam,Coal,Panamax,88275,87.68,848.41,120.51,38.03,61.33,77.19
2025-04-10,Brazil,Krishnapatnam,Coal,Supramax,110397,87.59,848.41,120.51,38.03,61.33,77.19
2025-04-11,Australia,Kakinada,Fertilizer,Panamax,108566,90.63,737.79,110.57,60.78,73.93,56.06
2025-04-11,Indonesia,Kakinada,Bauxite,Handymax,109207,89.31,737.79,110.57,60.78,73.93,56.06
2025-04-11,Australia,Kakinada,Coal,Handymax,89504,84.81,737.79,110.57,60.78,73.93,56.06
2025-04-11,South Africa,Paradip,Fertilizer,Capesize,117565,94.49,737.79,110.57,60.78,73.93,56.06
2025-04-11,Australia,Visakhapatnam,Iron Ore,Capesize,101065,96.84,737.79,110.57,60.78,73.93,56.06
2025-04-11,Indonesia,Kakinada,Wheat,Handymax,117251,82.74,737.79,110.57,60.78,73.93,56.06
2025-04-11,Brazil,Visakhapatnam,Coal,Handysize,37697,83.86,737.79,110.57,60.78,73.93,56.06
2025-04-11,South Africa,Visakhapatnam,Coal,Panamax,72216,89.15,737.79,110.57,60.78,73.93,56.06
2025-04-12,Indonesia,Visakhapatnam,Fertilizer,Handysize,48240,76.46,820.18,90.45,45.44,68.19,46.1
2025-04-12,Australia,Krishnapatnam,Iron Ore,Supramax,43391,91.52,820.18,90.45,45.44,68.19,46.1
2025-04-12,Brazil,Visakhapatnam,Bauxite,Supramax,60642,86.68,820.18,90.45,45.44,68.19,46.1
2025-04-12,Brazil,Paradip,Coal,Capesize,111606,93.98,820.18,90.45,45.44,68.19,46.1
2025-04-12,Australia,Krishnapatnam,Iron Ore,Supramax,116463,90.5,820.18,90.45,45.44,68.19,46.1
2025-04-12,South Africa,Chennai,Wheat,Capesize,45785,87.47,820.18,90.45,45.44,68.19,46.1
2025-04-12,Australia,Kakinada,Iron Ore,Panamax,62756,88.66,820.18,90.45,45.44,68.19,46.1
2025-04-12,Brazil,Chennai,Fertilizer,Panamax,104428,89.41,820.18,90.45,45.44,68.19,46.1
2025-04-13,South Africa,Chennai,Iron Ore,Supramax,95563,79.05,585.8,135.51,26.83,61.72,73.47
2025-04-13,Brazil,Visakhapatnam,Wheat,Handymax,36788,72.37,585.8,135.51,26.83,61.72,73.47
2025-04-13,Brazil,Visakhapatnam,Fertilizer,Handysize,23038,73.33,585.8,135.51,26.83,61.72,73.47
2025-04-13,Indonesia,Kakinada,Iron Ore,Panamax,102423,83.01,585.8,135.51,26.83,61.72,73.47
2025-04-13,Russia,Paradip,Coal,Capesize,42883,82.39,585.8,135.51,26.83,61.72,73.47
2025-04-13,Russia,Visakhapatnam,Iron Ore,Handysize,39895,75.12,585.8,135.51,26.83,61.72,73.47
2025-04-13,Indonesia,Kakinada,Wheat,Handymax,73282,70.98,585.8,135.51,26.83,61.72,73.47
2025-04-13,Brazil,Krishnapatnam,Bauxite,Panamax,30130,85.03,585.8,135.51,26.83,61.72,73.47
2025-04-14,Brazil,Visakhapatnam,Fertilizer,Handymax,46610,75.85,625.26,119.76,24.58,58.7,71.49
2025-04-14,Russia,Chennai,Wheat,Supramax,54226,77.79,625.26,119.76,24.58,58.7,71.49
2025-04-14,Russia,Chennai,Iron Ore,Panamax,35630,84.12,625.26,119.76,24.58,58.7,71.49
2025-04-14,South Africa,Visakhapatnam,Fertilizer,Handymax,24484,75.42,625.26,119.76,24.58,58.7,71.49
2025-04-14,South Africa,Krishnapatnam,Bauxite,Panamax,60544,85.46,625.26,119.76,24.58,58.7,71.49
2025-04-14,Indonesia,Chennai,Bauxite,Handymax,51340,76.17,625.26,119.76,24.58,58.7,71.49
2025-04-14,Russia,Krishnapatnam,Coal,Handymax,94884,75.14,625.26,119.76,24.58,58.7,71.49
2025-04-14,Indonesia,Paradip,Bauxite,Panamax,86843,82.24,625.26,119.76,24.58,58.7,71.49
2025-04-15,Brazil,Chennai,Wheat,Panamax,101687,84.26,520.87,116.34,37.47,64.88,35.52
2025-04-15,South Africa,Paradip,Iron Ore,Capesize,59995,91.15,520.87,116.34,37.47,64.88,35.52
2025-04-15,Indonesia,Chennai,Bauxite,Handysize,119957,78.16,520.87,116.34,37.47,64.88,35.52
2025-04-15,Australia,Visakhapatnam,Fertilizer,Panamax,116406,82.82,520.87,116.34,37.47,64.88,35.52
2025-04-15,Russia,Chennai,Coal,Handysize,43671,74.85,520.87,116.34,37.47,64.88,35.52
2025-04-15,Australia,Kakinada,Iron Ore,Supramax,66031,83.89,520.87,116.34,37.47,64.88,35.52
2025-04-15,Russia,Paradip,Bauxite,Capesize,67001,88.14,520.87,116.34,37.47,64.88,35.52
2025-04-15,South Africa,Paradip,Iron Ore,Handymax,115615,81.92,520.87,116.34,37.47,64.88,35.52
2025-04-16,South Africa,Krishnapatnam,Wheat,Handymax,23740,83.37,521.63,128.63,68.67,99.33,58.93
2025-04-16,Russia,Visakhapatnam,Wheat,Handysize,62970,79.91,521.63,128.63,68.67,99.33,58.93
2025-04-16,Indonesia,Chennai,Fertilizer,Capesize,117997,96.35,521.63,128.63,68.67,99.33,58.93
2025-04-16,Indonesia,Kakinada,Fertilizer,Panamax,61672,88.92,521.63,128.63,68.67,99.33,58.93
2025-04-16,Indonesia,Kakinada,Bauxite,Handysize,92671,86.83,521.63,128.63,68.67,99.33,58.93
2025-04-16,South Africa,Krishnapatnam,Iron Ore,Panamax,59880,90.46,521.63,128.63,68.67,99.33,58.93
2025-04-16,Indonesia,Kakinada,Wheat,Capesize,97270,91.51,521.63,128.63,68.67,99.33,58.93
2025-04-16,South Africa,Paradip,Fertilizer,Panamax,73932,89.6,521.63,128.63,68.67,99.33,58.93
2025-04-17,Indonesia,Paradip,Bauxite,Supramax,71905,84.06,631.57,98.25,32.49,83.56,50.24
2025-04-17,Brazil,Kakinada,Fertilizer,Panamax,80146,83.46,631.57,98.25,32.49,83.56,50.24
2025-04-17,Brazil,Visakhapatnam,Fertilizer,Handysize,71241,75.1,631.57,98.25,32.49,83.56,50.24
2025-04-17,Indonesia,Visakhapatnam,Coal,Handysize,103160,79.9,631.57,98.25,32.49,83.56,50.24
2025-04-17,Australia,Paradip,Bauxite,Capesize,28455,90.32,631.57,98.25,32.49,83.56,50.24
2025-04-17,Brazil,Krishnapatnam,Coal,Supramax,57011,81.17,631.57,98.25,32.49,83.56,50.24
2025-04-17,Brazil,Visakhapatnam,Fertilizer,Capesize,97350,88.12,631.57,98.25,32.49,83.56,50.24
2025-04-17,Brazil,Kakinada,Bauxite,Panamax,65599,87.58,631.57,98.25,32.49,83.56,50.24
2025-04-18,South Africa,Krishnapatnam,Coal,Handysize,58867,74.04,626.35,113.18,32.85,60.8,58.63
2025-04-18,South Africa,Krishnapatnam,Wheat,Handysize,67827,73.19,626.35,113.18,32.85,60.8,58.63
2025-04-18,Indonesia,Visakhapatnam,Coal,Panamax,56269,79.59,626.35,113.18,32.85,60.8,58.63
2025-04-18,Russia,Kakinada,Wheat,Supramax,98041,74.72,626.35,113.18,32.85,60.8,58.63
2025-04-18,South Africa,Chennai,Fertilizer,Panamax,70809,84.89,626.35,113.18,32.85,60.8,58.63
2025-04-18,Russia,Chennai,Coal,Handysize,45924,76.58,626.35,113.18,32.85,60.8,58.63
2025-04-18,Australia,Krishnapatnam,Iron Ore,Supramax,114373,84.04,626.35,113.18,32.85,60.8,58.63
2025-04-18,South Africa,Paradip,Iron Ore,Panamax,45565,84.1,626.35,113.18,32.85,60.8,58.63
2025-04-19,South Africa,Chennai,Wheat,Supramax,51106,82.04,524.62,177.37,56.45,87.59,80.83
2025-04-19,Russia,Paradip,Iron Ore,Panamax,118672,94.32,524.62,177.37,56.45,87.59,80.83
2025-04-19,Australia,Krishnapatnam,Wheat,Handymax,21302,80.45,524.62,177.37,56.45,87.59,80.83
2025-04-19,Russia,Paradip,Iron Ore,Capesize,99747,93.15,524.62,177.37,56.45,87.59,80.83
2025-04-19,Brazil,Krishnapatnam,Coal,Panamax,119048,94.92,524.62,177.37,56.45,87.59,80.83
2025-04-19,Russia,Paradip,Wheat,Capesize,72266,89.23,524.62,177.37,56.45,87.59,80.83
2025-04-19,Brazil,Krishnapatnam,Iron Ore,Panamax,86548,95.06,524.62,177.37,56.45,87.59,80.83
2025-04-19,Russia,Paradip,Bauxite,Supramax,97695,91.23,524.62,177.37,56.45,87.59,80.83
2025-04-20,Brazil,Chennai,Iron Ore,Capesize,100990,103.96,788.98,134.44,35.75,86.51,29.09
2025-04-20,Indonesia,Kakinada,Fertilizer,Supramax,58010,92.41,788.98,134.44,35.75,86.51,29.09
2025-04-20,Russia,Paradip,Bauxite,Supramax,42901,91.92,788.98,134.44,35.75,86.51,29.09
2025-04-20,Australia,Chennai,Wheat,Handysize,70430,86.38,788.98,134.44,35.75,86.51,29.09
2025-04-20,South Africa,Paradip,Bauxite,Panamax,108999,99.04,788.98,134.44,35.75,86.51,29.09
2025-04-20,Indonesia,Krishnapatnam,Bauxite,Capesize,97539,97.16,788.98,134.44,35.75,86.51,29.09
2025-04-20,South Africa,Paradip,Bauxite,Panamax,41755,97.59,788.98,134.44,35.75,86.51,29.09
2025-04-20,South Africa,Chennai,Fertilizer,Handymax,63228,84.7,788.98,134.44,35.75,86.51,29.09
2025-04-21,Brazil,Paradip,Wheat,Handysize,67670,82.08,512.97,179.1,64.08,84.54,56.62
2025-04-21,Brazil,Paradip,Bauxite,Supramax,55371,84.56,512.97,179.1,64.08,84.54,56.62
2025-04-21,Indonesia,Kakinada,Fertilizer,Panamax,44584,89.14,512.97,179.1,64.08,84.54,56.62
2025-04-21,Indonesia,Kakinada,Coal,Handymax,33785,83.91,512.97,179.1,64.08,84.54,56.62
2025-04-21,Russia,Paradip,Fertilizer,Capesize,38150,93.42,512.97,179.1,64.08,84.54,56.62
2025-04-21,Brazil,Paradip,Bauxite,Handysize,79257,86.29,512.97,179.1,64.08,84.54,56.62
2025-04-21,Australia,Kakinada,Bauxite,Handysize,34968,79.65,512.97,179.1,64.08,84.54,56.62
2025-04-21,Russia,Kakinada,Fertilizer,Supramax,47436,87.02,512.97,179.1,64.08,84.54,56.62
2025-04-22,South Africa,Paradip,Wheat,Handysize,40581,72.98,617.67,109.97,61.36,48.01,61.95
2025-04-22,Australia,Visakhapatnam,Wheat,Handymax,67390,72.54,617.67,109.97,61.36,48.01,61.95
2025-04-22,Brazil,Paradip,Bauxite,Handymax,51507,81.01,617.67,109.97,61.36,48.01,61.95
2025-04-22,South Africa,Krishnapatnam,Coal,Panamax,86684,85.65,617.67,109.97,61.36,48.01,61.95
2025-04-22,Russia,Visakhapatnam,Coal,Supramax,76413,78.52,617.67,109.97,61.36,48.01,61.95
2025-04-22,Russia,Krishnapatnam,Coal,Handysize,88983,77.58,617.67,109.97,61.36,48.01,61.95
2025-04-22,Australia,Visakhapatnam,Fertilizer,Handymax,74522,74.9,617.67,109.97,61.36,48.01,61.95
2025-04-22,Brazil,Krishnapatnam,Wheat,Supramax,33681,78.13,617.67,109.97,61.36,48.01,61.95
2025-04-23,Brazil,Visakhapatnam,Bauxite,Panamax,40705,94.99,789.27,161.24,53.88,61.18,50.02
2025-04-23,Brazil,Kakinada,Fertilizer,Supramax,23719,88.77,789.27,161.24,53.88,61.18,50.02
2025-04-23,Brazil,Kakinada,Iron Ore,Handymax,84898,88.22,789.27,161.24,53.88,61.18,50.02
2025-04-23,Australia,Paradip,Coal,Handymax,59724,87.52,789.27,161.24,53.88,61.18,50.02
2025-04-23,Brazil,Visakhapatnam,Coal,Handymax,21924,87.35,789.27,161.24,53.88,61.18,50.02
2025-04-23,South Africa,Kakinada,Fertilizer,Panamax,33539,90.59,789.27,161.24,53.88,61.18,50.02
2025-04-23,Australia,Visakhapatnam,Wheat,Supramax,90183,93.57,789.27,161.24,53.88,61.18,50.02
2025-04-23,Australia,Paradip,Coal,Capesize,45814,97.79,789.27,161.24,53.88,61.18,50.02
2025-04-24,Indonesia,Chennai,Iron Ore,Handymax,26400,78.49,744.74,84.8,48.21,66.76,47.83
2025-04-24,South Africa,Chennai,Bauxite,Handymax,46412,79.84,744.74,84.8,48.21,66.76,47.83
2025-04-24,Indonesia,Paradip,Wheat,Handysize,108823,79.18,744.74,84.8,48.21,66.76,47.83
2025-04-24,Indonesia,Chennai,Iron Ore,Handysize,20331,80.14,744.74,84.8,48.21,66.76,47.83
2025-04-24,South Africa,Krishnapatnam,Coal,Capesize,45938,90.39,744.74,84.8,48.21,66.76,47.83
2025-04-24,Brazil,Krishnapatnam,Wheat,Capesize,93110,90.5,744.74,84.8,48.21,66.76,47.83
2025-04-24,Australia,Kakinada,Wheat,Handymax,36553,79.46,744.74,84.8,48.21,66.76,47.83
2025-04-24,South Africa,Paradip,Bauxite,Panamax,87413,90.09,744.74,84.8,48.21,66.76,47.83
2025-04-25,Indonesia,Krishnapatnam,Bauxite,Panamax,95528,85.37,644.99,117.34,54.06,83.1,98.72
2025-04-25,Indonesia,Kakinada,Bauxite,Handysize,59369,74.61,644.99,117.34,54.06,83.1,98.72
2025-04-25,Indonesia,Visakhapatnam,Wheat,Handysize,51114,75.77,644.99,117.34,54.06,83.1,98.72
2025-04-25,South Africa,Krishnapatnam,Coal,Panamax,96394,86.43,644.99,117.34,54.06,83.1,98.72
2025-04-25,Brazil,Kakinada,Wheat,Supramax,87438,84.51,644.99,117.34,54.06,83.1,98.72
2025-04-25,Brazil,Chennai,Fertilizer,Supramax,47447,85.68,644.99,117.34,54.06,83.1,98.72
2025-04-25,Russia,Krishnapatnam,Wheat,Handymax,55793,78.95,644.99,117.34,54.06,83.1,98.72
2025-04-25,Indonesia,Chennai,Iron Ore,Panamax,48967,89.06,644.99,117.34,54.06,83.1,98.72
2025-04-26,Australia,Krishnapatnam,Bauxite,Handymax,75714,70.33,500.45,93.23,29.63,52.75,77.54
2025-04-26,Russia,Krishnapatnam,Fertilizer,Panamax,27403,73.26,500.45,93.23,29.63,52.75,77.54
2025-04-26,Russia,Kakinada,Wheat,Supramax,88326,71.93,500.45,93.23,29.63,52.75,77.54
2025-04-26,Australia,Krishnapatnam,Bauxite,Handymax,69009,67.93,500.45,93.23,29.63,52.75,77.54
2025-04-26,Australia,Paradip,Fertilizer,Handymax,63415,66.9,500.45,93.23,29.63,52.75,77.54
2025-04-26,Russia,Chennai,Wheat,Panamax,48618,74.89,500.45,93.23,29.63,52.75,77.54
2025-04-26,Brazil,Krishnapatnam,Wheat,Capesize,51089,79.77,500.45,93.23,29.63,52.75,77.54
2025-04-26,South Africa,Paradip,Iron Ore,Handymax,92672,72.29,500.45,93.23,29.63,52.75,77.54
2025-04-27,Brazil,Krishnapatnam,Bauxite,Supramax,40103,89.02,750.29,139.99,61.4,80.35,65.44
2025-04-27,South Africa,Krishnapatnam,Coal,Handymax,81891,84.53,750.29,139.99,61.4,80.35,65.44
2025-04-27,South Africa,Paradip,Wheat,Supramax,79141,86.98,750.29,139.99,61.4,80.35,65.44
2025-04-27,Indonesia,Visakhapatnam,Iron Ore,Capesize,113856,101.58,750.29,139.99,61.4,80.35,65.44
2025-04-27,Russia,Paradip,Wheat,Handymax,91978,84.22,750.29,139.99,61.4,80.35,65.44
2025-04-27,Indonesia,Visakhapatnam,Bauxite,Handymax,101518,86.16,750.29,139.99,61.4,80.35,65.44
2025-04-27,Australia,Paradip,Wheat,Handysize,96092,87.4,750.29,139.99,61.4,80.35,65.44
2025-04-27,Russia,Chennai,Bauxite,Handymax,66541,84.87,750.29,139.99,61.4,80.35,65.44
2025-04-28,Indonesia,Chennai,Fertilizer,Handymax,67893,77.2,605.73,152.77,24.83,69.82,45.89
2025-04-28,Brazil,Kakinada,Bauxite,Capesize,41882,91.65,605.73,152.77,24.83,69.82,45.89
2025-04-28,Brazil,Krishnapatnam,Fertilizer,Handysize,45966,77.59,605.73,152.77,24.83,69.82,45.89
2025-04-28,South Africa,Chennai,Fertilizer,Handysize,108632,80.04,605.73,152.77,24.83,69.82,45.89
2025-04-28,Australia,Chennai,Wheat,Handymax,83399,78.54,605.73,152.77,24.83,69.82,45.89
2025-04-28,Russia,Visakhapatnam,Coal,Capesize,34857,89.73,605.73,152.77,24.83,69.82,45.89
2025-04-28,Russia,Krishnapatnam,Wheat,Capesize,105564,93.61,605.73,152.77,24.83,69.82,45.89
2025-04-28,Australia,Krishnapatnam,Wheat,Capesize,46418,81.87,605.73,152.77,24.83,69.82,45.89
2025-04-29,South Africa,Kakinada,Fertilizer,Handymax,47296,82.72,620.49,142.14,63.64,88.27,75.88
2025-04-29,Russia,Krishnapatnam,Wheat,Handymax,113800,80.02,620.49,142.14,63.64,88.27,75.88
2025-04-29,South Africa,Chennai,Wheat,Panamax,63848,90.39,620.49,142.14,63.64,88.27,75.88
2025-04-29,Australia,Chennai,Iron Ore,Panamax,36625,88.47,620.49,142.14,63.64,88.27,75.88
2025-04-29,Australia,Visakhapatnam,Bauxite,Handymax,118408,85.49,620.49,142.14,63.64,88.27,75.88
2025-04-29,Brazil,Paradip,Fertilizer,Handymax,66046,82.45,620.49,142.14,63.64,88.27,75.88
2025-04-29,Indonesia,Krishnapatnam,Iron Ore,Panamax,49100,90.84,620.49,142.14,63.64,88.27,75.88
2025-04-29,South Africa,Krishnapatnam,Coal,Handysize,107982,83.89,620.49,142.14,63.64,88.27,75.88
2025-04-30,Australia,Paradip,Fertilizer,Handysize,34563,74.4,709.65,98.56,47.43,63.56,77.93
2025-04-30,Russia,Visakhapatnam,Coal,Handymax,50622,79.74,709.65,98.56,47.43,63.56,77.93
2025-04-30,Indonesia,Visakhapatnam,Wheat,Panamax,34349,77.69,709.65,98.56,47.43,63.56,77.93
2025-04-30,Indonesia,Krishnapatnam,Coal,Handymax,83766,80.74,709.65,98.56,47.43,63.56,77.93
2025-04-30,Indonesia,Paradip,Bauxite,Handymax,81353,80.09,709.65,98.56,47.43,63.56,77.93
2025-04-30,Russia,Visakhapatnam,Bauxite,Handymax,99668,80.53,709.65,98.56,47.43,63.56,77.93
2025-04-30,Indonesia,Krishnapatnam,Wheat,Handysize,101791,78.63,709.65,98.56,47.43,63.56,77.93
2025-04-30,Australia,Paradip,Iron Ore,Handymax,85976,81.53,709.65,98.56,47.43,63.56,77.93
2025-05-01,South Africa,Paradip,Coal,Handysize,41169,80.45,759.58,172.58,37.6,55.64,53.4
2025-05-01,Australia,Kakinada,Iron Ore,Supramax,65573,85.22,759.58,172.58,37.6,55.64,53.4
2025-05-01,South Africa,Kakinada,Wheat,Capesize,25949,89.7,759.58,172.58,37.6,55.64,53.4
2025-05-01,South Africa,Kakinada,Coal,Handysize,49396,80.27,759.58,172.58,37.6,55.64,53.4
2025-05-01,Russia,Chennai,Fertilizer,Supramax,81155,83.71,759.58,172.58,37.6,55.64,53.4
2025-05-01,Australia,Kakinada,Fertilizer,Supramax,79542,85.03,759.58,172.58,37.6,55.64,53.4
2025-05-01,Indonesia,Chennai,Wheat,Panamax,45132,84.22,759.58,172.58,37.6,55.64,53.4
2025-05-01,South Africa,Visakhapatnam,Iron Ore,Capesize,62440,94.62,759.58,172.58,37.6,55.64,53.4
2025-05-02,Brazil,Krishnapatnam,Wheat,Handysize,69875,79.98,621.88,181.63,52.84,67.12,78.84
2025-05-02,Russia,Chennai,Coal,Handymax,57038,82.04,621.88,181.63,52.84,67.12,78.84
2025-05-02,Australia,Kakinada,Wheat,Panamax,47552,88.06,621.88,181.63,52.84,67.12,78.84
2025-05-02,Brazil,Kakinada,Bauxite,Capesize,64211,92.65,621.88,181.63,52.84,67.12,78.84
2025-05-02,Russia,Krishnapatnam,Fertilizer,Supramax,40059,85.9,621.88,181.63,52.84,67.12,78.84
2025-05-02,Indonesia,Kakinada,Coal,Supramax,88171,87.5,621.88,181.63,52.84,67.12,78.84
2025-05-02,Brazil,Krishnapatnam,Fertilizer,Handysize,35733,77.97,621.88,181.63,52.84,67.12,78.84
2025-05-02,South Africa,Visakhapatnam,Iron Ore,Capesize,68948,96.63,621.88,181.63,52.84,67.12,78.84
2025-05-03,Indonesia,Krishnapatnam,Wheat,Capesize,28016,81.25,627.55,86.75,51.16,68.73,57.88
2025-05-03,Indonesia,Krishnapatnam,Coal,Handymax,74816,74.12,627.55,86.75,51.16,68.73,57.88
2025-05-03,Brazil,Visakhapatnam,Bauxite,Supramax,27138,79.42,627.55,86.75,51.16,68.73,57.88
2025-05-03,Russia,Chennai,Coal,Handysize,108523,74.86,627.55,86.75,51.16,68.73,57.88
2025-05-03,Brazil,Paradip,Wheat,Supramax,106280,80.27,627.55,86.75,51.16,68.73,57.88
2025-05-03,South Africa,Paradip,Coal,Handysize,114782,78.29,627.55,86.75,51.16,68.73,57.88
2025-05-03,Australia,Kakinada,Iron Ore,Handymax,114045,80.04,627.55,86.75,51.16,68.73,57.88
2025-05-03,South Africa,Chennai,Iron Ore,Capesize,31609,85.52,627.55,86.75,51.16,68.73,57.88
2025-05-04,Indonesia,Kakinada,Fertilizer,Capesize,35318,86.5,804.6,146.78,32.23,60.54,60.0
2025-05-04,Australia,Krishnapatnam,Wheat,Supramax,21250,81.99,804.6,146.78,32.23,60.54,60.0
2025-05-04,South Africa,Chennai,Wheat,Capesize,118290,92.95,804.6,146.78,32.23,60.54,60.0
2025-05-04,South Africa,Paradip,Wheat,Capesize,84181,93.05,804.6,146.78,32.23,60.54,60.0
2025-05-04,Brazil,Krishnapatnam,Bauxite,Handymax,117229,86.13,804.6,146.78,32.23,60.54,60.0
2025-05-04,Indonesia,Krishnapatnam,Wheat,Handysize,49587,77.59,804.6,146.78,32.23,60.54,60.0
2025-05-04,Australia,Krishnapatnam,Wheat,Panamax,27358,83.11,804.6,146.78,32.23,60.54,60.0
2025-05-04,Indonesia,Paradip,Wheat,Panamax,49922,85.68,804.6,146.78,32.23,60.54,60.0
2025-05-05,Russia,Paradip,Wheat,Handymax,109942,86.5,770.41,148.59,54.02,82.61,35.52
2025-05-05,Russia,Chennai,Fertilizer,Capesize,95457,94.24,770.41,148.59,54.02,82.61,35.52
2025-05-05,South Africa,Kakinada,Bauxite,Panamax,108013,92.9,770.41,148.59,54.02,82.61,35.52
2025-05-05,Russia,Paradip,Fertilizer,Supramax,50342,91.58,770.41,148.59,54.02,82.61,35.52
2025-05-05,Brazil,Chennai,Fertilizer,Handysize,69146,89.02,770.41,148.59,54.02,82.61,35.52
2025-05-05,Indonesia,Krishnapatnam,Iron Ore,Handymax,48465,93.29,770.41,148.59,54.02,82.61,35.52
2025-05-05,Australia,Paradip,Iron Ore,Handymax,32645,89.62,770.41,148.59,54.02,82.61,35.52
2025-05-05,South Africa,Krishnapatnam,Wheat,Handymax,96411,83.42,770.41,148.59,54.02,82.61,35.52
2025-05-06,Russia,Kakinada,Wheat,Supramax,61609,80.55,736.67,94.61,64.26,80.92,65.04
2025-05-06,Russia,Krishnapatnam,Iron Ore,Supramax,71469,89.58,736.67,94.61,64.26,80.92,65.04
2025-05-06,Brazil,Chennai,Wheat,Handymax,101454,84.12,736.67,94.61,64.26,80.92,65.04
2025-05-06,Australia,Kakinada,Iron Ore,Handysize,56853,82.96,736.67,94.61,64.26,80.92,65.04
2025-05-06,Australia,Paradip,Coal,Capesize,90285,94.57,736.67,94.61,64.26,80.92,65.04
2025-05-06,Indonesia,Paradip,Fertilizer,Supramax,113531,85.27,736.67,94.61,64.26,80.92,65.04
2025-05-06,South Africa,Chennai,Fertilizer,Capesize,31110,92.34,736.67,94.61,64.26,80.92,65.04
2025-05-06,Indonesia,Chennai,Wheat,Handysize,115238,75.91,736.67,94.61,64.26,80.92,65.04
2025-05-07,Russia,Visakhapatnam,Iron Ore,Supramax,48894,87.63,649.53,179.47,61.96,71.02,75.42
2025-05-07,South Africa,Kakinada,Fertilizer,Panamax,83447,86.13,649.53,179.47,61.96,71.02,75.42
2025-05-07,Brazil,Kakinada,Iron Ore,Panamax,107387,92.34,649.53,179.47,61.96,71.02,75.42
2025-05-07,Brazil,Krishnapatnam,Wheat,Handymax,49645,81.31,649.53,179.47,61.96,71.02,75.42
2025-05-07,South Africa,Kakinada,Fertilizer,Panamax,26086,89.23,649.53,179.47,61.96,71.02,75.42
2025-05-07,Australia,Kakinada,Wheat,Handymax,52212,78.0,649.53,179.47,61.96,71.02,75.42
2025-05-07,Australia,Visakhapatnam,Bauxite,Capesize,102186,96.7,649.53,179.47,61.96,71.02,75.42
2025-05-07,South Africa,Paradip,Wheat,Supramax,66002,82.13,649.53,179.47,61.96,71.02,75.42
2025-05-08,Australia,Paradip,Fertilizer,Capesize,117574,102.94,827.35,174.1,58.19,68.38,29.51
2025-05-08,South Africa,Krishnapatnam,Wheat,Panamax,69828,95.4,827.35,174.1,58.19,68.38,29.51
2025-05-08,Australia,Krishnapatnam,Iron Ore,Handysize,51957,90.13,827.35,174.1,58.19,68.38,29.51
2025-05-08,Brazil,Krishnapatnam,Fertilizer,Panamax,55048,93.25,827.35,174.1,58.19,68.38,29.51
2025-05-08,Russia,Chennai,Iron Ore,Handysize,81894,88.14,827.35,174.1,58.19,68.38,29.51
2025-05-08,South Africa,Visakhapatnam,Wheat,Handysize,96685,86.39,827.35,174.1,58.19,68.38,29.51
2025-05-08,South Africa,Kakinada,Iron Ore,Supramax,110544,95.8,827.35,174.1,58.19,68.38,29.51
2025-05-08,Indonesia,Krishnapatnam,Coal,Capesize,106575,100.53,827.35,174.1,58.19,68.38,29.51
2025-05-09,Brazil,Visakhapatnam,Fertilizer,Handysize,71652,70.57,539.23,92.05,53.85,48.07,49.23
2025-05-09,Russia,Visakhapatnam,Coal,Supramax,35485,72.07,539.23,92.05,53.85,48.07,49.23
2025-05-09,Indonesia,Paradip,Wheat,Capesize,116791,83.32,539.23,92.05,53.85,48.07,49.23
2025-05-09,Brazil,Paradip,Iron Ore,Handysize,85939,72.45,539.23,92.05,53.85,48.07,49.23
2025-05-09,Indonesia,Paradip,Coal,Handymax,101796,76.01,539.23,92.05,53.85,48.07,49.23
2025-05-09,Russia,Kakinada,Coal,Handymax,71739,69.1,539.23,92.05,53.85,48.07,49.23
2025-05-09,Indonesia,Krishnapatnam,Wheat,Handymax,97906,72.1,539.23,92.05,53.85,48.07,49.23
2025-05-09,Brazil,Chennai,Wheat,Handymax,89024,73.88,539.23,92.05,53.85,48.07,49.23
2025-05-10,Australia,Kakinada,Iron Ore,Handysize,24305,72.32,550.84,114.75,29.15,70.45,62.05
2025-05-10,South Africa,Kakinada,Bauxite,Capesize,80989,85.83,550.84,114.75,29.15,70.45,62.05
2025-05-10,South Africa,Kakinada,Bauxite,Supramax,90662,77.62,550.84,114.75,29.15,70.45,62.05
2025-05-10,Indonesia,Paradip,Fertilizer,Handymax,81261,73.21,550.84,114.75,29.15,70.45,62.05
2025-05-10,South Africa,Kakinada,Iron Ore,Supramax,66790,81.81,550.84,114.75,29.15,70.45,62.05
2025-05-10,Australia,Paradip,Coal,Handysize,56830,70.86,550.84,114.75,29.15,70.45,62.05
2025-05-10,Australia,Visakhapatnam,Bauxite,Panamax,64587,83.36,550.84,114.75,29.15,70.45,62.05
2025-05-10,South Africa,Krishnapatnam,Bauxite,Panamax,73044,85.76,550.84,114.75,29.15,70.45,62.05
2025-05-11,South Africa,Chennai,Bauxite,Capesize,102509,99.51,823.06,167.95,42.39,60.7,61.23
2025-05-11,Indonesia,Chennai,Iron Ore,Capesize,30080,93.3,823.06,167.95,42.39,60.7,61.23
2025-05-11,Australia,Visakhapatnam,Bauxite,Handysize,65828,84.69,823.06,167.95,42.39,60.7,61.23
2025-05-11,South Africa,Krishnapatnam,Iron Ore,Handymax,103260,85.45,823.06,167.95,42.39,60.7,61.23
2025-05-11,South Africa,Krishnapatnam,Iron Ore,Capesize,47683,96.01,823.06,167.95,42.39,60.7,61.23
2025-05-11,Australia,Krishnapatnam,Iron Ore,Handymax,51766,84.72,823.06,167.95,42.39,60.7,61.23
2025-05-11,Indonesia,Chennai,Iron Ore,Handysize,116948,88.52,823.06,167.95,42.39,60.7,61.23
2025-05-11,Brazil,Krishnapatnam,Iron Ore,Handymax,64889,87.65,823.06,167.95,42.39,60.7,61.23
2025-05-12,Australia,Kakinada,Fertilizer,Capesize,93075,94.43,644.27,141.9,46.02,65.43,70.24
2025-05-12,Indonesia,Chennai,Wheat,Handysize,32805,73.47,644.27,141.9,46.02,65.43,70.24
2025-05-12,Russia,Krishnapatnam,Bauxite,Handysize,84791,80.32,644.27,141.9,46.02,65.43,70.24
2025-05-12,Australia,Chennai,Wheat,Panamax,102935,83.92,644.27,141.9,46.02,65.43,70.24
2025-05-12,Indonesia,Krishnapatnam,Coal,Supramax,21484,79.02,644.27,141.9,46.02,65.43,70.24
2025-05-12,Russia,Kakinada,Wheat,Handymax,107950,80.12,644.27,141.9,46.02,65.43,70.24
2025-05-12,Australia,Paradip,Bauxite,Supramax,106296,83.3,644.27,141.9,46.02,65.43,70.24
2025-05-12,Australia,Krishnapatnam,Wheat,Panamax,53742,83.72,644.27,141.9,46.02,65.43,70.24
2025-05-13,Australia,Visakhapatnam,Coal,Handysize,57917,73.59,610.2,113.35,50.5,59.43,47.82
2025-05-13,Indonesia,Chennai,Iron Ore,Supramax,61838,82.12,610.2,113.35,50.5,59.43,47.82
2025-05-13,Australia,Paradip,Fertilizer,Handymax,51761,73.57,610.2,113.35,50.5,59.43,47.82
2025-05-13,Indonesia,Visakhapatnam,Fertilizer,Panamax,59802,84.14,610.2,113.35,50.5,59.43,47.82
2025-05-13,Indonesia,Kakinada,Bauxite,Capesize,80393,87.39,610.2,113.35,50.5,59.43,47.82
2025-05-13,South Africa,Visakhapatnam,Wheat,Supramax,64569,76.28,610.2,113.35,50.5,59.43,47.82
2025-05-13,Brazil,Kakinada,Coal,Handymax,113897,78.45,610.2,113.35,50.5,59.43,47.82
2025-05-13,South Africa,Kakinada,Wheat,Capesize,88624,85.85,610.2,113.35,50.5,59.43,47.82
2025-05-14,Indonesia,Krishnapatnam,Wheat,Supramax,58451,83.77,608.34,143.56,63.79,92.43,90.31
2025-05-14,Russia,Visakhapatnam,Iron Ore,Panamax,89589,88.95,608.34,143.56,63.79,92.43,90.31
2025-05-14,South Africa,Chennai,Coal,Handysize,58446,80.44,608.34,143.56,63.79,92.43,90.31
2025-05-14,Indonesia,Kakinada,Coal,Handysize,67742,80.79,608.34,143.56,63.79,92.43,90.31
2025-05-14,Australia,Chennai,Coal,Handymax,23558,82.8,608.34,143.56,63.79,92.43,90.31
2025-05-14,Russia,Krishnapatnam,Coal,Panamax,119754,90.67,608.34,143.56,63.79,92.43,90.31
2025-05-14,Australia,Visakhapatnam,Wheat,Panamax,39651,85.68,608.34,143.56,63.79,92.43,90.31
2025-05-14,South Africa,Kakinada,Wheat,Supramax,71705,79.83,608.34,143.56,63.79,92.43,90.31
2025-05-15,Indonesia,Paradip,Wheat,Handysize,117914,82.54,748.14,122.8,64.76,100.0,65.79
2025-05-15,South Africa,Visakhapatnam,Coal,Supramax,93929,87.35,748.14,122.8,64.76,100.0,65.79
2025-05-15,Russia,Visakhapatnam,Wheat,Handysize,106672,82.51,748.14,122.8,64.76,100.0,65.79
2025-05-15,Indonesia,Kakinada,Iron Ore,Capesize,88907,100.73,748.14,122.8,64.76,100.0,65.79
2025-05-15,Australia,Visakhapatnam,Bauxite,Supramax,96585,89.21,748.14,122.8,64.76,100.0,65.79
2025-05-15,Brazil,Paradip,Wheat,Supramax,37910,89.47,748.14,122.8,64.76,100.0,65.79
2025-05-15,Russia,Krishnapatnam,Wheat,Capesize,46678,94.1,748.14,122.8,64.76,100.0,65.79
2025-05-15,Australia,Paradip,Fertilizer,Handysize,119633,85.69,748.14,122.8,64.76,100.0,65.79
2025-05-16,Australia,Paradip,Iron Ore,Capesize,90551,93.51,755.94,111.69,47.55,71.95,54.42
2025-05-16,Australia,Krishnapatnam,Coal,Panamax,29597,81.92,755.94,111.69,47.55,71.95,54.42
2025-05-16,Australia,Kakinada,Bauxite,Handysize,91844,83.15,755.94,111.69,47.55,71.95,54.42
2025-05-16,Brazil,Chennai,Coal,Handysize,115344,79.67,755.94,111.69,47.55,71.95,54.42
2025-05-16,Australia,Paradip,Fertilizer,Capesize,103473,92.31,755.94,111.69,47.55,71.95,54.42
2025-05-16,South Africa,Paradip,Wheat,Handymax,96730,80.21,755.94,111.69,47.55,71.95,54.42
2025-05-16,Australia,Kakinada,Iron Ore,Handymax,73947,84.69,755.94,111.69,47.55,71.95,54.42
2025-05-16,Australia,Paradip,Coal,Capesize,39503,93.63,755.94,111.69,47.55,71.95,54.42
2025-05-17,Brazil,Kakinada,Wheat,Capesize,107138,84.52,656.42,124.37,32.95,73.66,60.69
2025-05-17,Indonesia,Chennai,Coal,Supramax,101985,84.54,656.42,124.37,32.95,73.66,60.69
2025-05-17,Brazil,Kakinada,Coal,Panamax,25302,80.49,656.42,124.37,32.95,73.66,60.69
2025-05-17,Indonesia,Kakinada,Fertilizer,Capesize,50798,86.45,656.42,124.37,32.95,73.66,60.69
2025-05-17,South Africa,Kakinada,Bauxite,Capesize,68901,87.41,656.42,124.37,32.95,73.66,60.69
2025-05-17,Australia,Paradip,Wheat,Handymax,87980,76.8,656.42,124.37,32.95,73.66,60.69
2025-05-17,South Africa,Visakhapatnam,Bauxite,Panamax,108170,87.99,656.42,124.37,32.95,73.66,60.69
2025-05-17,Indonesia,Paradip,Coal,Handymax,68650,73.29,656.42,124.37,32.95,73.66,60.69
2025-05-18,Australia,Chennai,Coal,Handymax,34294,87.73,592.92,176.66,44.53,82.45,56.97
2025-05-18,Indonesia,Kakinada,Wheat,Panamax,106985,85.81,592.92,176.66,44.53,82.45,56.97
2025-05-18,Russia,Krishnapatnam,Coal,Supramax,42352,83.87,592.92,176.66,44.53,82.45,56.97
2025-05-18,Brazil,Chennai,Wheat,Supramax,73901,85.79,592.92,176.66,44.53,82.45,56.97
2025-05-18,Russia,Paradip,Bauxite,Handymax,44029,84.75,592.92,176.66,44.53,82.45,56.97
2025-05-18,South Africa,Visakhapatnam,Wheat,Capesize,103152,91.09,592.92,176.66,44.53,82.45,56.97
2025-05-18,South Africa,Kakinada,Iron Ore,Handysize,93276,83.4,592.92,176.66,44.53,82.45,56.97
2025-05-18,Brazil,Kakinada,Coal,Handymax,107926,85.41,592.92,176.66,44.53,82.45,56.97
2025-05-19,Indonesia,Paradip,Coal,Capesize,101615,87.18,510.2,171.79,44.29,66.09,72.22
2025-05-19,Russia,Kakinada,Bauxite,Capesize,75833,88.79,510.2,171.79,44.29,66.09,72.22
2025-05-19,South Africa,Krishnapatnam,Bauxite,Supramax,100801,83.04,510.2,171.79,44.29,66.09,72.22
2025-05-19,Brazil,Visakhapatnam,Fertilizer,Handysize,52697,74.63,510.2,171.79,44.29,66.09,72.22
2025-05-19,South Africa,Chennai,Coal,Handysize,46841,73.31,510.2,171.79,44.29,66.09,72.22
2025-05-19,Australia,Krishnapatnam,Bauxite,Panamax,105846,84.14,510.2,171.79,44.29,66.09,72.22
2025-05-19,Russia,Paradip,Coal,Supramax,104633,82.91,510.2,171.79,44.29,66.09,72.22
2025-05-19,Russia,Chennai,Bauxite,Handymax,46849,72.55,510.2,171.79,44.29,66.09,72.22
2025-05-20,Indonesia,Krishnapatnam,Fertilizer,Handymax,32169,85.46,636.6,167.75,32.22,99.54,42.42
2025-05-20,Russia,Chennai,Bauxite,Supramax,92082,90.09,636.6,167.75,32.22,99.54,42.42
2025-05-20,South Africa,Visakhapatnam,Wheat,Handysize,25159,80.98,636.6,167.75,32.22,99.54,42.42
2025-05-20,Indonesia,Paradip,Coal,Handymax,115987,85.72,636.6,167.75,32.22,99.54,42.42
2025-05-20,Indonesia,Krishnapatnam,Coal,Handymax,115643,86.06,636.6,167.75,32.22,99.54,42.42
2025-05-20,South Africa,Krishnapatnam,Fertilizer,Handymax,45363,85.24,636.6,167.75,32.22,99.54,42.42
2025-05-20,Russia,Kakinada,Wheat,Supramax,85777,87.49,636.6,167.75,32.22,99.54,42.42
2025-05-20,Indonesia,Kakinada,Iron Ore,Supramax,32745,89.42,636.6,167.75,32.22,99.54,42.42
2025-05-21,South Africa,Visakhapatnam,Iron Ore,Panamax,20002,91.44,693.5,175.78,43.02,71.44,71.77
2025-05-21,South Africa,Visakhapatnam,Wheat,Handymax,69876,79.72,693.5,175.78,43.02,71.44,71.77
2025-05-21,Australia,Kakinada,Fertilizer,Handymax,91533,77.92,693.5,175.78,43.02,71.44,71.77
2025-05-21,South Africa,Chennai,Bauxite,Supramax,24465,85.94,693.5,175.78,43.02,71.44,71.77
2025-05-21,South Africa,Kakinada,Bauxite,Capesize,90463,96.08,693.5,175.78,43.02,71.44,71.77
2025-05-21,Russia,Chennai,Coal,Capesize,42188,90.04,693.5,175.78,43.02,71.44,71.77
2025-05-21,Brazil,Chennai,Wheat,Supramax,33119,87.81,693.5,175.78,43.02,71.44,71.77
2025-05-21,Brazil,Krishnapatnam,Fertilizer,Panamax,68512,90.32,693.5,175.78,43.02,71.44,71.77
2025-05-22,Australia,Visakhapatnam,Iron Ore,Supramax,57880,76.08,558.34,84.42,31.48,56.18,51.8
2025-05-22,South Africa,Krishnapatnam,Bauxite,Handysize,25301,64.91,558.34,84.42,31.48,56.18,51.8
2025-05-22,South Africa,Visakhapatnam,Bauxite,Capesize,36465,79.22,558.34,84.42,31.48,56.18,51.8
2025-05-22,Australia,Chennai,Fertilizer,Supramax,73654,70.64,558.34,84.42,31.48,56.18,51.8
2025-05-22,Brazil,Chennai,Wheat,Handymax,33196,66.66,558.34,84.42,31.48,56.18,51.8
2025-05-22,South Africa,Kakinada,Iron Ore,Capesize,116450,83.07,558.34,84.42,31.48,56.18,51.8
2025-05-22,South Africa,Krishnapatnam,Fertilizer,Capesize,119733,82.85,558.34,84.42,31.48,56.18,51.8
2025-05-22,South Africa,Chennai,Bauxite,Handymax,67635,70.79,558.34,84.42,31.48,56.18,51.8
2025-05-23,Australia,Kakinada,Wheat,Handymax,74888,70.56,623.1,129.3,31.97,42.36,90.9
2025-05-23,Australia,Visakhapatnam,Bauxite,Handymax,116301,72.72,623.1,129.3,31.97,42.36,90.9
2025-05-23,Russia,Kakinada,Fertilizer,Supramax,23388,71.88,623.1,129.3,31.97,42.36,90.9
2025-05-23,Russia,Visakhapatnam,Coal,Handymax,116766,74.97,623.1,129.3,31.97,42.36,90.9
2025-05-23,Brazil,Krishnapatnam,Iron Ore,Handymax,28477,70.73,623.1,129.3,31.97,42.36,90.9
2025-05-23,South Africa,Kakinada,Bauxite,Handymax,63677,71.52,623.1,129.3,31.97,42.36,90.9
2025-05-23,South Africa,Visakhapatnam,Wheat,Supramax,46965,71.95,623.1,129.3,31.97,42.36,90.9
2025-05-23,Russia,Kakinada,Bauxite,Supramax,42840,74.87,623.1,129.3,31.97,42.36,90.9
2025-05-24,Indonesia,Visakhapatnam,Coal,Supramax,57062,84.86,730.31,177.05,40.36,73.63,67.12
2025-05-24,South Africa,Kakinada,Bauxite,Supramax,83887,88.85,730.31,177.05,40.36,73.63,67.12
2025-05-24,Russia,Kakinada,Bauxite,Handysize,89914,86.53,730.31,177.05,40.36,73.63,67.12
2025-05-24,Indonesia,Kakinada,Wheat,Capesize,76335,91.59,730.31,177.05,40.36,73.63,67.12
2025-05-24,Brazil,Chennai,Bauxite,Handysize,77512,84.33,730.31,177.05,40.36,73.63,67.12
2025-05-24,Brazil,Kakinada,Bauxite,Capesize,76809,94.22,730.31,177.05,40.36,73.63,67.12
2025-05-24,Australia,Chennai,Iron Ore,Supramax,68945,89.81,730.31,177.05,40.36,73.63,67.12
2025-05-24,Australia,Krishnapatnam,Bauxite,Capesize,42406,93.63,730.31,177.05,40.36,73.63,67.12
2025-05-25,South Africa,Paradip,Coal,Panamax,84950,83.2,739.18,162.19,40.81,56.49,77.66
2025-05-25,Indonesia,Paradip,Wheat,Handymax,27774,76.91,739.18,162.19,40.81,56.49,77.66
2025-05-25,Indonesia,Chennai,Bauxite,Capesize,33749,91.39,739.18,162.19,40.81,56.49,77.66
2025-05-25,South Africa,Krishnapatnam,Iron Ore,Panamax,109398,89.88,739.18,162.19,40.81,56.49,77.66
2025-05-25,Brazil,Visakhapatnam,Coal,Panamax,79132,88.66,739.18,162.19,40.81,56.49,77.66
2025-05-25,Russia,Visakhapatnam,Coal,Capesize,67693,90.22,739.18,162.19,40.81,56.49,77.66
2025-05-25,Brazil,Visakhapatnam,Coal,Panamax,75671,84.56,739.18,162.19,40.81,56.49,77.66
2025-05-25,Indonesia,Paradip,Coal,Handysize,36469,77.87,739.18,162.19,40.81,56.49,77.66
2025-05-26,Brazil,Paradip,Iron Ore,Capesize,117440,91.4,591.54,99.45,23.38,81.85,38.51
2025-05-26,Russia,Krishnapatnam,Iron Ore,Handysize,53466,75.83,591.54,99.45,23.38,81.85,38.51
2025-05-26,South Africa,Paradip,Iron Ore,Capesize,54486,88.14,591.54,99.45,23.38,81.85,38.51
2025-05-26,Brazil,Kakinada,Wheat,Handymax,82074,78.17,591.54,99.45,23.38,81.85,38.51
2025-05-26,South Africa,Krishnapatnam,Iron Ore,Handymax,51143,80.05,591.54,99.45,23.38,81.85,38.51
2025-05-26,Russia,Paradip,Bauxite,Handymax,80587,79.08,591.54,99.45,23.38,81.85,38.51
2025-05-26,Brazil,Chennai,Bauxite,Handymax,87066,77.91,591.54,99.45,23.38,81.85,38.51
2025-05-26,Australia,Krishnapatnam,Wheat,Handysize,67971,74.47,591.54,99.45,23.38,81.85,38.51
2025-05-27,Russia,Paradip,Wheat,Panamax,113846,85.48,666.36,139.51,34.94,77.34,56.06
2025-05-27,Australia,Kakinada,Wheat,Handymax,83239,73.98,666.36,139.51,34.94,77.34,56.06
2025-05-27,Russia,Chennai,Bauxite,Capesize,76317,91.81,666.36,139.51,34.94,77.34,56.06
2025-05-27,Australia,Kakinada,Fertilizer,Handymax,27489,75.89,666.36,139.51,34.94,77.34,56.06
2025-05-27,Russia,Paradip,Bauxite,Capesize,68164,93.68,666.36,139.51,34.94,77.34,56.06
2025-05-27,Russia,Chennai,Coal,Supramax,83529,85.69,666.36,139.51,34.94,77.34,56.06
2025-05-27,Australia,Krishnapatnam,Bauxite,Supramax,47375,84.34,666.36,139.51,34.94,77.34,56.06
2025-05-27,South Africa,Kakinada,Bauxite,Capesize,100241,92.13,666.36,139.51,34.94,77.34,56.06
2025-05-28,Russia,Visakhapatnam,Iron Ore,Handymax,51741,88.6,716.75,176.9,31.56,82.98,58.72
2025-05-28,South Africa,Visakhapatnam,Wheat,Handymax,116267,87.21,716.75,176.9,31.56,82.98,58.72
2025-05-28,Australia,Krishnapatnam,Coal,Capesize,53754,95.37,716.75,176.9,31.56,82.98,58.72
2025-05-28,South Africa,Krishnapatnam,Bauxite,Handymax,20657,85.91,716.75,176.9,31.56,82.98,58.72
2025-05-28,Indonesia,Visakhapatnam,Wheat,Panamax,51658,90.78,716.75,176.9,31.56,82.98,58.72
2025-05-28,Russia,Paradip,Iron Ore,Panamax,90660,93.63,716.75,176.9,31.56,82.98,58.72
2025-05-28,Australia,Krishnapatnam,Bauxite,Handysize,82586,85.04,716.75,176.9,31.56,82.98,58.72
2025-05-28,Indonesia,Krishnapatnam,Fertilizer,Panamax,118405,85.79,716.75,176.9,31.56,82.98,58.72
2025-05-29,Australia,Paradip,Iron Ore,Handymax,75094,76.07,668.56,87.6,49.04,73.08,73.84
2025-05-29,Australia,Visakhapatnam,Coal,Handysize,46234,72.56,668.56,87.6,49.04,73.08,73.84
2025-05-29,Brazil,Visakhapatnam,Fertilizer,Panamax,107130,81.01,668.56,87.6,49.04,73.08,73.84
2025-05-29,Russia,Chennai,Fertilizer,Supramax,39435,80.15,668.56,87.6,49.04,73.08,73.84
2025-05-29,Brazil,Chennai,Wheat,Handysize,27159,69.75,668.56,87.6,49.04,73.08,73.84
2025-05-29,Brazil,Chennai,Iron Ore,Supramax,21462,76.24,668.56,87.6,49.04,73.08,73.84
2025-05-29,Russia,Paradip,Coal,Panamax,78215,80.56,668.56,87.6,49.04,73.08,73.84
2025-05-29,South Africa,Chennai,Fertilizer,Supramax,67403,77.02,668.56,87.6,49.04,73.08,73.84
2025-05-30,Australia,Kakinada,Fertilizer,Panamax,103380,88.07,591.09,126.41,19.64,86.5,38.64
2025-05-30,Australia,Kakinada,Wheat,Handymax,99735,76.08,591.09,126.41,19.64,86.5,38.64
2025-05-30,Russia,Visakhapatnam,Fertilizer,Panamax,88163,79.6,591.09,126.41,19.64,86.5,38.64
2025-05-30,Russia,Kakinada,Bauxite,Panamax,87355,87.78,591.09,126.41,19.64,86.5,38.64
2025-05-30,Brazil,Chennai,Bauxite,Supramax,20052,81.82,591.09,126.41,19.64,86.5,38.64
2025-05-30,Russia,Kakinada,Wheat,Handysize,71126,73.23,591.09,126.41,19.64,86.5,38.64
2025-05-30,Russia,Visakhapatnam,Coal,Supramax,57014,81.32,591.09,126.41,19.64,86.5,38.64
2025-05-30,Australia,Kakinada,Fertilizer,Handysize,22112,74.51,591.09,126.41,19.64,86.5,38.64
2025-05-31,Indonesia,Paradip,Iron Ore,Panamax,40702,86.82,675.68,137.68,43.19,42.9,64.02
2025-05-31,Russia,Paradip,Coal,Supramax,36773,75.37,675.68,137.68,43.19,42.9,64.02
2025-05-31,Australia,Chennai,Iron Ore,Handymax,96733,81.06,675.68,137.68,43.19,42.9,64.02
2025-05-31,Indonesia,Paradip,Fertilizer,Panamax,44780,80.09,675.68,137.68,43.19,42.9,64.02
2025-05-31,Brazil,Visakhapatnam,Coal,Panamax,47578,80.62,675.68,137.68,43.19,42.9,64.02
2025-05-31,Brazil,Visakhapatnam,Fertilizer,Supramax,71935,77.87,675.68,137.68,43.19,42.9,64.02
2025-05-31,South Africa,Paradip,Bauxite,Supramax,86018,80.98,675.68,137.68,43.19,42.9,64.02
2025-05-31,Australia,Chennai,Fertilizer,Supramax,48667,77.83,675.68,137.68,43.19,42.9,64.02
2025-06-01,Australia,Visakhapatnam,Wheat,Supramax,107359,83.97,835.42,110.16,42.18,84.05,89.73
2025-06-01,Australia,Kakinada,Fertilizer,Panamax,39244,82.72,835.42,110.16,42.18,84.05,89.73
2025-06-01,Brazil,Kakinada,Coal,Handysize,106379,77.01,835.42,110.16,42.18,84.05,89.73
2025-06-01,Australia,Kakinada,Bauxite,Capesize,70636,93.25,835.42,110.16,42.18,84.05,89.73
2025-06-01,Indonesia,Paradip,Bauxite,Supramax,113240,82.25,835.42,110.16,42.18,84.05,89.73
2025-06-01,Australia,Visakhapatnam,Iron Ore,Handysize,39876,75.85,835.42,110.16,42.18,84.05,89.73
2025-06-01,South Africa,Visakhapatnam,Bauxite,Handymax,78242,79.47,835.42,110.16,42.18,84.05,89.73
2025-06-01,Indonesia,Krishnapatnam,Coal,Handysize,71855,78.69,835.42,110.16,42.18,84.05,89.73
2025-06-02,Russia,Paradip,Bauxite,Panamax,29654,82.38,606.48,151.98,26.41,88.4,77.18
2025-06-02,Australia,Krishnapatnam,Wheat,Handymax,89797,78.1,606.48,151.98,26.41,88.4,77.18
2025-06-02,Australia,Visakhapatnam,Wheat,Panamax,115306,79.91,606.48,151.98,26.41,88.4,77.18
2025-06-02,Indonesia,Visakhapatnam,Bauxite,Handysize,67948,78.82,606.48,151.98,26.41,88.4,77.18
2025-06-02,South Africa,Paradip,Iron Ore,Handymax,26210,77.86,606.48,151.98,26.41,88.4,77.18
2025-06-02,Brazil,Chennai,Wheat,Panamax,35845,76.81,606.48,151.98,26.41,88.4,77.18
2025-06-02,Australia,Visakhapatnam,Bauxite,Panamax,101684,81.77,606.48,151.98,26.41,88.4,77.18
2025-06-02,Russia,Krishnapatnam,Iron Ore,Supramax,29987,84.11,606.48,151.98,26.41,88.4,77.18
2025-06-03,Brazil,Visakhapatnam,Coal,Panamax,48807,87.05,744.61,146.55,34.61,78.76,20.5
2025-06-03,South Africa,Paradip,Coal,Panamax,49105,89.3,744.61,146.55,34.61,78.76,20.5
2025-06-03,Australia,Krishnapatnam,Wheat,Capesize,91745,92.45,744.61,146.55,34.61,78.76,20.5
2025-06-03,South Africa,Paradip,Bauxite,Handysize,24908,80.08,744.61,146.55,34.61,78.76,20.5
2025-06-03,Australia,Krishnapatnam,Iron Ore,Capesize,53590,94.1,744.61,146.55,34.61,78.76,20.5
2025-06-03,Indonesia,Kakinada,Iron Ore,Capesize,47716,94.73,744.61,146.55,34.61,78.76,20.5
2025-06-03,Russia,Krishnapatnam,Bauxite,Handymax,66422,84.06,744.61,146.55,34.61,78.76,20.5
2025-06-03,Australia,Chennai,Fertilizer,Handymax,61273,84.23,744.61,146.55,34.61,78.76,20.5
2025-06-04,Australia,Kakinada,Fertilizer,Capesize,69160,90.99,839.1,127.8,51.31,56.14,55.14
2025-06-04,Russia,Kakinada,Fertilizer,Handysize,54845,76.06,839.1,127.8,51.31,56.14,55.14
2025-06-04,Brazil,Chennai,Bauxite,Panamax,52790,88.08,839.1,127.8,51.31,56.14,55.14
2025-06-04,Russia,Visakhapatnam,Coal,Panamax,32336,87.12,839.1,127.8,51.31,56.14,55.14
2025-06-04,Australia,Visakhapatnam,Fertilizer,Handymax,76175,81.25,839.1,127.8,51.31,56.14,55.14
2025-06-04,Australia,Visakhapatnam,Wheat,Panamax,41749,84.91,839.1,127.8,51.31,56.14,55.14
2025-06-04,Brazil,Visakhapatnam,Coal,Capesize,20847,92.99,839.1,127.8,51.31,56.14,55.14
2025-06-04,Indonesia,Visakhapatnam,Wheat,Capesize,79452,89.25,839.1,127.8,51.31,56.14,55.14
2025-06-05,Australia,Krishnapatnam,Iron Ore,Supramax,109552,78.02,536.77,94.26,69.31,58.48,45.26
2025-06-05,South Africa,Kakinada,Fertilizer,Capesize,30496,81.91,536.77,94.26,69.31,58.48,45.26
2025-06-05,Indonesia,Krishnapatnam,Iron Ore,Capesize,76454,82.31,536.77,94.26,69.31,58.48,45.26
2025-06-05,Australia,Krishnapatnam,Wheat,Panamax,41610,78.95,536.77,94.26,69.31,58.48,45.26
2025-06-05,South Africa,Visakhapatnam,Wheat,Supramax,91864,75.33,536.77,94.26,69.31,58.48,45.26
2025-06-05,South Africa,Kakinada,Fertilizer,Capesize,79750,82.99,536.77,94.26,69.31,58.48,45.26
2025-06-05,South Africa,Kakinada,Iron Ore,Panamax,56313,83.84,536.77,94.26,69.31,58.48,45.26
2025-06-05,Indonesia,Krishnapatnam,Wheat,Supramax,34275,74.94,536.77,94.26,69.31,58.48,45.26
2025-06-06,Russia,Krishnapatnam,Bauxite,Handysize,34026,79.86,766.29,169.49,59.98,68.28,92.41
2025-06-06,Indonesia,Chennai,Wheat,Handymax,26951,77.41,766.29,169.49,59.98,68.28,92.41
2025-06-06,Brazil,Krishnapatnam,Wheat,Handymax,39938,80.04,766.29,169.49,59.98,68.28,92.41
2025-06-06,Australia,Kakinada,Iron Ore,Supramax,39225,86.65,766.29,169.49,59.98,68.28,92.41
2025-06-06,Brazil,Kakinada,Iron Ore,Handysize,116740,80.33,766.29,169.49,59.98,68.28,92.41
2025-06-06,Indonesia,Paradip,Coal,Panamax,61736,86.22,766.29,169.49,59.98,68.28,92.41
2025-06-06,Russia,Kakinada,Coal,Handymax,83698,80.56,766.29,169.49,59.98,68.28,92.41
2025-06-06,South Africa,Krishnapatnam,Fertilizer,Capesize,119284,89.25,766.29,169.49,59.98,68.28,92.41
2025-06-07,Russia,Chennai,Iron Ore,Handysize,74853,73.82,743.08,88.67,54.43,59.17,100.0
2025-06-07,Indonesia,Kakinada,Iron Ore,Handysize,82423,70.76,743.08,88.67,54.43,59.17,100.0
2025-06-07,South Africa,Paradip,Bauxite,Supramax,32131,75.3,743.08,88.67,54.43,59.17,100.0
2025-06-07,South Africa,Visakhapatnam,Bauxite,Handysize,102540,73.48,743.08,88.67,54.43,59.17,100.0
2025-06-07,Indonesia,Kakinada,Coal,Handymax,101806,70.55,743.08,88.67,54.43,59.17,100.0
2025-06-07,Indonesia,Kakinada,Iron Ore,Handysize,114229,74.74,743.08,88.67,54.43,59.17,100.0
2025-06-07,Russia,Chennai,Iron Ore,Handysize,97121,70.35,743.08,88.67,54.43,59.17,100.0
2025-06-07,Russia,Kakinada,Fertilizer,Handysize,27800,68.34,743.08,88.67,54.43,59.17,100.0
2025-06-08,Australia,Chennai,Bauxite,Panamax,47257,77.87,561.36,86.21,47.26,85.16,74.43
2025-06-08,South Africa,Chennai,Coal,Capesize,63200,82.83,561.36,86.21,47.26,85.16,74.43
2025-06-08,Indonesia,Visakhapatnam,Fertilizer,Capesize,52867,84.91,561.36,86.21,47.26,85.16,74.43
2025-06-08,Australia,Paradip,Bauxite,Capesize,68528,85.25,561.36,86.21,47.26,85.16,74.43
2025-06-08,Indonesia,Krishnapatnam,Iron Ore,Supramax,116520,79.54,561.36,86.21,47.26,85.16,74.43
2025-06-08,South Africa,Chennai,Bauxite,Capesize,106896,80.22,561.36,86.21,47.26,85.16,74.43
2025-06-08,Indonesia,Kakinada,Bauxite,Handysize,65621,69.85,561.36,86.21,47.26,85.16,74.43
2025-06-08,Australia,Kakinada,Wheat,Supramax,47423,71.66,561.36,86.21,47.26,85.16,74.43
2025-06-09,Indonesia,Kakinada,Wheat,Panamax,115921,82.82,729.22,109.76,37.0,91.8,65.52
2025-06-09,Indonesia,Krishnapatnam,Coal,Capesize,107226,89.08,729.22,109.76,37.0,91.8,65.52
2025-06-09,Australia,Kakinada,Iron Ore,Capesize,44305,86.43,729.22,109.76,37.0,91.8,65.52
2025-06-09,Brazil,Visakhapatnam,Bauxite,Panamax,61993,84.82,729.22,109.76,37.0,91.8,65.52
2025-06-09,Australia,Visakhapatnam,Fertilizer,Capesize,30931,87.74,729.22,109.76,37.0,91.8,65.52
2025-06-09,Russia,Chennai,Iron Ore,Handysize,77040,75.87,729.22,109.76,37.0,91.8,65.52
2025-06-09,Russia,Paradip,Bauxite,Handysize,49756,77.59,729.22,109.76,37.0,91.8,65.52
2025-06-09,Australia,Krishnapatnam,Fertilizer,Handysize,31734,72.26,729.22,109.76,37.0,91.8,65.52
2025-06-10,South Africa,Paradip,Coal,Capesize,63436,84.23,624.67,103.06,30.59,56.55,46.91
2025-06-10,Russia,Visakhapatnam,Fertilizer,Panamax,28175,76.94,624.67,103.06,30.59,56.55,46.91
2025-06-10,Brazil,Visakhapatnam,Bauxite,Capesize,25721,85.3,624.67,103.06,30.59,56.55,46.91
2025-06-10,Brazil,Krishnapatnam,Bauxite,Handysize,62693,72.55,624.67,103.06,30.59,56.55,46.91
2025-06-10,Indonesia,Chennai,Bauxite,Capesize,22661,82.4,624.67,103.06,30.59,56.55,46.91
2025-06-10,Indonesia,Krishnapatnam,Coal,Capesize,62330,81.39,624.67,103.06,30.59,56.55,46.91
2025-06-10,Russia,Kakinada,Fertilizer,Panamax,27986,73.15,624.67,103.06,30.59,56.55,46.91
2025-06-10,Australia,Chennai,Bauxite,Panamax,68142,80.9,624.67,103.06,30.59,56.55,46.91
2025-06-11,Australia,Chennai,Coal,Handysize,50825,75.04,732.57,107.85,38.44,77.58,67.2
2025-06-11,Russia,Chennai,Coal,Handysize,49129,73.9,732.57,107.85,38.44,77.58,67.2
2025-06-11,Australia,Krishnapatnam,Bauxite,Handymax,100707,79.67,732.57,107.85,38.44,77.58,67.2
2025-06-11,Australia,Chennai,Coal,Supramax,115279,77.38,732.57,107.85,38.44,77.58,67.2
2025-06-11,Brazil,Chennai,Wheat,Panamax,45525,83.9,732.57,107.85,38.44,77.58,67.2
2025-06-11,Australia,Visakhapatnam,Bauxite,Handymax,117403,80.04,732.57,107.85,38.44,77.58,67.2
2025-06-11,Russia,Visakhapatnam,Bauxite,Capesize,49264,88.1,732.57,107.85,38.44,77.58,67.2
2025-06-11,Brazil,Chennai,Coal,Handymax,111546,75.3,732.57,107.85,38.44,77.58,67.2
2025-06-12,South Africa,Chennai,Fertilizer,Handymax,67698,75.78,792.67,105.47,41.12,43.66,36.32
2025-06-12,Russia,Paradip,Iron Ore,Handymax,48767,79.56,792.67,105.47,41.12,43.66,36.32
2025-06-12,South Africa,Krishnapatnam,Iron Ore,Panamax,96193,82.45,792.67,105.47,41.12,43.66,36.32
2025-06-12,Australia,Visakhapatnam,Wheat,Handymax,98806,75.12,792.67,105.47,41.12,43.66,36.32
2025-06-12,Indonesia,Paradip,Wheat,Panamax,45164,81.18,792.67,105.47,41.12,43.66,36.32
2025-06-12,South Africa,Krishnapatnam,Coal,Panamax,40721,82.22,792.67,105.47,41.12,43.66,36.32
2025-06-12,Indonesia,Paradip,Iron Ore,Panamax,49319,80.12,792.67,105.47,41.12,43.66,36.32
2025-06-12,Indonesia,Kakinada,Wheat,Handysize,62193,78.8,792.67,105.47,41.12,43.66,36.32
2025-06-13,South Africa,Kakinada,Wheat,Panamax,92118,76.42,527.27,145.41,41.05,77.61,71.06
2025-06-13,Russia,Chennai,Fertilizer,Panamax,60595,79.09,527.27,145.41,41.05,77.61,71.06
2025-06-13,Russia,Kakinada,Iron Ore,Handymax,43799,75.89,527.27,145.41,41.05,77.61,71.06
2025-06-13,Indonesia,Paradip,Wheat,Capesize,97737,85.36,527.27,145.41,41.05,77.61,71.06
2025-06-13,South Africa,Krishnapatnam,Wheat,Panamax,47266,78.17,527.27,145.41,41.05,77.61,71.06
2025-06-13,South Africa,Paradip,Fertilizer,Supramax,35191,75.71,527.27,145.41,41.05,77.61,71.06
2025-06-13,Russia,Visakhapatnam,Coal,Handymax,110370,76.27,527.27,145.41,41.05,77.61,71.06
2025-06-13,South Africa,Krishnapatnam,Wheat,Panamax,77335,74.68,527.27,145.41,41.05,77.61,71.06
2025-06-14,South Africa,Krishnapatnam,Wheat,Handysize,93747,65.92,647.02,89.12,40.1,47.2,58.15
2025-06-14,South Africa,Kakinada,Coal,Capesize,74596,83.29,647.02,89.12,40.1,47.2,58.15
2025-06-14,Brazil,Krishnapatnam,Coal,Supramax,95095,75.32,647.02,89.12,40.1,47.2,58.15
2025-06-14,Brazil,Kakinada,Wheat,Capesize,105183,84.31,647.02,89.12,40.1,47.2,58.15
2025-06-14,Russia,Paradip,Iron Ore,Handymax,79415,75.32,647.02,89.12,40.1,47.2,58.15
2025-06-14,Russia,Kakinada,Bauxite,Handysize,109478,68.47,647.02,89.12,40.1,47.2,58.15
2025-06-14,South Africa,Kakinada,Coal,Panamax,103486,78.36,647.02,89.12,40.1,47.2,58.15
2025-06-14,Australia,Paradip,Wheat,Panamax,41339,74.6,647.02,89.12,40.1,47.2,58.15
2025-06-15,Indonesia,Chennai,Fertilizer,Handymax,93912,76.68,689.85,140.46,59.59,69.36,50.58
2025-06-15,Indonesia,Paradip,Wheat,Handymax,67704,74.82,689.85,140.46,59.59,69.36,50.58
2025-06-15,Indonesia,Visakhapatnam,Bauxite,Panamax,66010,90.51,689.85,140.46,59.59,69.36,50.58
2025-06-15,Indonesia,Krishnapatnam,Iron Ore,Panamax,54128,86.74,689.85,140.46,59.59,69.36,50.58
2025-06-15,South Africa,Krishnapatnam,Iron Ore,Handymax,94302,84.43,689.85,140.46,59.59,69.36,50.58
2025-06-15,Indonesia,Krishnapatnam,Bauxite,Panamax,63668,88.79,689.85,140.46,59.59,69.36,50.58
2025-06-15,Indonesia,Krishnapatnam,Bauxite,Panamax,87568,91.29,689.85,140.46,59.59,69.36,50.58
2025-06-15,Russia,Paradip,Wheat,Handysize,27639,77.34,689.85,140.46,59.59,69.36,50.58
2025-06-16,South Africa,Chennai,Coal,Supramax,69373,79.35,560.74,130.46,49.12,44.35,50.48
2025-06-16,Brazil,Kakinada,Bauxite,Capesize,20736,83.29,560.74,130.46,49.12,44.35,50.48
2025-06-16,Indonesia,Visakhapatnam,Fertilizer,Panamax,54815,75.1,560.74,130.46,49.12,44.35,50.48
2025-06-16,South Africa,Krishnapatnam,Bauxite,Supramax,28647,76.54,560.74,130.46,49.12,44.35,50.48
2025-06-16,Russia,Paradip,Coal,Panamax,37830,79.32,560.74,130.46,49.12,44.35,50.48
2025-06-16,Russia,Paradip,Iron Ore,Handymax,45438,76.75,560.74,130.46,49.12,44.35,50.48
2025-06-16,South Africa,Kakinada,Wheat,Panamax,37000,73.07,560.74,130.46,49.12,44.35,50.48
2025-06-16,South Africa,Krishnapatnam,Coal,Handymax,60840,71.23,560.74,130.46,49.12,44.35,50.48
2025-06-17,Brazil,Krishnapatnam,Fertilizer,Supramax,52647,83.19,806.17,110.16,54.3,91.7,72.56
2025-06-17,South Africa,Chennai,Fertilizer,Capesize,86051,87.21,806.17,110.16,54.3,91.7,72.56
2025-06-17,Indonesia,Kakinada,Fertilizer,Panamax,32322,83.27,806.17,110.16,54.3,91.7,72.56
2025-06-17,Indonesia,Visakhapatnam,Iron Ore,Capesize,90607,94.19,806.17,110.16,54.3,91.7,72.56
2025-06-17,Russia,Chennai,Wheat,Panamax,22410,84.7,806.17,110.16,54.3,91.7,72.56
2025-06-17,Brazil,Krishnapatnam,Iron Ore,Capesize,50740,93.77,806.17,110.16,54.3,91.7,72.56
2025-06-17,Australia,Kakinada,Coal,Handymax,38034,80.26,806.17,110.16,54.3,91.7,72.56
2025-06-17,Australia,Visakhapatnam,Iron Ore,Panamax,35443,87.78,806.17,110.16,54.3,91.7,72.56
2025-06-18,South Africa,Paradip,Wheat,Supramax,34134,73.91,617.5,127.62,47.18,62.62,74.33
2025-06-18,South Africa,Chennai,Wheat,Panamax,70472,79.67,617.5,127.62,47.18,62.62,74.33
2025-06-18,South Africa,Kakinada,Fertilizer,Handymax,103834,75.56,617.5,127.62,47.18,62.62,74.33
2025-06-18,Indonesia,Chennai,Wheat,Supramax,61243,76.5,617.5,127.62,47.18,62.62,74.33
2025-06-18,Russia,Visakhapatnam,Fertilizer,Handysize,87618,69.87,617.5,127.62,47.18,62.62,74.33
2025-06-18,South Africa,Krishnapatnam,Wheat,Supramax,111659,76.54,617.5,127.62,47.18,62.62,74.33
2025-06-18,Indonesia,Paradip,Bauxite,Supramax,116664,78.65,617.5,127.62,47.18,62.62,74.33
2025-06-18,Indonesia,Chennai,Bauxite,Supramax,52391,75.28,617.5,127.62,47.18,62.62,74.33
2025-06-19,South Africa,Chennai,Iron Ore,Supramax,37261,77.98,644.97,155.82,21.48,67.46,51.54
2025-06-19,Brazil,Kakinada,Bauxite,Capesize,20992,87.48,644.97,155.82,21.48,67.46,51.54
2025-06-19,Brazil,Krishnapatnam,Fertilizer,Supramax,22949,75.22,644.97,155.82,21.48,67.46,51.54
2025-06-19,Australia,Krishnapatnam,Iron Ore,Capesize,39177,85.57,644.97,155.82,21.48,67.46,51.54
2025-06-19,Indonesia,Paradip,Iron Ore,Supramax,86297,84.12,644.97,155.82,21.48,67.46,51.54
2025-06-19,South Africa,Kakinada,Bauxite,Handymax,70774,76.16,644.97,155.82,21.48,67.46,51.54
2025-06-19,South Africa,Paradip,Bauxite,Supramax,29421,78.46,644.97,155.82,21.48,67.46,51.54
2025-06-19,South Africa,Kakinada,Fertilizer,Capesize,88332,85.83,644.97,155.82,21.48,67.46,51.54
2025-06-20,South Africa,Krishnapatnam,Coal,Supramax,112524,76.81,551.12,144.42,45.36,49.62,64.2
2025-06-20,Brazil,Chennai,Wheat,Panamax,32838,74.17,551.12,144.42,45.36,49.62,64.2
2025-06-20,Australia,Visakhapatnam,Fertilizer,Capesize,53935,80.53,551.12,144.42,45.36,49.62,64.2
2025-06-20,Russia,Chennai,Bauxite,Supramax,65769,75.9,551.12,144.42,45.36,49.62,64.2
2025-06-20,South Africa,Paradip,Iron Ore,Handysize,59856,72.35,551.12,144.42,45.36,49.62,64.2
2025-06-20,Brazil,Visakhapatnam,Wheat,Supramax,25971,73.68,551.12,144.42,45.36,49.62,64.2
2025-06-20,Australia,Visakhapatnam,Fertilizer,Handymax,82583,73.42,551.12,144.42,45.36,49.62,64.2
2025-06-20,Russia,Paradip,Wheat,Handymax,55368,69.88,551.12,144.42,45.36,49.62,64.2
2025-06-21,Indonesia,Krishnapatnam,Fertilizer,Capesize,108672,86.4,648.11,172.16,38.93,57.62,50.02
2025-06-21,South Africa,Visakhapatnam,Iron Ore,Panamax,61248,88.12,648.11,172.16,38.93,57.62,50.02
2025-06-21,Russia,Kakinada,Coal,Capesize,118507,90.04,648.11,172.16,38.93,57.62,50.02
2025-06-21,South Africa,Kakinada,Fertilizer,Capesize,71595,88.19,648.11,172.16,38.93,57.62,50.02
2025-06-21,Russia,Paradip,Iron Ore,Handymax,94273,80.52,648.11,172.16,38.93,57.62,50.02
2025-06-21,Indonesia,Paradip,Iron Ore,Handysize,51085,75.42,648.11,172.16,38.93,57.62,50.02
2025-06-21,South Africa,Paradip,Iron Ore,Panamax,34347,85.16,648.11,172.16,38.93,57.62,50.02
2025-06-21,Russia,Paradip,Coal,Panamax,118032,83.64,648.11,172.16,38.93,57.62,50.02
2025-06-22,Australia,Paradip,Bauxite,Handymax,33263,71.44,563.0,94.49,38.96,74.02,37.8
2025-06-22,Brazil,Kakinada,Wheat,Handysize,90627,71.35,563.0,94.49,38.96,74.02,37.8
2025-06-22,Australia,Kakinada,Bauxite,Handymax,44517,72.59,563.0,94.49,38.96,74.02,37.8
2025-06-22,Australia,Visakhapatnam,Coal,Supramax,54556,77.39,563.0,94.49,38.96,74.02,37.8
2025-06-22,South Africa,Kakinada,Bauxite,Capesize,119412,86.39,563.0,94.49,38.96,74.02,37.8
2025-06-22,Indonesia,Chennai,Bauxite,Capesize,104039,86.5,563.0,94.49,38.96,74.02,37.8
2025-06-22,Indonesia,Chennai,Iron Ore,Supramax,41889,75.26,563.0,94.49,38.96,74.02,37.8
2025-06-22,South Africa,Paradip,Wheat,Capesize,61930,76.99,563.0,94.49,38.96,74.02,37.8
2025-06-23,Australia,Kakinada,Fertilizer,Panamax,52029,72.83,607.9,93.64,29.92,39.04,66.15
2025-06-23,South Africa,Chennai,Coal,Handysize,79749,67.98,607.9,93.64,29.92,39.04,66.15
2025-06-23,Australia,Chennai,Coal,Handysize,44518,66.33,607.9,93.64,29.92,39.04,66.15
2025-06-23,Indonesia,Krishnapatnam,Iron Ore,Supramax,93980,72.89,607.9,93.64,29.92,39.04,66.15
2025-06-23,Russia,Chennai,Wheat,Supramax,76207,66.76,607.9,93.64,29.92,39.04,66.15
2025-06-23,Australia,Kakinada,Fertilizer,Handysize,101189,68.62,607.9,93.64,29.92,39.04,66.15
2025-06-23,Indonesia,Visakhapatnam,Bauxite,Panamax,91168,73.08,607.9,93.64,29.92,39.04,66.15
2025-06-23,Indonesia,Chennai,Coal,Supramax,44093,69.88,607.9,93.64,29.92,39.04,66.15
2025-06-24,Brazil,Krishnapatnam,Wheat,Handysize,39110,73.99,507.89,98.06,34.37,84.7,27.74
2025-06-24,Indonesia,Krishnapatnam,Fertilizer,Capesize,89590,82.58,507.89,98.06,34.37,84.7,27.74
2025-06-24,Australia,Kakinada,Wheat,Handymax,57539,74.17,507.89,98.06,34.37,84.7,27.74
2025-06-24,Brazil,Krishnapatnam,Bauxite,Handysize,34446,72.59,507.89,98.06,34.37,84.7,27.74
2025-06-24,Brazil,Kakinada,Wheat,Handysize,68458,72.24,507.89,98.06,34.37,84.7,27.74
2025-06-24,Brazil,Visakhapatnam,Fertilizer,Handymax,104487,69.99,507.89,98.06,34.37,84.7,27.74
2025-06-24,Brazil,Krishnapatnam,Fertilizer,Handymax,96578,76.99,507.89,98.06,34.37,84.7,27.74
2025-06-24,Brazil,Krishnapatnam,Iron Ore,Panamax,94130,80.35,507.89,98.06,34.37,84.7,27.74
2025-06-25,Australia,Krishnapatnam,Coal,Handymax,42007,78.25,607.75,151.1,37.14,71.82,100.0
2025-06-25,South Africa,Kakinada,Bauxite,Handysize,77087,72.77,607.75,151.1,37.14,71.82,100.0
2025-06-25,Brazil,Visakhapatnam,Wheat,Handymax,67068,72.28,607.75,151.1,37.14,71.82,100.0
2025-06-25,Russia,Krishnapatnam,Fertilizer,Supramax,43038,78.11,607.75,151.1,37.14,71.82,100.0
2025-06-25,Brazil,Krishnapatnam,Bauxite,Handysize,83374,75.88,607.75,151.1,37.14,71.82,100.0
2025-06-25,Brazil,Visakhapatnam,Bauxite,Supramax,36097,76.42,607.75,151.1,37.14,71.82,100.0
2025-06-25,Brazil,Kakinada,Bauxite,Handymax,24163,75.0,607.75,151.1,37.14,71.82,100.0
2025-06-25,Russia,Krishnapatnam,Wheat,Supramax,22163,74.82,607.75,151.1,37.14,71.82,100.0
2025-06-26,Brazil,Krishnapatnam,Coal,Panamax,102186,78.35,720.61,87.02,37.03,42.77,52.16
2025-06-26,Brazil,Krishnapatnam,Iron Ore,Capesize,64618,82.05,720.61,87.02,37.03,42.77,52.16
2025-06-26,Russia,Paradip,Iron Ore,Supramax,106769,75.82,720.61,87.02,37.03,42.77,52.16
2025-06-26,Brazil,Krishnapatnam,Coal,Handysize,32891,67.15,720.61,87.02,37.03,42.77,52.16
2025-06-26,Indonesia,Krishnapatnam,Fertilizer,Handymax,59908,71.86,720.61,87.02,37.03,42.77,52.16
2025-06-26,Australia,Paradip,Bauxite,Panamax,69012,78.14,720.61,87.02,37.03,42.77,52.16
2025-06-26,Australia,Visakhapatnam,Bauxite,Panamax,71604,77.36,720.61,87.02,37.03,42.77,52.16
2025-06-26,Indonesia,Krishnapatnam,Coal,Handysize,63522,70.49,720.61,87.02,37.03,42.77,52.16
2025-06-27,Russia,Chennai,Iron Ore,Panamax,25196,89.2,813.92,139.03,40.82,60.06,54.97
2025-06-27,Russia,Krishnapatnam,Iron Ore,Supramax,90410,85.62,813.92,139.03,40.82,60.06,54.97
2025-06-27,Australia,Kakinada,Wheat,Supramax,112550,85.96,813.92,139.03,40.82,60.06,54.97
2025-06-27,Brazil,Paradip,Coal,Handymax,102274,81.05,813.92,139.03,40.82,60.06,54.97
2025-06-27,South Africa,Krishnapatnam,Fertilizer,Capesize,49171,89.38,813.92,139.03,40.82,60.06,54.97
2025-06-27,Indonesia,Visakhapatnam,Bauxite,Panamax,74436,87.47,813.92,139.03,40.82,60.06,54.97
2025-06-27,Indonesia,Kakinada,Bauxite,Capesize,76731,96.28,813.92,139.03,40.82,60.06,54.97
2025-06-27,Indonesia,Paradip,Iron Ore,Capesize,86195,93.94,813.92,139.03,40.82,60.06,54.97
2025-06-28,Russia,Kakinada,Wheat,Capesize,90167,85.04,728.14,149.25,44.37,63.45,81.97
2025-06-28,Russia,Kakinada,Coal,Handymax,64598,74.98,728.14,149.25,44.37,63.45,81.97
2025-06-28,Australia,Krishnapatnam,Iron Ore,Panamax,82548,85.3,728.14,149.25,44.37,63.45,81.97
2025-06-28,Indonesia,Visakhapatnam,Wheat,Handymax,42925,78.54,728.14,149.25,44.37,63.45,81.97
2025-06-28,Australia,Krishnapatnam,Coal,Capesize,98221,86.98,728.14,149.25,44.37,63.45,81.97
2025-06-28,South Africa,Kakinada,Iron Ore,Capesize,84129,86.87,728.14,149.25,44.37,63.45,81.97
2025-06-28,Russia,Kakinada,Wheat,Capesize,23217,80.63,728.14,149.25,44.37,63.45,81.97
2025-06-28,Indonesia,Chennai,Wheat,Panamax,110806,85.43,728.14,149.25,44.37,63.45,81.97
2025-06-29,Indonesia,Paradip,Iron Ore,Handysize,93075,79.46,677.18,113.71,68.46,61.08,60.35
2025-06-29,Brazil,Krishnapatnam,Fertilizer,Panamax,35604,78.68,677.18,113.71,68.46,61.08,60.35
2025-06-29,Russia,Paradip,Bauxite,Panamax,33947,85.87,677.18,113.71,68.46,61.08,60.35
2025-06-29,Indonesia,Chennai,Fertilizer,Supramax,31399,76.47,677.18,113.71,68.46,61.08,60.35
2025-06-29,Brazil,Krishnapatnam,Bauxite,Panamax,39222,81.99,677.18,113.71,68.46,61.08,60.35
2025-06-29,Indonesia,Paradip,Wheat,Panamax,80976,80.12,677.18,113.71,68.46,61.08,60.35
2025-06-29,Indonesia,Chennai,Iron Ore,Handysize,79276,76.53,677.18,113.71,68.46,61.08,60.35
2025-06-29,Australia,Chennai,Coal,Panamax,94713,86.27,677.18,113.71,68.46,61.08,60.35
2025-06-30,Russia,Krishnapatnam,Fertilizer,Handysize,106189,65.85,501.75,115.11,78.39,34.73,40.98
2025-06-30,Indonesia,Kakinada,Bauxite,Supramax,59670,76.23,501.75,115.11,78.39,34.73,40.98
2025-06-30,South Africa,Kakinada,Iron Ore,Handysize,80416,73.75,501.75,115.11,78.39,34.73,40.98
2025-06-30,Australia,Chennai,Coal,Handysize,75369,71.91,501.75,115.11,78.39,34.73,40.98
2025-06-30,Indonesia,Paradip,Fertilizer,Panamax,103634,79.41,501.75,115.11,78.39,34.73,40.98
2025-06-30,Brazil,Krishnapatnam,Wheat,Supramax,48148,69.75,501.75,115.11,78.39,34.73,40.98
2025-06-30,Australia,Kakinada,Fertilizer,Capesize,111349,83.86,501.75,115.11,78.39,34.73,40.98
2025-06-30,Russia,Paradip,Wheat,Supramax,115256,72.75,501.75,115.11,78.39,34.73,40.98
2025-07-01,Australia,Krishnapatnam,Bauxite,Supramax,92409,78.52,845.19,107.97,43.88,66.09,88.19
2025-07-01,Australia,Krishnapatnam,Bauxite,Handymax,61486,71.08,845.19,107.97,43.88,66.09,88.19
2025-07-01,Indonesia,Visakhapatnam,Bauxite,Handysize,39202,71.84,845.19,107.97,43.88,66.09,88.19
2025-07-01,Brazil,Chennai,Coal,Supramax,30051,78.44,845.19,107.97,43.88,66.09,88.19
2025-07-01,Brazil,Visakhapatnam,Fertilizer,Handysize,52304,69.69,845.19,107.97,43.88,66.09,88.19
2025-07-01,Russia,Chennai,Wheat,Panamax,115796,76.09,845.19,107.97,43.88,66.09,88.19
2025-07-01,Indonesia,Kakinada,Iron Ore,Supramax,56766,80.31,845.19,107.97,43.88,66.09,88.19
2025-07-01,Indonesia,Krishnapatnam,Wheat,Handymax,32040,69.64,845.19,107.97,43.88,66.09,88.19
2025-07-02,Australia,Visakhapatnam,Iron Ore,Supramax,113444,77.83,769.91,106.69,33.91,52.17,61.78
2025-07-02,South Africa,Krishnapatnam,Bauxite,Handysize,35016,71.99,769.91,106.69,33.91,52.17,61.78
2025-07-02,Australia,Visakhapatnam,Wheat,Handysize,38276,65.94,769.91,106.69,33.91,52.17,61.78
2025-07-02,South Africa,Paradip,Wheat,Supramax,55271,72.75,769.91,106.69,33.91,52.17,61.78
2025-07-02,Russia,Kakinada,Fertilizer,Handysize,97358,71.3,769.91,106.69,33.91,52.17,61.78
2025-07-02,Brazil,Kakinada,Iron Ore,Handymax,110249,69.47,769.91,106.69,33.91,52.17,61.78
2025-07-02,Russia,Krishnapatnam,Iron Ore,Panamax,36415,78.35,769.91,106.69,33.91,52.17,61.78
2025-07-02,Brazil,Chennai,Wheat,Capesize,44955,78.94,769.91,106.69,33.91,52.17,61.78
2025-07-03,Russia,Paradip,Coal,Handysize,73869,70.56,580.77,107.57,39.3,57.9,43.92
2025-07-03,Russia,Visakhapatnam,Wheat,Handymax,25513,69.72,580.77,107.57,39.3,57.9,43.92
2025-07-03,Brazil,Kakinada,Iron Ore,Supramax,20845,74.56,580.77,107.57,39.3,57.9,43.92
2025-07-03,Brazil,Krishnapatnam,Bauxite,Supramax,62220,78.55,580.77,107.57,39.3,57.9,43.92
2025-07-03,Russia,Krishnapatnam,Iron Ore,Supramax,74006,75.69,580.77,107.57,39.3,57.9,43.92
2025-07-03,South Africa,Krishnapatnam,Bauxite,Supramax,44466,75.27,580.77,107.57,39.3,57.9,43.92
2025-07-03,South Africa,Kakinada,Bauxite,Handysize,84712,71.06,580.77,107.57,39.3,57.9,43.92
2025-07-03,Indonesia,Visakhapatnam,Fertilizer,Capesize,95682,78.86,580.77,107.57,39.3,57.9,43.92
2025-07-04,Indonesia,Visakhapatnam,Fertilizer,Panamax,84823,80.63,703.05,143.13,5.0,56.32,88.09
2025-07-04,Australia,Paradip,Bauxite,Supramax,86180,74.33,703.05,143.13,5.0,56.32,88.09
2025-07-04,Indonesia,Paradip,Wheat,Supramax,66516,66.5,703.05,143.13,5.0,56.32,88.09
2025-07-04,Brazil,Paradip,Iron Ore,Capesize,91553,81.12,703.05,143.13,5.0,56.32,88.09
2025-07-04,Australia,Krishnapatnam,Wheat,Supramax,57295,72.0,703.05,143.13,5.0,56.32,88.09
2025-07-04,Australia,Kakinada,Coal,Handymax,28232,67.46,703.05,143.13,5.0,56.32,88.09
2025-07-04,South Africa,Chennai,Coal,Capesize,32425,78.35,703.05,143.13,5.0,56.32,88.09
2025-07-04,Australia,Krishnapatnam,Wheat,Handysize,90490,62.59,703.05,143.13,5.0,56.32,88.09
2025-07-05,Australia,Krishnapatnam,Iron Ore,Handymax,23670,71.64,616.58,167.4,23.65,74.19,63.1
2025-07-05,South Africa,Chennai,Iron Ore,Supramax,85086,75.42,616.58,167.4,23.65,74.19,63.1
2025-07-05,Brazil,Visakhapatnam,Iron Ore,Supramax,37616,80.63,616.58,167.4,23.65,74.19,63.1
2025-07-05,Brazil,Paradip,Fertilizer,Supramax,41943,73.96,616.58,167.4,23.65,74.19,63.1
2025-07-05,South Africa,Paradip,Iron Ore,Handysize,63271,77.62,616.58,167.4,23.65,74.19,63.1
2025-07-05,Russia,Paradip,Coal,Handymax,102102,74.99,616.58,167.4,23.65,74.19,63.1
2025-07-05,Russia,Paradip,Iron Ore,Supramax,98353,78.96,616.58,167.4,23.65,74.19,63.1
2025-07-05,Indonesia,Visakhapatnam,Fertilizer,Panamax,52344,79.35,616.58,167.4,23.65,74.19,63.1
2025-07-06,Australia,Visakhapatnam,Coal,Supramax,105554,78.07,779.15,128.56,46.76,74.38,81.72
2025-07-06,Brazil,Krishnapatnam,Fertilizer,Handysize,116686,76.29,779.15,128.56,46.76,74.38,81.72
2025-07-06,South Africa,Visakhapatnam,Bauxite,Supramax,41304,81.3,779.15,128.56,46.76,74.38,81.72
2025-07-06,Russia,Chennai,Coal,Panamax,37046,82.61,779.15,128.56,46.76,74.38,81.72
2025-07-06,Brazil,Chennai,Fertilizer,Handysize,82257,75.44,779.15,128.56,46.76,74.38,81.72
2025-07-06,Australia,Krishnapatnam,Bauxite,Panamax,95599,84.02,779.15,128.56,46.76,74.38,81.72
2025-07-06,South Africa,Kakinada,Coal,Handymax,83827,76.42,779.15,128.56,46.76,74.38,81.72
2025-07-06,Russia,Visakhapatnam,Fertilizer,Handymax,116330,75.79,779.15,128.56,46.76,74.38,81.72
2025-07-07,Australia,Kakinada,Coal,Handymax,79726,77.98,674.36,166.08,42.05,47.88,54.66
2025-07-07,Australia,Kakinada,Iron Ore,Panamax,28519,81.35,674.36,166.08,42.05,47.88,54.66
2025-07-07,South Africa,Chennai,Wheat,Panamax,108650,79.37,674.36,166.08,42.05,47.88,54.66
2025-07-07,South Africa,Visakhapatnam,Fertilizer,Panamax,22748,81.08,674.36,166.08,42.05,47.88,54.66
2025-07-07,Russia,Paradip,Iron Ore,Handymax,83041,81.84,674.36,166.08,42.05,47.88,54.66
2025-07-07,Australia,Chennai,Iron Ore,Panamax,75540,81.36,674.36,166.08,42.05,47.88,54.66
2025-07-07,South Africa,Visakhapatnam,Bauxite,Panamax,74839,82.82,674.36,166.08,42.05,47.88,54.66
2025-07-07,Russia,Paradip,Iron Ore,Supramax,63513,79.63,674.36,166.08,42.05,47.88,54.66
2025-07-08,Brazil,Krishnapatnam,Iron Ore,Handymax,37181,85.12,780.46,159.26,58.74,80.88,58.01
2025-07-08,Australia,Kakinada,Fertilizer,Handymax,63689,80.06,780.46,159.26,58.74,80.88,58.01
2025-07-08,Indonesia,Paradip,Wheat,Handysize,80007,76.7,780.46,159.26,58.74,80.88,58.01
2025-07-08,Australia,Visakhapatnam,Iron Ore,Handymax,104104,87.95,780.46,159.26,58.74,80.88,58.01
2025-07-08,Australia,Visakhapatnam,Iron Ore,Handymax,47248,84.28,780.46,159.26,58.74,80.88,58.01
2025-07-08,Australia,Chennai,Coal,Handysize,106750,84.22,780.46,159.26,58.74,80.88,58.01
2025-07-08,Australia,Kakinada,Fertilizer,Capesize,83935,91.26,780.46,159.26,58.74,80.88,58.01
2025-07-08,Russia,Chennai,Iron Ore,Panamax,20776,92.24,780.46,159.26,58.74,80.88,58.01
2025-07-09,Russia,Chennai,Coal,Supramax,90000,72.69,700.84,132.9,39.75,61.87,54.59
2025-07-09,South Africa,Kakinada,Wheat,Handymax,55816,73.46,700.84,132.9,39.75,61.87,54.59
2025-07-09,Brazil,Chennai,Iron Ore,Handysize,30806,70.24,700.84,132.9,39.75,61.87,54.59
2025-07-09,Brazil,Kakinada,Iron Ore,Supramax,76469,78.91,700.84,132.9,39.75,61.87,54.59
2025-07-09,Indonesia,Paradip,Iron Ore,Handysize,119983,71.61,700.84,132.9,39.75,61.87,54.59
2025-07-09,Australia,Kakinada,Bauxite,Handymax,72237,73.09,700.84,132.9,39.75,61.87,54.59
2025-07-09,Russia,Visakhapatnam,Wheat,Panamax,42719,78.09,700.84,132.9,39.75,61.87,54.59
2025-07-09,Indonesia,Kakinada,Wheat,Supramax,102773,74.7,700.84,132.9,39.75,61.87,54.59
2025-07-10,Indonesia,Visakhapatnam,Iron Ore,Handysize,95014,74.12,818.71,96.07,64.73,70.42,80.02
2025-07-10,Russia,Kakinada,Bauxite,Handysize,107026,77.03,818.71,96.07,64.73,70.42,80.02
2025-07-10,Indonesia,Chennai,Fertilizer,Capesize,73539,81.73,818.71,96.07,64.73,70.42,80.02
2025-07-10,Australia,Chennai,Coal,Handysize,106223,75.4,818.71,96.07,64.73,70.42,80.02
2025-07-10,Indonesia,Paradip,Coal,Handysize,50623,74.65,818.71,96.07,64.73,70.42,80.02
2025-07-10,Australia,Chennai,Wheat,Capesize,98761,83.01,818.71,96.07,64.73,70.42,80.02
2025-07-10,Russia,Chennai,Bauxite,Handysize,39321,75.22,818.71,96.07,64.73,70.42,80.02
2025-07-10,Russia,Chennai,Coal,Handysize,117886,72.38,818.71,96.07,64.73,70.42,80.02
2025-07-11,Indonesia,Krishnapatnam,Fertilizer,Panamax,39615,74.92,596.55,136.13,31.27,52.62,81.61
2025-07-11,Indonesia,Visakhapatnam,Iron Ore,Panamax,107772,79.42,596.55,136.13,31.27,52.62,81.61
2025-07-11,Russia,Kakinada,Coal,Supramax,25523,70.86,596.55,136.13,31.27,52.62,81.61
2025-07-11,Russia,Paradip,Bauxite,Panamax,90068,75.92,596.55,136.13,31.27,52.62,81.61
2025-07-11,Russia,Krishnapatnam,Fertilizer,Handysize,76159,67.18,596.55,136.13,31.27,52.62,81.61
2025-07-11,Australia,Visakhapatnam,Iron Ore,Capesize,56311,80.54,596.55,136.13,31.27,52.62,81.61
2025-07-11,Russia,Kakinada,Coal,Capesize,51012,79.52,596.55,136.13,31.27,52.62,81.61
2025-07-11,South Africa,Visakhapatnam,Bauxite,Handysize,79225,67.07,596.55,136.13,31.27,52.62,81.61
2025-07-12,Australia,Visakhapatnam,Iron Ore,Handysize,106310,74.75,623.78,103.9,40.94,98.41,41.94
2025-07-12,Brazil,Paradip,Wheat,Panamax,110305,81.47,623.78,103.9,40.94,98.41,41.94
2025-07-12,South Africa,Visakhapatnam,Coal,Capesize,50589,83.3,623.78,103.9,40.94,98.41,41.94
2025-07-12,South Africa,Krishnapatnam,Iron Ore,Panamax,112941,85.19,623.78,103.9,40.94,98.41,41.94
2025-07-12,South Africa,Kakinada,Coal,Handymax,32147,78.58,623.78,103.9,40.94,98.41,41.94
2025-07-12,Indonesia,Visakhapatnam,Wheat,Supramax,91031,77.21,623.78,103.9,40.94,98.41,41.94
2025-07-12,Brazil,Krishnapatnam,Wheat,Panamax,44326,81.54,623.78,103.9,40.94,98.41,41.94
2025-07-12,South Africa,Krishnapatnam,Wheat,Panamax,36777,80.35,623.78,103.9,40.94,98.41,41.94
2025-07-13,Australia,Kakinada,Fertilizer,Supramax,70291,76.72,678.37,96.4,53.2,54.97,63.97
2025-07-13,Russia,Chennai,Bauxite,Panamax,62936,73.8,678.37,96.4,53.2,54.97,63.97
2025-07-13,South Africa,Kakinada,Iron Ore,Handymax,34264,70.31,678.37,96.4,53.2,54.97,63.97
2025-07-13,Australia,Paradip,Coal,Handymax,51961,72.7,678.37,96.4,53.2,54.97,63.97
2025-07-13,Russia,Chennai,Bauxite,Panamax,81816,79.2,678.37,96.4,53.2,54.97,63.97
2025-07-13,Australia,Paradip,Bauxite,Handymax,71267,67.22,678.37,96.4,53.2,54.97,63.97
2025-07-13,Australia,Visakhapatnam,Bauxite,Panamax,68573,80.11,678.37,96.4,53.2,54.97,63.97
2025-07-13,Australia,Chennai,Coal,Handysize,98938,69.66,678.37,96.4,53.2,54.97,63.97
2025-07-14,Indonesia,Krishnapatnam,Coal,Handymax,103425,70.19,676.48,95.27,18.03,63.47,70.83
2025-07-14,Australia,Krishnapatnam,Coal,Handymax,103132,67.92,676.48,95.27,18.03,63.47,70.83
2025-07-14,Russia,Krishnapatnam,Coal,Panamax,41802,74.32,676.48,95.27,18.03,63.47,70.83
2025-07-14,Russia,Paradip,Bauxite,Supramax,115313,73.7,676.48,95.27,18.03,63.47,70.83
2025-07-14,Australia,Kakinada,Bauxite,Supramax,30726,72.06,676.48,95.27,18.03,63.47,70.83
2025-07-14,Australia,Kakinada,Coal,Panamax,106552,75.72,676.48,95.27,18.03,63.47,70.83
2025-07-14,Indonesia,Visakhapatnam,Bauxite,Supramax,90762,74.1,676.48,95.27,18.03,63.47,70.83
2025-07-14,Brazil,Paradip,Fertilizer,Panamax,28469,73.71,676.48,95.27,18.03,63.47,70.83
2025-07-15,Russia,Visakhapatnam,Fertilizer,Handymax,67298,64.16,578.99,105.42,26.65,53.14,53.39
2025-07-15,Russia,Visakhapatnam,Coal,Capesize,30286,76.26,578.99,105.42,26.65,53.14,53.39
2025-07-15,Indonesia,Krishnapatnam,Bauxite,Supramax,108642,68.02,578.99,105.42,26.65,53.14,53.39
2025-07-15,Indonesia,Visakhapatnam,Coal,Supramax,39983,70.06,578.99,105.42,26.65,53.14,53.39
2025-07-15,Indonesia,Kakinada,Iron Ore,Capesize,104859,80.14,578.99,105.42,26.65,53.14,53.39
2025-07-15,South Africa,Visakhapatnam,Fertilizer,Capesize,109689,79.32,578.99,105.42,26.65,53.14,53.39
2025-07-15,Indonesia,Krishnapatnam,Coal,Capesize,38188,78.27,578.99,105.42,26.65,53.14,53.39
2025-07-15,Brazil,Kakinada,Iron Ore,Handymax,41246,70.72,578.99,105.42,26.65,53.14,53.39
2025-07-16,Indonesia,Krishnapatnam,Wheat,Handymax,22583,77.07,750.67,176.54,46.12,68.67,47.31
2025-07-16,Russia,Paradip,Fertilizer,Handymax,116018,81.97,750.67,176.54,46.12,68.67,47.31
2025-07-16,Russia,Krishnapatnam,Wheat,Supramax,58405,86.52,750.67,176.54,46.12,68.67,47.31
2025-07-16,Australia,Chennai,Fertilizer,Handysize,60580,74.47,750.67,176.54,46.12,68.67,47.31
2025-07-16,Indonesia,Kakinada,Iron Ore,Handysize,81455,84.62,750.67,176.54,46.12,68.67,47.31
2025-07-16,Australia,Paradip,Fertilizer,Supramax,30437,81.48,750.67,176.54,46.12,68.67,47.31
2025-07-16,South Africa,Chennai,Iron Ore,Supramax,93181,85.84,750.67,176.54,46.12,68.67,47.31
2025-07-16,Brazil,Visakhapatnam,Bauxite,Handymax,39460,77.23,750.67,176.54,46.12,68.67,47.31
2025-07-17,South Africa,Chennai,Iron Ore,Panamax,81877,81.16,525.85,157.63,36.34,89.46,59.89
2025-07-17,Russia,Paradip,Coal,Supramax,37704,76.81,525.85,157.63,36.34,89.46,59.89
2025-07-17,Indonesia,Kakinada,Wheat,Handymax,79006,72.87,525.85,157.63,36.34,89.46,59.89
2025-07-17,Australia,Krishnapatnam,Coal,Handysize,83663,72.79,525.85,157.63,36.34,89.46,59.89
2025-07-17,South Africa,Visakhapatnam,Wheat,Supramax,48403,74.83,525.85,157.63,36.34,89.46,59.89
2025-07-17,Australia,Chennai,Iron Ore,Capesize,90276,90.05,525.85,157.63,36.34,89.46,59.89
2025-07-17,Brazil,Paradip,Iron Ore,Supramax,54747,78.91,525.85,157.63,36.34,89.46,59.89
2025-07-17,Australia,Krishnapatnam,Bauxite,Capesize,87851,89.26,525.85,157.63,36.34,89.46,59.89
2025-07-18,Indonesia,Chennai,Coal,Capesize,30539,85.4,732.25,97.6,43.63,94.5,53.09
2025-07-18,Australia,Paradip,Wheat,Handysize,93654,69.58,732.25,97.6,43.63,94.5,53.09
2025-07-18,South Africa,Visakhapatnam,Coal,Capesize,51552,83.83,732.25,97.6,43.63,94.5,53.09
2025-07-18,Brazil,Chennai,Wheat,Handysize,103645,74.07,732.25,97.6,43.63,94.5,53.09
2025-07-18,South Africa,Chennai,Coal,Handysize,84056,74.85,732.25,97.6,43.63,94.5,53.09
2025-07-18,Indonesia,Kakinada,Coal,Handysize,76183,72.85,732.25,97.6,43.63,94.5,53.09
2025-07-18,Indonesia,Kakinada,Bauxite,Capesize,54895,89.69,732.25,97.6,43.63,94.5,53.09
2025-07-18,Russia,Visakhapatnam,Bauxite,Handysize,45268,74.12,732.25,97.6,43.63,94.5,53.09
2025-07-19,Russia,Kakinada,Bauxite,Handysize,33018,67.35,547.61,90.75,36.71,64.56,69.37
2025-07-19,Russia,Paradip,Bauxite,Supramax,23439,70.09,547.61,90.75,36.71,64.56,69.37
2025-07-19,South Africa,Kakinada,Coal,Supramax,45071,69.04,547.61,90.75,36.71,64.56,69.37
2025-07-19,Russia,Chennai,Bauxite,Capesize,101226,80.29,547.61,90.75,36.71,64.56,69.37
2025-07-19,Brazil,Visakhapatnam,Fertilizer,Supramax,87213,73.83,547.61,90.75,36.71,64.56,69.37
2025-07-19,Brazil,Krishnapatnam,Iron Ore,Capesize,51714,80.27,547.61,90.75,36.71,64.56,69.37
2025-07-19,Brazil,Kakinada,Iron Ore,Capesize,103029,83.97,547.61,90.75,36.71,64.56,69.37
2025-07-19,South Africa,Visakhapatnam,Coal,Handysize,55841,67.46,547.61,90.75,36.71,64.56,69.37
2025-07-20,Russia,Chennai,Iron Ore,Handymax,81128,69.35,635.1,103.56,24.05,57.95,74.35
2025-07-20,Brazil,Kakinada,Bauxite,Supramax,23750,70.13,635.1,103.56,24.05,57.95,74.35
2025-07-20,Brazil,Paradip,Wheat,Handymax,34319,64.55,635.1,103.56,24.05,57.95,74.35
2025-07-20,Indonesia,Paradip,Iron Ore,Capesize,56066,79.14,635.1,103.56,24.05,57.95,74.35
2025-07-20,Brazil,Kakinada,Wheat,Handymax,82938,65.18,635.1,103.56,24.05,57.95,74.35
2025-07-20,Australia,Krishnapatnam,Iron Ore,Handysize,75878,64.76,635.1,103.56,24.05,57.95,74.35
2025-07-20,Australia,Chennai,Wheat,Handymax,108857,68.36,635.1,103.56,24.05,57.95,74.35
2025-07-20,Russia,Visakhapatnam,Wheat,Supramax,105868,71.32,635.1,103.56,24.05,57.95,74.35
2025-07-21,Indonesia,Krishnapatnam,Wheat,Handysize,108746,72.61,605.4,89.98,61.29,96.09,72.16
2025-07-21,Australia,Kakinada,Bauxite,Panamax,39618,80.25,605.4,89.98,61.29,96.09,72.16
2025-07-21,Russia,Visakhapatnam,Wheat,Handysize,94824,66.39,605.4,89.98,61.29,96.09,72.16
2025-07-21,Indonesia,Paradip,Wheat,Handysize,102877,70.81,605.4,89.98,61.29,96.09,72.16
2025-07-21,South Africa,Chennai,Bauxite,Handymax,82373,76.81,605.4,89.98,61.29,96.09,72.16
2025-07-21,Brazil,Paradip,Fertilizer,Handymax,42456,71.12,605.4,89.98,61.29,96.09,72.16
2025-07-21,Indonesia,Kakinada,Wheat,Handymax,88605,69.71,605.4,89.98,61.29,96.09,72.16
2025-07-21,Indonesia,Visakhapatnam,Coal,Handysize,83081,68.75,605.4,89.98,61.29,96.09,72.16
2025-07-22,Russia,Paradip,Wheat,Handysize,80670,68.32,506.24,163.49,54.86,49.42,64.64
2025-07-22,Indonesia,Chennai,Bauxite,Handysize,102763,71.11,506.24,163.49,54.86,49.42,64.64
2025-07-22,South Africa,Paradip,Wheat,Supramax,88959,72.21,506.24,163.49,54.86,49.42,64.64
2025-07-22,Indonesia,Visakhapatnam,Fertilizer,Supramax,96069,74.29,506.24,163.49,54.86,49.42,64.64
2025-07-22,South Africa,Chennai,Iron Ore,Handysize,103001,71.13,506.24,163.49,54.86,49.42,64.64
2025-07-22,Brazil,Paradip,Wheat,Supramax,56579,70.87,506.24,163.49,54.86,49.42,64.64
2025-07-22,Brazil,Kakinada,Fertilizer,Handysize,53422,68.62,506.24,163.49,54.86,49.42,64.64
2025-07-22,Indonesia,Chennai,Iron Ore,Supramax,89193,77.59,506.24,163.49,54.86,49.42,64.64
2025-07-23,Australia,Chennai,Iron Ore,Capesize,33444,87.9,614.62,172.8,40.1,60.12,63.54
2025-07-23,Russia,Krishnapatnam,Coal,Handysize,48462,69.18,614.62,172.8,40.1,60.12,63.54
2025-07-23,Australia,Visakhapatnam,Bauxite,Supramax,109997,79.7,614.62,172.8,40.1,60.12,63.54
2025-07-23,Brazil,Krishnapatnam,Fertilizer,Supramax,105227,76.72,614.62,172.8,40.1,60.12,63.54
2025-07-23,Indonesia,Paradip,Wheat,Handysize,102032,72.37,614.62,172.8,40.1,60.12,63.54
2025-07-23,Indonesia,Visakhapatnam,Fertilizer,Panamax,101363,78.97,614.62,172.8,40.1,60.12,63.54
2025-07-23,Indonesia,Kakinada,Wheat,Supramax,35586,74.78,614.62,172.8,40.1,60.12,63.54
2025-07-23,South Africa,Krishnapatnam,Iron Ore,Panamax,41043,79.88,614.62,172.8,40.1,60.12,63.54
2025-07-24,South Africa,Visakhapatnam,Coal,Handysize,92465,71.3,580.54,107.81,46.27,73.07,49.32
2025-07-24,Russia,Visakhapatnam,Bauxite,Supramax,62191,75.27,580.54,107.81,46.27,73.07,49.32
2025-07-24,Australia,Chennai,Wheat,Supramax,87587,75.82,580.54,107.81,46.27,73.07,49.32
2025-07-24,South Africa,Paradip,Wheat,Panamax,56111,75.02,580.54,107.81,46.27,73.07,49.32
2025-07-24,Indonesia,Kakinada,Bauxite,Panamax,51348,78.79,580.54,107.81,46.27,73.07,49.32
2025-07-24,South Africa,Paradip,Fertilizer,Panamax,56791,76.21,580.54,107.81,46.27,73.07,49.32
2025-07-24,Indonesia,Chennai,Bauxite,Panamax,61580,81.31,580.54,107.81,46.27,73.07,49.32
2025-07-24,Australia,Krishnapatnam,Iron Ore,Handysize,66959,73.31,580.54,107.81,46.27,73.07,49.32
2025-07-25,Brazil,Kakinada,Wheat,Panamax,60252,81.96,720.31,141.55,33.68,86.64,71.42
2025-07-25,South Africa,Krishnapatnam,Wheat,Handymax,116647,73.97,720.31,141.55,33.68,86.64,71.42
2025-07-25,Brazil,Kakinada,Coal,Capesize,108781,86.07,720.31,141.55,33.68,86.64,71.42
2025-07-25,South Africa,Visakhapatnam,Coal,Handysize,44486,72.84,720.31,141.55,33.68,86.64,71.42
2025-07-25,Indonesia,Visakhapatnam,Coal,Handysize,61664,76.64,720.31,141.55,33.68,86.64,71.42
2025-07-25,South Africa,Chennai,Wheat,Handysize,102408,73.28,720.31,141.55,33.68,86.64,71.42
2025-07-25,Australia,Paradip,Fertilizer,Panamax,39640,83.14,720.31,141.55,33.68,86.64,71.42
2025-07-25,Russia,Paradip,Iron Ore,Handysize,108362,78.58,720.31,141.55,33.68,86.64,71.42
2025-07-26,Brazil,Krishnapatnam,Coal,Handymax,117572,77.89,756.06,128.85,27.11,99.43,80.26
2025-07-26,Indonesia,Krishnapatnam,Bauxite,Supramax,97495,81.33,756.06,128.85,27.11,99.43,80.26
2025-07-26,Indonesia,Visakhapatnam,Iron Ore,Panamax,113694,85.65,756.06,128.85,27.11,99.43,80.26
2025-07-26,Brazil,Chennai,Wheat,Handymax,119835,74.01,756.06,128.85,27.11,99.43,80.26
2025-07-26,South Africa,Visakhapatnam,Coal,Handysize,57685,72.79,756.06,128.85,27.11,99.43,80.26
2025-07-26,Indonesia,Krishnapatnam,Bauxite,Handymax,57388,79.69,756.06,128.85,27.11,99.43,80.26
2025-07-26,Brazil,Kakinada,Coal,Supramax,25207,77.54,756.06,128.85,27.11,99.43,80.26
2025-07-26,Indonesia,Visakhapatnam,Wheat,Capesize,34977,83.17,756.06,128.85,27.11,99.43,80.26
2025-07-27,Australia,Paradip,Wheat,Handysize,76390,71.6,694.49,115.41,32.7,68.85,49.09
2025-07-27,Russia,Visakhapatnam,Wheat,Handymax,21666,73.05,694.49,115.41,32.7,68.85,49.09
2025-07-27,Indonesia,Paradip,Bauxite,Capesize,102565,86.67,694.49,115.41,32.7,68.85,49.09
2025-07-27,South Africa,Krishnapatnam,Wheat,Handymax,119925,74.64,694.49,115.41,32.7,68.85,49.09
2025-07-27,Australia,Paradip,Bauxite,Capesize,20636,88.48,694.49,115.41,32.7,68.85,49.09
2025-07-27,Brazil,Paradip,Fertilizer,Supramax,84502,75.8,694.49,115.41,32.7,68.85,49.09
2025-07-27,Brazil,Kakinada,Fertilizer,Supramax,64340,74.39,694.49,115.41,32.7,68.85,49.09
2025-07-27,Russia,Chennai,Wheat,Panamax,75825,80.84,694.49,115.41,32.7,68.85,49.09
2025-07-28,Indonesia,Paradip,Wheat,Handysize,99801,72.87,680.02,145.0,63.24,72.48,67.37
2025-07-28,South Africa,Kakinada,Bauxite,Panamax,88043,87.25,680.02,145.0,63.24,72.48,67.37
2025-07-28,Australia,Krishnapatnam,Bauxite,Supramax,94534,81.72,680.02,145.0,63.24,72.48,67.37
2025-07-28,South Africa,Paradip,Fertilizer,Panamax,30834,82.82,680.02,145.0,63.24,72.48,67.37
2025-07-28,Russia,Chennai,Bauxite,Supramax,81456,82.01,680.02,145.0,63.24,72.48,67.37
2025-07-28,South Africa,Kakinada,Fertilizer,Handymax,98496,78.57,680.02,145.0,63.24,72.48,67.37
2025-07-28,Brazil,Paradip,Wheat,Panamax,89984,83.16,680.02,145.0,63.24,72.48,67.37
2025-07-28,Australia,Krishnapatnam,Wheat,Handysize,117550,73.33,680.02,145.0,63.24,72.48,67.37
2025-07-29,Indonesia,Paradip,Fertilizer,Handysize,38280,68.08,510.6,108.45,55.94,69.24,59.6
2025-07-29,South Africa,Visakhapatnam,Coal,Supramax,111514,73.31,510.6,108.45,55.94,69.24,59.6
2025-07-29,Indonesia,Krishnapatnam,Fertilizer,Capesize,43521,76.24,510.6,108.45,55.94,69.24,59.6
2025-07-29,Australia,Kakinada,Coal,Panamax,46980,75.39,510.6,108.45,55.94,69.24,59.6
2025-07-29,Brazil,Paradip,Wheat,Capesize,117726,79.89,510.6,108.45,55.94,69.24,59.6
2025-07-29,Russia,Krishnapatnam,Fertilizer,Handymax,95330,70.28,510.6,108.45,55.94,69.24,59.6
2025-07-29,South Africa,Visakhapatnam,Fertilizer,Supramax,62948,72.5,510.6,108.45,55.94,69.24,59.6
2025-07-29,Indonesia,Kakinada,Bauxite,Capesize,112276,82.6,510.6,108.45,55.94,69.24,59.6
2025-07-30,Russia,Kakinada,Wheat,Panamax,29765,80.28,658.54,130.57,56.45,83.77,83.21
2025-07-30,Brazil,Chennai,Fertilizer,Supramax,89117,81.56,658.54,130.57,56.45,83.77,83.21
2025-07-30,Russia,Kakinada,Wheat,Panamax,60004,79.41,658.54,130.57,56.45,83.77,83.21
2025-07-30,Indonesia,Chennai,Wheat,Panamax,110568,80.86,658.54,130.57,56.45,83.77,83.21
2025-07-30,South Africa,Paradip,Fertilizer,Handysize,109755,75.47,658.54,130.57,56.45,83.77,83.21
2025-07-30,South Africa,Visakhapatnam,Coal,Supramax,44631,80.96,658.54,130.57,56.45,83.77,83.21
2025-07-30,Indonesia,Krishnapatnam,Bauxite,Handymax,108624,82.84,658.54,130.57,56.45,83.77,83.21
2025-07-30,Russia,Krishnapatnam,Coal,Supramax,68247,77.11,658.54,130.57,56.45,83.77,83.21
2025-07-31,Australia,Visakhapatnam,Wheat,Capesize,99458,79.52,596.08,113.66,34.11,96.5,99.55
2025-07-31,Indonesia,Chennai,Bauxite,Handymax,26642,68.16,596.08,113.66,34.11,96.5,99.55
2025-07-31,Australia,Krishnapatnam,Iron Ore,Supramax,33026,70.59,596.08,113.66,34.11,96.5,99.55
2025-07-31,South Africa,Paradip,Wheat,Handymax,42388,65.64,596.08,113.66,34.11,96.5,99.55
2025-07-31,Russia,Visakhapatnam,Fertilizer,Handysize,42044,66.69,596.08,113.66,34.11,96.5,99.55
2025-07-31,Indonesia,Chennai,Fertilizer,Handymax,111884,71.53,596.08,113.66,34.11,96.5,99.55
2025-07-31,Australia,Visakhapatnam,Wheat,Capesize,42224,76.21,596.08,113.66,34.11,96.5,99.55
2025-07-31,Brazil,Chennai,Iron Ore,Supramax,101567,77.63,596.08,113.66,34.11,96.5,99.55
2025-08-01,Brazil,Chennai,Coal,Supramax,65748,68.23,603.65,111.73,31.82,51.34,57.03
2025-08-01,Brazil,Visakhapatnam,Wheat,Handymax,99700,62.04,603.65,111.73,31.82,51.34,57.03
2025-08-01,Russia,Paradip,Bauxite,Supramax,26308,68.54,603.65,111.73,31.82,51.34,57.03
2025-08-01,Brazil,Kakinada,Bauxite,Capesize,82597,77.54,603.65,111.73,31.82,51.34,57.03
2025-08-01,Russia,Krishnapatnam,Iron Ore,Handymax,45218,66.86,603.65,111.73,31.82,51.34,57.03
2025-08-01,Australia,Paradip,Coal,Supramax,88755,70.27,603.65,111.73,31.82,51.34,57.03
2025-08-01,South Africa,Kakinada,Coal,Capesize,37158,78.67,603.65,111.73,31.82,51.34,57.03
2025-08-01,South Africa,Chennai,Coal,Handysize,107932,68.24,603.65,111.73,31.82,51.34,57.03
2025-08-02,Indonesia,Kakinada,Fertilizer,Handysize,99027,77.73,718.46,89.27,51.08,100.0,26.7
2025-08-02,Brazil,Krishnapatnam,Wheat,Supramax,24289,77.68,718.46,89.27,51.08,100.0,26.7
2025-08-02,South Africa,Chennai,Wheat,Supramax,118015,79.99,718.46,89.27,51.08,100.0,26.7
2025-08-02,Australia,Krishnapatnam,Iron Ore,Capesize,30573,88.28,718.46,89.27,51.08,100.0,26.7
2025-08-02,Brazil,Chennai,Fertilizer,Handysize,74519,74.66,718.46,89.27,51.08,100.0,26.7
2025-08-02,Russia,Krishnapatnam,Iron Ore,Handymax,82652,80.74,718.46,89.27,51.08,100.0,26.7
2025-08-02,Indonesia,Visakhapatnam,Fertilizer,Supramax,74825,79.05,718.46,89.27,51.08,100.0,26.7
2025-08-02,Brazil,Krishnapatnam,Coal,Capesize,104868,92.3,718.46,89.27,51.08,100.0,26.7
2025-08-03,Indonesia,Kakinada,Iron Ore,Capesize,27223,86.8,587.82,157.18,41.82,81.68,54.21
2025-08-03,Australia,Krishnapatnam,Fertilizer,Panamax,36284,80.86,587.82,157.18,41.82,81.68,54.21
2025-08-03,Indonesia,Paradip,Fertilizer,Handymax,43536,72.22,587.82,157.18,41.82,81.68,54.21
2025-08-03,Russia,Chennai,Bauxite,Supramax,27645,76.04,587.82,157.18,41.82,81.68,54.21
2025-08-03,Russia,Visakhapatnam,Wheat,Handymax,116115,77.11,587.82,157.18,41.82,81.68,54.21
2025-08-03,Brazil,Paradip,Fertilizer,Supramax,119714,75.14,587.82,157.18,41.82,81.68,54.21
2025-08-03,Indonesia,Visakhapatnam,Bauxite,Capesize,106315,85.7,587.82,157.18,41.82,81.68,54.21
2025-08-03,Russia,Chennai,Iron Ore,Panamax,111177,85.91,587.82,157.18,41.82,81.68,54.21
2025-08-04,Indonesia,Visakhapatnam,Bauxite,Panamax,78048,77.94,799.67,95.94,30.26,57.72,60.79
2025-08-04,South Africa,Chennai,Iron Ore,Handysize,109535,71.39,799.67,95.94,30.26,57.72,60.79
2025-08-04,Brazil,Kakinada,Wheat,Panamax,102109,74.27,799.67,95.94,30.26,57.72,60.79
2025-08-04,Brazil,Kakinada,Iron Ore,Panamax,95978,79.65,799.67,95.94,30.26,57.72,60.79
2025-08-04,Indonesia,Krishnapatnam,Bauxite,Panamax,82878,81.1,799.67,95.94,30.26,57.72,60.79
2025-08-04,Russia,Paradip,Fertilizer,Panamax,117346,76.1,799.67,95.94,30.26,57.72,60.79
2025-08-04,Brazil,Paradip,Iron Ore,Handymax,89694,71.58,799.67,95.94,30.26,57.72,60.79
2025-08-04,South Africa,Paradip,Fertilizer,Handymax,41949,71.18,799.67,95.94,30.26,57.72,60.79
2025-08-05,Australia,Kakinada,Iron Ore,Supramax,54927,77.77,820.22,93.32,72.89,57.85,62.02
2025-08-05,Brazil,Visakhapatnam,Fertilizer,Panamax,72028,77.56,820.22,93.32,72.89,57.85,62.02
2025-08-05,Brazil,Paradip,Wheat,Supramax,28238,71.52,820.22,93.32,72.89,57.85,62.02
2025-08-05,South Africa,Kakinada,Fertilizer,Supramax,81160,78.75,820.22,93.32,72.89,57.85,62.02
2025-08-05,Indonesia,Kakinada,Coal,Handymax,23719,74.95,820.22,93.32,72.89,57.85,62.02
2025-08-05,Indonesia,Krishnapatnam,Iron Ore,Handymax,64405,75.23,820.22,93.32,72.89,57.85,62.02
2025-08-05,South Africa,Visakhapatnam,Fertilizer,Capesize,58297,83.63,820.22,93.32,72.89,57.85,62.02
2025-08-05,Brazil,Kakinada,Coal,Handymax,116755,77.38,820.22,93.32,72.89,57.85,62.02
2025-08-06,Australia,Visakhapatnam,Fertilizer,Handymax,109245,73.86,769.03,125.78,55.13,80.38,65.1
2025-08-06,South Africa,Paradip,Wheat,Supramax,66758,77.75,769.03,125.78,55.13,80.38,65.1
2025-08-06,South Africa,Visakhapatnam,Coal,Handysize,25553,72.49,769.03,125.78,55.13,80.38,65.1
2025-08-06,South Africa,Paradip,Bauxite,Panamax,28500,84.17,769.03,125.78,55.13,80.38,65.1
2025-08-06,Brazil,Paradip,Coal,Panamax,114831,83.56,769.03,125.78,55.13,80.38,65.1
2025-08-06,Australia,Chennai,Wheat,Handymax,35719,72.75,769.03,125.78,55.13,80.38,65.1
2025-08-06,Russia,Kakinada,Wheat,Handymax,93704,74.52,769.03,125.78,55.13,80.38,65.1
2025-08-06,Russia,Kakinada,Coal,Handysize,77960,78.85,769.03,125.78,55.13,80.38,65.1
2025-08-07,South Africa,Chennai,Bauxite,Handymax,96139,70.72,557.55,151.21,42.45,78.96,50.13
2025-08-07,Indonesia,Krishnapatnam,Wheat,Handymax,70906,72.66,557.55,151.21,42.45,78.96,50.13
2025-08-07,Russia,Chennai,Bauxite,Handymax,41209,71.19,557.55,151.21,42.45,78.96,50.13
2025-08-07,South Africa,Chennai,Wheat,Panamax,118549,76.29,557.55,151.21,42.45,78.96,50.13
2025-08-07,Australia,Krishnapatnam,Coal,Handysize,89825,72.42,557.55,151.21,42.45,78.96,50.13
2025-08-07,South Africa,Visakhapatnam,Bauxite,Supramax,63513,79.39,557.55,151.21,42.45,78.96,50.13
2025-08-07,Russia,Chennai,Iron Ore,Handysize,81904,75.36,557.55,151.21,42.45,78.96,50.13
2025-08-07,Russia,Visakhapatnam,Fertilizer,Supramax,50504,72.95,557.55,151.21,42.45,78.96,50.13
2025-08-08,South Africa,Chennai,Coal,Capesize,30908,78.65,583.75,131.34,33.49,42.29,40.01
2025-08-08,Russia,Kakinada,Wheat,Handysize,94781,62.8,583.75,131.34,33.49,42.29,40.01
2025-08-08,Indonesia,Visakhapatnam,Wheat,Handysize,77805,65.37,583.75,131.34,33.49,42.29,40.01
2025-08-08,Indonesia,Paradip,Coal,Supramax,21351,68.72,583.75,131.34,33.49,42.29,40.01
2025-08-08,Indonesia,Paradip,Wheat,Handysize,74930,62.03,583.75,131.34,33.49,42.29,40.01
2025-08-08,Indonesia,Visakhapatnam,Iron Ore,Panamax,105013,74.06,583.75,131.34,33.49,42.29,40.01
2025-08-08,Brazil,Paradip,Iron Ore,Capesize,35378,78.14,583.75,131.34,33.49,42.29,40.01
2025-08-08,Brazil,Paradip,Bauxite,Supramax,78785,70.51,583.75,131.34,33.49,42.29,40.01
2025-08-09,Indonesia,Kakinada,Fertilizer,Panamax,25502,82.98,716.12,157.46,50.22,96.53,61.25
2025-08-09,Indonesia,Kakinada,Wheat,Handysize,94800,83.16,716.12,157.46,50.22,96.53,61.25
2025-08-09,Russia,Krishnapatnam,Iron Ore,Handysize,94554,82.87,716.12,157.46,50.22,96.53,61.25
2025-08-09,Russia,Paradip,Wheat,Capesize,119230,84.43,716.12,157.46,50.22,96.53,61.25
2025-08-09,Russia,Chennai,Bauxite,Capesize,59744,95.02,716.12,157.46,50.22,96.53,61.25
2025-08-09,South Africa,Kakinada,Wheat,Panamax,47830,81.77,716.12,157.46,50.22,96.53,61.25
2025-08-09,Australia,Chennai,Fertilizer,Handysize,52074,78.03,716.12,157.46,50.22,96.53,61.25
2025-08-09,Australia,Krishnapatnam,Coal,Handysize,51943,78.9,716.12,157.46,50.22,96.53,61.25
2025-08-10,South Africa,Visakhapatnam,Fertilizer,Handymax,52412,73.5,809.87,151.63,19.77,46.4,71.42
2025-08-10,Indonesia,Kakinada,Fertilizer,Supramax,34877,75.15,809.87,151.63,19.77,46.4,71.42
2025-08-10,Russia,Paradip,Bauxite,Handymax,117468,73.81,809.87,151.63,19.77,46.4,71.42
2025-08-10,Indonesia,Krishnapatnam,Coal,Handymax,50373,70.75,809.87,151.63,19.77,46.4,71.42
2025-08-10,Russia,Chennai,Bauxite,Supramax,51559,74.74,809.87,151.63,19.77,46.4,71.42
2025-08-10,Brazil,Paradip,Coal,Handymax,73405,71.02,809.87,151.63,19.77,46.4,71.42
2025-08-10,Brazil,Kakinada,Wheat,Supramax,83753,72.7,809.87,151.63,19.77,46.4,71.42
2025-08-10,Indonesia,Kakinada,Fertilizer,Capesize,27364,78.12,809.87,151.63,19.77,46.4,71.42
2025-08-11,Brazil,Visakhapatnam,Coal,Panamax,80265,82.08,730.4,142.84,46.89,70.79,42.41
2025-08-11,Brazil,Chennai,Fertilizer,Supramax,84450,81.7,730.4,142.84,46.89,70.79,42.41
2025-08-11,Australia,Kakinada,Fertilizer,Capesize,60236,85.75,730.4,142.84,46.89,70.79,42.41
2025-08-11,Australia,Chennai,Coal,Handysize,33225,71.29,730.4,142.84,46.89,70.79,42.41
2025-08-11,Indonesia,Kakinada,Coal,Capesize,87648,89.19,730.4,142.84,46.89,70.79,42.41
2025-08-11,Australia,Visakhapatnam,Bauxite,Supramax,82205,78.35,730.4,142.84,46.89,70.79,42.41
2025-08-11,South Africa,Visakhapatnam,Coal,Handymax,58148,75.14,730.4,142.84,46.89,70.79,42.41
2025-08-11,Indonesia,Paradip,Fertilizer,Panamax,85817,81.69,730.4,142.84,46.89,70.79,42.41
2025-08-12,Indonesia,Kakinada,Fertilizer,Supramax,52289,74.52,725.39,142.82,44.03,57.46,56.58
2025-08-12,Australia,Chennai,Bauxite,Panamax,40618,78.07,725.39,142.82,44.03,57.46,56.58
2025-08-12,South Africa,Kakinada,Iron Ore,Supramax,34140,80.83,725.39,142.82,44.03,57.46,56.58
2025-08-12,South Africa,Chennai,Bauxite,Supramax,78450,80.35,725.39,142.82,44.03,57.46,56.58
2025-08-12,Australia,Visakhapatnam,Bauxite,Panamax,59209,77.15,725.39,142.82,44.03,57.46,56.58
2025-08-12,Australia,Visakhapatnam,Wheat,Panamax,41877,78.39,725.39,142.82,44.03,57.46,56.58
2025-08-12,South Africa,Chennai,Fertilizer,Supramax,55329,74.02,725.39,142.82,44.03,57.46,56.58
2025-08-12,Russia,Krishnapatnam,Iron Ore,Handysize,42158,75.3,725.39,142.82,44.03,57.46,56.58
2025-08-13,Indonesia,Paradip,Wheat,Handymax,36844,74.11,754.65,142.09,49.24,62.29,62.47
2025-08-13,Russia,Kakinada,Bauxite,Panamax,80738,85.62,754.65,142.09,49.24,62.29,62.47
2025-08-13,Russia,Paradip,Bauxite,Capesize,87049,87.51,754.65,142.09,49.24,62.29,62.47
2025-08-13,Indonesia,Kakinada,Coal,Supramax,25911,74.09,754.65,142.09,49.24,62.29,62.47
2025-08-13,Russia,Chennai,Coal,Handymax,34906,74.33,754.65,142.09,49.24,62.29,62.47
2025-08-13,Russia,Kakinada,Fertilizer,Handymax,88053,75.16,754.65,142.09,49.24,62.29,62.47
2025-08-13,South Africa,Visakhapatnam,Fertilizer,Panamax,42818,79.45,754.65,142.09,49.24,62.29,62.47
2025-08-13,Brazil,Paradip,Bauxite,Handymax,84698,75.5,754.65,142.09,49.24,62.29,62.47
2025-08-14,Indonesia,Paradip,Wheat,Supramax,64259,68.25,619.02,137.56,35.86,37.2,53.97
2025-08-14,Australia,Paradip,Wheat,Capesize,39427,73.53,619.02,137.56,35.86,37.2,53.97
2025-08-14,Indonesia,Krishnapatnam,Coal,Capesize,56032,75.63,619.02,137.56,35.86,37.2,53.97
2025-08-14,Russia,Krishnapatnam,Coal,Handysize,21344,65.06,619.02,137.56,35.86,37.2,53.97
2025-08-14,Indonesia,Chennai,Wheat,Handysize,53677,67.4,619.02,137.56,35.86,37.2,53.97
2025-08-14,South Africa,Paradip,Iron Ore,Panamax,75695,76.53,619.02,137.56,35.86,37.2,53.97
2025-08-14,Brazil,Kakinada,Iron Ore,Handysize,76948,68.86,619.02,137.56,35.86,37.2,53.97
2025-08-14,Indonesia,Kakinada,Fertilizer,Capesize,80739,74.25,619.02,137.56,35.86,37.2,53.97
2025-08-15,Brazil,Visakhapatnam,Coal,Handysize,89249,79.24,847.33,156.05,49.05,71.9,39.38
2025-08-15,Russia,Kakinada,Coal,Capesize,36687,89.32,847.33,156.05,49.05,71.9,39.38
2025-08-15,Russia,Chennai,Fertilizer,Handysize,100881,77.33,847.33,156.05,49.05,71.9,39.38
2025-08-15,Indonesia,Kakinada,Fertilizer,Handymax,67319,81.96,847.33,156.05,49.05,71.9,39.38
2025-08-15,South Africa,Kakinada,Fertilizer,Supramax,85234,82.83,847.33,156.05,49.05,71.9,39.38
2025-08-15,Brazil,Krishnapatnam,Wheat,Capesize,104202,89.7,847.33,156.05,49.05,71.9,39.38
2025-08-15,Russia,Kakinada,Wheat,Handysize,113985,79.6,847.33,156.05,49.05,71.9,39.38
2025-08-15,Indonesia,Krishnapatnam,Coal,Panamax,103971,90.6,847.33,156.05,49.05,71.9,39.38
2025-08-16,Indonesia,Krishnapatnam,Iron Ore,Supramax,38632,76.21,810.28,97.8,39.5,75.74,66.82
2025-08-16,Brazil,Kakinada,Fertilizer,Supramax,32013,76.09,810.28,97.8,39.5,75.74,66.82
2025-08-16,Russia,Visakhapatnam,Coal,Handysize,69304,70.33,810.28,97.8,39.5,75.74,66.82
2025-08-16,Australia,Krishnapatnam,Bauxite,Handymax,89326,71.1,810.28,97.8,39.5,75.74,66.82
2025-08-16,Russia,Chennai,Iron Ore,Handymax,51181,73.61,810.28,97.8,39.5,75.74,66.82
2025-08-16,Brazil,Krishnapatnam,Fertilizer,Handymax,84960,71.39,810.28,97.8,39.5,75.74,66.82
2025-08-16,Brazil,Kakinada,Iron Ore,Supramax,117794,81.38,810.28,97.8,39.5,75.74,66.82
2025-08-16,Brazil,Krishnapatnam,Iron Ore,Handysize,57844,72.22,810.28,97.8,39.5,75.74,66.82
2025-08-17,Australia,Kakinada,Fertilizer,Capesize,114285,83.55,792.02,87.47,44.01,75.29,42.39
2025-08-17,South Africa,Paradip,Iron Ore,Capesize,67874,90.42,792.02,87.47,44.01,75.29,42.39
2025-08-17,Russia,Kakinada,Iron Ore,Handymax,118297,78.79,792.02,87.47,44.01,75.29,42.39
2025-08-17,South Africa,Krishnapatnam,Fertilizer,Handysize,29560,71.76,792.02,87.47,44.01,75.29,42.39
2025-08-17,Brazil,Kakinada,Fertilizer,Handysize,42909,71.85,792.02,87.47,44.01,75.29,42.39
2025-08-17,Russia,Chennai,Coal,Supramax,86710,78.68,792.02,87.47,44.01,75.29,42.39
2025-08-17,Australia,Paradip,Iron Ore,Panamax,116879,86.57,792.02,87.47,44.01,75.29,42.39
2025-08-17,Russia,Chennai,Coal,Handysize,108664,72.75,792.02,87.47,44.01,75.29,42.39
2025-08-18,Russia,Kakinada,Bauxite,Handymax,39722,72.9,765.58,142.54,40.36,63.89,68.47
2025-08-18,Russia,Visakhapatnam,Fertilizer,Panamax,88373,78.48,765.58,142.54,40.36,63.89,68.47
2025-08-18,South Africa,Paradip,Coal,Handysize,92949,70.66,765.58,142.54,40.36,63.89,68.47
2025-08-18,Indonesia,Kakinada,Bauxite,Panamax,84176,82.04,765.58,142.54,40.36,63.89,68.47
2025-08-18,Russia,Krishnapatnam,Bauxite,Panamax,31984,80.66,765.58,142.54,40.36,63.89,68.47
2025-08-18,South Africa,Kakinada,Coal,Handymax,46675,75.17,765.58,142.54,40.36,63.89,68.47
2025-08-18,Russia,Visakhapatnam,Iron Ore,Supramax,43920,81.14,765.58,142.54,40.36,63.89,68.47
2025-08-18,Brazil,Chennai,Bauxite,Handymax,90590,74.28,765.58,142.54,40.36,63.89,68.47
2025-08-19,Russia,Visakhapatnam,Iron Ore,Panamax,33889,80.56,848.18,123.14,49.61,74.9,64.09
2025-08-19,South Africa,Krishnapatnam,Iron Ore,Handysize,103770,77.12,848.18,123.14,49.61,74.9,64.09
2025-08-19,Brazil,Krishnapatnam,Bauxite,Capesize,95490,86.11,848.18,123.14,49.61,74.9,64.09
2025-08-19,Brazil,Krishnapatnam,Wheat,Capesize,81476,83.48,848.18,123.14,49.61,74.9,64.09
2025-08-19,Brazil,Krishnapatnam,Bauxite,Panamax,85635,83.61,848.18,123.14,49.61,74.9,64.09
2025-08-19,Russia,Visakhapatnam,Iron Ore,Handymax,94613,80.27,848.18,123.14,49.61,74.9,64.09
2025-08-19,Brazil,Krishnapatnam,Coal,Capesize,72902,86.6,848.18,123.14,49.61,74.9,64.09
2025-08-19,Indonesia,Chennai,Bauxite,Panamax,85029,87.29,848.18,123.14,49.61,74.9,64.09
2025-08-20,Russia,Krishnapatnam,Iron Ore,Handysize,101756,72.66,688.05,132.93,36.9,96.46,73.91
2025-08-20,Brazil,Visakhapatnam,Coal,Handymax,77010,77.08,688.05,132.93,36.9,96.46,73.91
2025-08-20,Australia,Visakhapatnam,Bauxite,Handymax,21148,74.42,688.05,132.93,36.9,96.46,73.91
2025-08-20,South Africa,Paradip,Bauxite,Panamax,44510,79.91,688.05,132.93,36.9,96.46,73.91
2025-08-20,Brazil,Krishnapatnam,Fertilizer,Handymax,55176,75.36,688.05,132.93,36.9,96.46,73.91
2025-08-20,South Africa,Visakhapatnam,Bauxite,Handysize,92283,72.81,688.05,132.93,36.9,96.46,73.91
2025-08-20,Brazil,Visakhapatnam,Coal,Handymax,22899,76.19,688.05,132.93,36.9,96.46,73.91
2025-08-20,Indonesia,Chennai,Fertilizer,Supramax,111720,76.02,688.05,132.93,36.9,96.46,73.91
2025-08-21,Russia,Visakhapatnam,Bauxite,Supramax,49541,78.36,768.54,88.82,46.79,76.42,43.4
2025-08-21,Indonesia,Krishnapatnam,Wheat,Handysize,95733,68.64,768.54,88.82,46.79,76.42,43.4
2025-08-21,Indonesia,Visakhapatnam,Fertilizer,Capesize,117201,84.03,768.54,88.82,46.79,76.42,43.4
2025-08-21,Brazil,Paradip,Iron Ore,Handysize,61751,76.0,768.54,88.82,46.79,76.42,43.4
2025-08-21,Russia,Paradip,Bauxite,Panamax,111164,80.02,768.54,88.82,46.79,76.42,43.4
2025-08-21,Brazil,Kakinada,Bauxite,Panamax,85322,81.69,768.54,88.82,46.79,76.42,43.4
2025-08-21,Indonesia,Krishnapatnam,Fertilizer,Panamax,43951,77.24,768.54,88.82,46.79,76.42,43.4
2025-08-21,Brazil,Krishnapatnam,Wheat,Capesize,71369,86.08,768.54,88.82,46.79,76.42,43.4
2025-08-22,Russia,Chennai,Iron Ore,Capesize,71131,81.42,579.96,126.57,30.11,71.48,41.02
2025-08-22,Brazil,Paradip,Bauxite,Panamax,96667,77.01,579.96,126.57,30.11,71.48,41.02
2025-08-22,Brazil,Chennai,Iron Ore,Capesize,37410,82.12,579.96,126.57,30.11,71.48,41.02
2025-08-22,Brazil,Kakinada,Coal,Handysize,82852,66.64,579.96,126.57,30.11,71.48,41.02
2025-08-22,Australia,Chennai,Iron Ore,Handymax,43647,72.18,579.96,126.57,30.11,71.48,41.02
2025-08-22,Australia,Kakinada,Bauxite,Handysize,68484,66.79,579.96,126.57,30.11,71.48,41.02
2025-08-22,Indonesia,Paradip,Bauxite,Capesize,29318,81.98,579.96,126.57,30.11,71.48,41.02
2025-08-22,Australia,Chennai,Iron Ore,Capesize,91623,83.26,579.96,126.57,30.11,71.48,41.02
2025-08-23,Russia,Kakinada,Wheat,Capesize,35350,90.33,790.74,144.89,51.38,85.22,57.36
2025-08-23,Indonesia,Krishnapatnam,Bauxite,Supramax,21259,83.27,790.74,144.89,51.38,85.22,57.36
2025-08-23,Brazil,Visakhapatnam,Coal,Supramax,47927,81.87,790.74,144.89,51.38,85.22,57.36
2025-08-23,Australia,Paradip,Bauxite,Supramax,70387,83.46,790.74,144.89,51.38,85.22,57.36
2025-08-23,Brazil,Krishnapatnam,Iron Ore,Handysize,62946,80.88,790.74,144.89,51.38,85.22,57.36
2025-08-23,Brazil,Paradip,Wheat,Supramax,25819,82.44,790.74,144.89,51.38,85.22,57.36
2025-08-23,Russia,Chennai,Fertilizer,Handysize,81013,79.42,790.74,144.89,51.38,85.22,57.36
2025-08-23,Australia,Kakinada,Iron Ore,Handymax,97053,84.17,790.74,144.89,51.38,85.22,57.36
2025-08-24,Brazil,Visakhapatnam,Fertilizer,Handymax,50773,73.05,583.05,159.71,38.7,93.61,61.43
2025-08-24,Indonesia,Kakinada,Fertilizer,Handysize,89568,74.98,583.05,159.71,38.7,93.61,61.43
2025-08-24,Russia,Kakinada,Wheat,Handymax,89016,74.58,583.05,159.71,38.7,93.61,61.43
2025-08-24,Russia,Paradip,Bauxite,Handysize,80092,76.94,583.05,159.71,38.7,93.61,61.43
2025-08-24,Russia,Visakhapatnam,Fertilizer,Panamax,103074,82.13,583.05,159.71,38.7,93.61,61.43
2025-08-24,South Africa,Chennai,Fertilizer,Panamax,84684,79.14,583.05,159.71,38.7,93.61,61.43
2025-08-24,Indonesia,Chennai,Bauxite,Handysize,52027,77.3,583.05,159.71,38.7,93.61,61.43
2025-08-24,Russia,Krishnapatnam,Coal,Handysize,44395,73.56,583.05,159.71,38.7,93.61,61.43
2025-08-25,Brazil,Visakhapatnam,Bauxite,Handysize,65246,65.74,535.68,153.7,44.23,65.5,100.0
2025-08-25,Australia,Kakinada,Bauxite,Handymax,21212,67.19,535.68,153.7,44.23,65.5,100.0
2025-08-25,Brazil,Krishnapatnam,Bauxite,Handysize,34271,67.05,535.68,153.7,44.23,65.5,100.0
2025-08-25,South Africa,Krishnapatnam,Fertilizer,Capesize,57861,80.79,535.68,153.7,44.23,65.5,100.0
2025-08-25,Australia,Chennai,Coal,Supramax,93502,69.43,535.68,153.7,44.23,65.5,100.0
2025-08-25,Australia,Visakhapatnam,Bauxite,Handymax,100431,67.56,535.68,153.7,44.23,65.5,100.0
2025-08-25,South Africa,Paradip,Coal,Handysize,39640,65.39,535.68,153.7,44.23,65.5,100.0
2025-08-25,Indonesia,Kakinada,Coal,Handymax,83427,65.31,535.68,153.7,44.23,65.5,100.0
2025-08-26,Brazil,Visakhapatnam,Coal,Capesize,72473,78.09,561.47,162.34,31.8,53.2,56.77
2025-08-26,Russia,Paradip,Fertilizer,Panamax,113969,81.08,561.47,162.34,31.8,53.2,56.77
2025-08-26,Russia,Kakinada,Fertilizer,Panamax,89650,73.54,561.47,162.34,31.8,53.2,56.77
2025-08-26,Indonesia,Krishnapatnam,Iron Ore,Panamax,25165,72.18,561.47,162.34,31.8,53.2,56.77
2025-08-26,South Africa,Visakhapatnam,Coal,Handymax,96674,69.6,561.47,162.34,31.8,53.2,56.77
2025-08-26,Brazil,Krishnapatnam,Wheat,Handysize,51030,66.36,561.47,162.34,31.8,53.2,56.77
2025-08-26,Australia,Chennai,Coal,Capesize,40119,79.9,561.47,162.34,31.8,53.2,56.77
2025-08-26,Brazil,Kakinada,Iron Ore,Panamax,103258,80.36,561.47,162.34,31.8,53.2,56.77
2025-08-27,Brazil,Paradip,Coal,Handymax,22247,69.49,797.66,121.3,42.29,38.1,69.04
2025-08-27,Australia,Visakhapatnam,Coal,Handysize,72960,66.07,797.66,121.3,42.29,38.1,69.04
2025-08-27,South Africa,Chennai,Wheat,Panamax,58465,75.94,797.66,121.3,42.29,38.1,69.04
2025-08-27,Russia,Chennai,Fertilizer,Handymax,70113,68.87,797.66,121.3,42.29,38.1,69.04
2025-08-27,Australia,Paradip,Iron Ore,Handysize,112978,69.81,797.66,121.3,42.29,38.1,69.04
2025-08-27,Brazil,Chennai,Wheat,Supramax,109547,70.72,797.66,121.3,42.29,38.1,69.04
2025-08-27,Brazil,Chennai,Coal,Handymax,79574,70.28,797.66,121.3,42.29,38.1,69.04
2025-08-27,Brazil,Paradip,Wheat,Panamax,93711,75.32,797.66,121.3,42.29,38.1,69.04
2025-08-28,Brazil,Visakhapatnam,Bauxite,Panamax,47412,71.78,584.06,88.83,34.46,53.21,66.09
2025-08-28,Brazil,Visakhapatnam,Wheat,Capesize,98482,73.19,584.06,88.83,34.46,53.21,66.09
2025-08-28,Australia,Visakhapatnam,Bauxite,Capesize,90621,77.63,584.06,88.83,34.46,53.21,66.09
2025-08-28,South Africa,Paradip,Coal,Supramax,119042,69.82,584.06,88.83,34.46,53.21,66.09
2025-08-28,Australia,Chennai,Coal,Capesize,46357,71.14,584.06,88.83,34.46,53.21,66.09
2025-08-28,Indonesia,Krishnapatnam,Bauxite,Supramax,20850,67.57,584.06,88.83,34.46,53.21,66.09
2025-08-28,Brazil,Kakinada,Fertilizer,Capesize,38515,73.5,584.06,88.83,34.46,53.21,66.09
2025-08-28,Indonesia,Paradip,Fertilizer,Supramax,116706,67.66,584.06,88.83,34.46,53.21,66.09
2025-08-29,Indonesia,Chennai,Fertilizer,Capesize,39585,82.34,560.32,134.31,67.58,75.28,72.17
2025-08-29,Australia,Chennai,Coal,Panamax,34758,80.06,560.32,134.31,67.58,75.28,72.17
2025-08-29,South Africa,Chennai,Iron Ore,Handysize,60161,74.85,560.32,134.31,67.58,75.28,72.17
2025-08-29,Russia,Paradip,Coal,Capesize,56473,83.15,560.32,134.31,67.58,75.28,72.17
2025-08-29,Australia,Chennai,Bauxite,Capesize,36013,82.99,560.32,134.31,67.58,75.28,72.17
2025-08-29,Australia,Paradip,Iron Ore,Handysize,93756,75.86,560.32,134.31,67.58,75.28,72.17
2025-08-29,South Africa,Chennai,Wheat,Handysize,96932,72.77,560.32,134.31,67.58,75.28,72.17
2025-08-29,South Africa,Paradip,Iron Ore,Handysize,97759,70.68,560.32,134.31,67.58,75.28,72.17
2025-08-30,Brazil,Visakhapatnam,Fertilizer,Handymax,49134,67.32,597.74,98.16,38.35,82.55,72.14
2025-08-30,Indonesia,Visakhapatnam,Fertilizer,Panamax,117042,75.15,597.74,98.16,38.35,82.55,72.14
2025-08-30,Australia,Krishnapatnam,Wheat,Panamax,20749,65.84,597.74,98.16,38.35,82.55,72.14
2025-08-30,Australia,Paradip,Iron Ore,Panamax,72663,78.66,597.74,98.16,38.35,82.55,72.14
2025-08-30,South Africa,Chennai,Coal,Supramax,20335,66.96,597.74,98.16,38.35,82.55,72.14
2025-08-30,Brazil,Chennai,Bauxite,Supramax,71819,72.22,597.74,98.16,38.35,82.55,72.14
2025-08-30,Russia,Visakhapatnam,Wheat,Capesize,76315,76.44,597.74,98.16,38.35,82.55,72.14
2025-08-30,Brazil,Krishnapatnam,Fertilizer,Handysize,58006,62.94,597.74,98.16,38.35,82.55,72.14
2025-08-31,Russia,Kakinada,Bauxite,Handysize,25886,74.72,646.22,128.69,41.96,82.34,40.65
2025-08-31,South Africa,Chennai,Iron Ore,Handysize,54486,78.1,646.22,128.69,41.96,82.34,40.65
2025-08-31,Australia,Visakhapatnam,Bauxite,Handymax,94988,77.23,646.22,128.69,41.96,82.34,40.65
2025-08-31,Russia,Kakinada,Iron Ore,Panamax,36965,83.37,646.22,128.69,41.96,82.34,40.65
2025-08-31,Brazil,Paradip,Bauxite,Capesize,109229,88.03,646.22,128.69,41.96,82.34,40.65
2025-08-31,Russia,Krishnapatnam,Wheat,Handymax,80717,73.45,646.22,128.69,41.96,82.34,40.65
2025-08-31,Australia,Krishnapatnam,Fertilizer,Panamax,119395,79.32,646.22,128.69,41.96,82.34,40.65
2025-08-31,South Africa,Kakinada,Coal,Supramax,20683,75.01,646.22,128.69,41.96,82.34,40.65
2025-09-01,Russia,Chennai,Wheat,Handymax,119347,64.89,746.62,90.82,48.74,35.38,59.16
2025-09-01,South Africa,Chennai,Bauxite,Panamax,44041,74.69,746.62,90.82,48.74,35.38,59.16
2025-09-01,South Africa,Krishnapatnam,Wheat,Handymax,52805,63.74,746.62,90.82,48.74,35.38,59.16
2025-09-01,Australia,Chennai,Bauxite,Panamax,118419,74.09,746.62,90.82,48.74,35.38,59.16
2025-09-01,Australia,Paradip,Iron Ore,Capesize,26042,77.59,746.62,90.82,48.74,35.38,59.16
2025-09-01,South Africa,Kakinada,Coal,Handymax,79323,64.75,746.62,90.82,48.74,35.38,59.16
2025-09-01,Brazil,Paradip,Iron Ore,Capesize,84048,79.5,746.62,90.82,48.74,35.38,59.16
2025-09-01,Australia,Visakhapatnam,Bauxite,Supramax,92682,70.73,746.62,90.82,48.74,35.38,59.16
2025-09-02,South Africa,Paradip,Fertilizer,Handysize,115763,68.74,626.79,79.43,40.67,80.85,28.32
2025-09-02,South Africa,Krishnapatnam,Wheat,Handysize,51699,66.05,626.79,79.43,40.67,80.85,28.32
2025-09-02,Russia,Kakinada,Fertilizer,Capesize,61915,79.42,626.79,79.43,40.67,80.85,28.32
2025-09-02,Brazil,Visakhapatnam,Coal,Capesize,23926,80.92,626.79,79.43,40.67,80.85,28.32
2025-09-02,Indonesia,Kakinada,Coal,Handymax,80914,71.21,626.79,79.43,40.67,80.85,28.32
2025-09-02,Brazil,Paradip,Wheat,Handysize,117067,68.9,626.79,79.43,40.67,80.85,28.32
2025-09-02,South Africa,Paradip,Fertilizer,Panamax,76746,77.19,626.79,79.43,40.67,80.85,28.32
2025-09-02,Russia,Kakinada,Iron Ore,Capesize,86405,87.96,626.79,79.43,40.67,80.85,28.32
2025-09-03,Russia,Krishnapatnam,Coal,Panamax,105874,86.81,755.91,137.6,71.89,79.96,71.02
2025-09-03,Brazil,Paradip,Fertilizer,Handymax,114632,78.74,755.91,137.6,71.89,79.96,71.02
2025-09-03,Russia,Visakhapatnam,Bauxite,Capesize,28567,87.03,755.91,137.6,71.89,79.96,71.02
2025-09-03,Brazil,Paradip,Bauxite,Handysize,75495,77.99,755.91,137.6,71.89,79.96,71.02
2025-09-03,Australia,Visakhapatnam,Wheat,Handymax,46590,72.82,755.91,137.6,71.89,79.96,71.02
2025-09-03,Russia,Visakhapatnam,Wheat,Handymax,102622,77.39,755.91,137.6,71.89,79.96,71.02
2025-09-03,Australia,Krishnapatnam,Bauxite,Panamax,47122,84.34,755.91,137.6,71.89,79.96,71.02
2025-09-03,Australia,Paradip,Bauxite,Capesize,21270,88.65,755.91,137.6,71.89,79.96,71.02
2025-09-04,Brazil,Paradip,Coal,Handymax,112332,66.61,541.94,126.02,45.04,59.27,60.77
2025-09-04,South Africa,Kakinada,Coal,Panamax,86383,75.72,541.94,126.02,45.04,59.27,60.77
2025-09-04,Australia,Visakhapatnam,Coal,Supramax,85381,70.44,541.94,126.02,45.04,59.27,60.77
2025-09-04,Russia,Chennai,Coal,Panamax,88224,75.97,541.94,126.02,45.04,59.27,60.77
2025-09-04,Australia,Krishnapatnam,Bauxite,Capesize,39959,75.63,541.94,126.02,45.04,59.27,60.77
2025-09-04,Australia,Kakinada,Bauxite,Panamax,112448,77.11,541.94,126.02,45.04,59.27,60.77
2025-09-04,Australia,Chennai,Fertilizer,Capesize,80268,79.28,541.94,126.02,45.04,59.27,60.77
2025-09-04,Russia,Paradip,Wheat,Panamax,33582,70.29,541.94,126.02,45.04,59.27,60.77
2025-09-05,Russia,Paradip,Iron Ore,Capesize,49660,82.6,547.37,138.86,52.96,32.42,42.0
2025-09-05,Indonesia,Visakhapatnam,Coal,Capesize,71754,78.46,547.37,138.86,52.96,32.42,42.0
2025-09-05,Indonesia,Visakhapatnam,Bauxite,Supramax,87323,74.15,547.37,138.86,52.96,32.42,42.0
2025-09-05,Russia,Krishnapatnam,Fertilizer,Panamax,104866,71.5,547.37,138.86,52.96,32.42,42.0
2025-09-05,Brazil,Krishnapatnam,Fertilizer,Handymax,96524,66.85,547.37,138.86,52.96,32.42,42.0
2025-09-05,Australia,Visakhapatnam,Coal,Panamax,76732,68.93,547.37,138.86,52.96,32.42,42.0
2025-09-05,South Africa,Krishnapatnam,Coal,Capesize,111123,78.45,547.37,138.86,52.96,32.42,42.0
2025-09-05,Australia,Kakinada,Fertilizer,Supramax,119709,71.97,547.37,138.86,52.96,32.42,42.0
2025-09-06,Brazil,Visakhapatnam,Fertilizer,Capesize,71973,81.51,812.97,123.11,23.4,68.15,62.1
2025-09-06,South Africa,Visakhapatnam,Coal,Panamax,84908,79.12,812.97,123.11,23.4,68.15,62.1
2025-09-06,Russia,Chennai,Iron Ore,Capesize,36033,85.44,812.97,123.11,23.4,68.15,62.1
2025-09-06,South Africa,Paradip,Wheat,Handymax,52688,71.59,812.97,123.11,23.4,68.15,62.1
2025-09-06,Russia,Visakhapatnam,Coal,Handymax,50080,72.57,812.97,123.11,23.4,68.15,62.1
2025-09-06,Russia,Kakinada,Bauxite,Panamax,44549,79.8,812.97,123.11,23.4,68.15,62.1
2025-09-06,Russia,Chennai,Iron Ore,Handymax,61772,74.57,812.97,123.11,23.4,68.15,62.1
2025-09-06,Indonesia,Chennai,Wheat,Handymax,119757,70.51,812.97,123.11,23.4,68.15,62.1
2025-09-07,Indonesia,Krishnapatnam,Fertilizer,Handymax,83348,59.99,570.93,113.34,25.8,32.31,68.18
2025-09-07,Indonesia,Krishnapatnam,Coal,Capesize,72852,71.75,570.93,113.34,25.8,32.31,68.18
2025-09-07,Australia,Krishnapatnam,Fertilizer,Handymax,52148,61.27,570.93,113.34,25.8,32.31,68.18
2025-09-07,Australia,Paradip,Iron Ore,Handysize,36749,59.53,570.93,113.34,25.8,32.31,68.18
2025-09-07,Australia,Krishnapatnam,Iron Ore,Handymax,70140,64.16,570.93,113.34,25.8,32.31,68.18
2025-09-07,Indonesia,Paradip,Fertilizer,Panamax,31403,63.96,570.93,113.34,25.8,32.31,68.18
2025-09-07,Indonesia,Visakhapatnam,Iron Ore,Handymax,29282,62.62,570.93,113.34,25.8,32.31,68.18
2025-09-07,Russia,Krishnapatnam,Wheat,Panamax,102896,66.16,570.93,113.34,25.8,32.31,68.18
2025-09-08,Brazil,Chennai,Wheat,Handysize,102754,69.24,567.85,146.86,38.62,67.24,66.22
2025-09-08,Indonesia,Paradip,Bauxite,Capesize,54364,82.39,567.85,146.86,38.62,67.24,66.22
2025-09-08,South Africa,Kakinada,Bauxite,Supramax,29933,70.73,567.85,146.86,38.62,67.24,66.22
2025-09-08,Brazil,Visakhapatnam,Iron Ore,Capesize,32202,79.43,567.85,146.86,38.62,67.24,66.22
2025-09-08,Indonesia,Paradip,Fertilizer,Handymax,111119,69.59,567.85,146.86,38.62,67.24,66.22
2025-09-08,Indonesia,Kakinada,Coal,Supramax,94787,74.49,567.85,146.86,38.62,67.24,66.22
2025-09-08,Brazil,Krishnapatnam,Bauxite,Capesize,83823,83.22,567.85,146.86,38.62,67.24,66.22
2025-09-08,South Africa,Chennai,Coal,Capesize,76689,80.91,567.85,146.86,38.62,67.24,66.22
2025-09-09,Brazil,Kakinada,Iron Ore,Handymax,22759,65.92,534.44,87.65,57.14,50.12,64.83
2025-09-09,Indonesia,Chennai,Wheat,Handymax,55921,61.68,534.44,87.65,57.14,50.12,64.83
2025-09-09,Australia,Paradip,Iron Ore,Supramax,78620,68.58,534.44,87.65,57.14,50.12,64.83
2025-09-09,Brazil,Paradip,Coal,Supramax,87144,67.1,534.44,87.65,57.14,50.12,64.83
2025-09-09,South Africa,Chennai,Coal,Panamax,86233,69.03,534.44,87.65,57.14,50.12,64.83
2025-09-09,Australia,Kakinada,Wheat,Handymax,72592,62.76,534.44,87.65,57.14,50.12,64.83
2025-09-09,Indonesia,Kakinada,Bauxite,Handysize,46651,62.76,534.44,87.65,57.14,50.12,64.83
2025-09-09,Russia,Kakinada,Iron Ore,Panamax,60273,73.12,534.44,87.65,57.14,50.12,64.83
2025-09-10,Russia,Krishnapatnam,Bauxite,Supramax,112312,73.34,529.45,87.26,56.87,50.6,39.7
2025-09-10,Australia,Visakhapatnam,Fertilizer,Supramax,28798,64.48,529.45,87.26,56.87,50.6,39.7
2025-09-10,Australia,Kakinada,Bauxite,Handysize,66315,66.21,529.45,87.26,56.87,50.6,39.7
2025-09-10,Indonesia,Visakhapatnam,Fertilizer,Capesize,38672,76.83,529.45,87.26,56.87,50.6,39.7
2025-09-10,South Africa,Paradip,Fertilizer,Capesize,71164,74.46,529.45,87.26,56.87,50.6,39.7
2025-09-10,Russia,Visakhapatnam,Wheat,Supramax,40946,61.11,529.45,87.26,56.87,50.6,39.7
2025-09-10,Brazil,Chennai,Wheat,Supramax,26536,66.87,529.45,87.26,56.87,50.6,39.7
2025-09-10,Russia,Paradip,Bauxite,Handysize,61304,65.53,529.45,87.26,56.87,50.6,39.7
2025-09-11,Australia,Chennai,Wheat,Supramax,59309,67.7,627.86,88.59,47.81,70.33,60.98
2025-09-11,Brazil,Chennai,Coal,Supramax,90360,70.32,627.86,88.59,47.81,70.33,60.98
2025-09-11,Brazil,Kakinada,Bauxite,Panamax,46993,73.84,627.86,88.59,47.81,70.33,60.98
2025-09-11,South Africa,Kakinada,Coal,Handymax,77475,72.72,627.86,88.59,47.81,70.33,60.98
2025-09-11,Australia,Krishnapatnam,Iron Ore,Supramax,106939,67.32,627.86,88.59,47.81,70.33,60.98
2025-09-11,Indonesia,Chennai,Iron Ore,Supramax,22899,69.91,627.86,88.59,47.81,70.33,60.98
2025-09-11,South Africa,Krishnapatnam,Bauxite,Handysize,96318,67.2,627.86,88.59,47.81,70.33,60.98
2025-09-11,South Africa,Visakhapatnam,Fertilizer,Handysize,98267,64.86,627.86,88.59,47.81,70.33,60.98
2025-09-12,Australia,Visakhapatnam,Coal,Capesize,90210,84.4,642.19,101.19,66.17,63.2,55.35
2025-09-12,South Africa,Visakhapatnam,Coal,Panamax,77750,73.18,642.19,101.19,66.17,63.2,55.35
2025-09-12,South Africa,Chennai,Bauxite,Supramax,41238,72.45,642.19,101.19,66.17,63.2,55.35
2025-09-12,Australia,Chennai,Iron Ore,Handymax,109211,74.88,642.19,101.19,66.17,63.2,55.35
2025-09-12,Brazil,Paradip,Bauxite,Handymax,32232,72.28,642.19,101.19,66.17,63.2,55.35
2025-09-12,Russia,Paradip,Fertilizer,Panamax,61006,75.32,642.19,101.19,66.17,63.2,55.35
2025-09-12,Brazil,Visakhapatnam,Coal,Supramax,74337,72.77,642.19,101.19,66.17,63.2,55.35
2025-09-12,Australia,Paradip,Fertilizer,Capesize,116303,78.28,642.19,101.19,66.17,63.2,55.35
2025-09-13,Russia,Visakhapatnam,Iron Ore,Panamax,77181,75.0,590.95,106.28,35.59,67.46,53.33
2025-09-13,Australia,Visakhapatnam,Fertilizer,Capesize,70583,77.96,590.95,106.28,35.59,67.46,53.33
2025-09-13,South Africa,Chennai,Iron Ore,Panamax,39604,76.83,590.95,106.28,35.59,67.46,53.33
2025-09-13,Brazil,Paradip,Fertilizer,Capesize,104324,80.61,590.95,106.28,35.59,67.46,53.33
2025-09-13,Russia,Paradip,Bauxite,Capesize,67870,75.24,590.95,106.28,35.59,67.46,53.33
2025-09-13,Russia,Chennai,Fertilizer,Handysize,69869,68.29,590.95,106.28,35.59,67.46,53.33
2025-09-13,Brazil,Visakhapatnam,Wheat,Handysize,43618,66.99,590.95,106.28,35.59,67.46,53.33
2025-09-13,Brazil,Paradip,Iron Ore,Handymax,110591,71.43,590.95,106.28,35.59,67.46,53.33
2025-09-14,Australia,Visakhapatnam,Coal,Panamax,66508,74.0,695.11,115.77,36.32,65.52,71.81
2025-09-14,South Africa,Krishnapatnam,Fertilizer,Capesize,52943,79.92,695.11,115.77,36.32,65.52,71.81
2025-09-14,Russia,Kakinada,Bauxite,Handysize,33597,69.67,695.11,115.77,36.32,65.52,71.81
2025-09-14,Australia,Krishnapatnam,Fertilizer,Capesize,79970,76.92,695.11,115.77,36.32,65.52,71.81
2025-09-14,Brazil,Visakhapatnam,Bauxite,Handysize,108707,74.34,695.11,115.77,36.32,65.52,71.81
2025-09-14,Indonesia,Chennai,Fertilizer,Panamax,119304,78.34,695.11,115.77,36.32,65.52,71.81
2025-09-14,Brazil,Paradip,Wheat,Handysize,118257,65.48,695.11,115.77,36.32,65.52,71.81
2025-09-14,Indonesia,Visakhapatnam,Coal,Capesize,34691,80.46,695.11,115.77,36.32,65.52,71.81
2025-09-15,Brazil,Chennai,Wheat,Handysize,37751,65.26,638.07,78.58,46.19,68.13,37.53
2025-09-15,South Africa,Kakinada,Wheat,Handymax,68887,64.19,638.07,78.58,46.19,68.13,37.53
2025-09-15,South Africa,Kakinada,Fertilizer,Panamax,36697,71.39,638.07,78.58,46.19,68.13,37.53
2025-09-15,Australia,Visakhapatnam,Fertilizer,Handysize,98246,67.12,638.07,78.58,46.19,68.13,37.53
2025-09-15,Brazil,Krishnapatnam,Iron Ore,Handymax,89877,68.97,638.07,78.58,46.19,68.13,37.53
2025-09-15,Australia,Chennai,Coal,Handysize,64870,66.93,638.07,78.58,46.19,68.13,37.53
2025-09-15,Brazil,Visakhapatnam,Fertilizer,Capesize,48199,76.15,638.07,78.58,46.19,68.13,37.53
2025-09-15,South Africa,Krishnapatnam,Iron Ore,Supramax,83690,74.9,638.07,78.58,46.19,68.13,37.53
2025-09-16,Russia,Kakinada,Wheat,Supramax,110645,67.25,684.11,95.28,22.22,63.8,45.65
2025-09-16,Australia,Chennai,Iron Ore,Capesize,108491,80.44,684.11,95.28,22.22,63.8,45.65
2025-09-16,South Africa,Paradip,Coal,Handymax,28706,65.49,684.11,95.28,22.22,63.8,45.65
2025-09-16,Brazil,Kakinada,Iron Ore,Supramax,38677,71.0,684.11,95.28,22.22,63.8,45.65
2025-09-16,Russia,Kakinada,Wheat,Panamax,26041,69.71,684.11,95.28,22.22,63.8,45.65
2025-09-16,Russia,Visakhapatnam,Bauxite,Capesize,117915,78.35,684.11,95.28,22.22,63.8,45.65
2025-09-16,South Africa,Chennai,Coal,Handymax,89575,66.87,684.11,95.28,22.22,63.8,45.65
2025-09-16,Brazil,Chennai,Iron Ore,Handymax,95466,72.88,684.11,95.28,22.22,63.8,45.65
2025-09-17,Russia,Paradip,Coal,Capesize,52107,74.63,633.23,86.3,37.63,45.12,62.04
2025-09-17,Brazil,Krishnapatnam,Iron Ore,Capesize,98457,76.44,633.23,86.3,37.63,45.12,62.04
2025-09-17,Brazil,Krishnapatnam,Fertilizer,Supramax,46190,68.17,633.23,86.3,37.63,45.12,62.04
2025-09-17,Indonesia,Visakhapatnam,Bauxite,Capesize,109402,74.97,633.23,86.3,37.63,45.12,62.04
2025-09-17,Brazil,Krishnapatnam,Coal,Panamax,49259,67.88,633.23,86.3,37.63,45.12,62.04
2025-09-17,Indonesia,Paradip,Bauxite,Supramax,73721,68.04,633.23,86.3,37.63,45.12,62.04
2025-09-17,Brazil,Kakinada,Iron Ore,Capesize,43795,77.15,633.23,86.3,37.63,45.12,62.04
2025-09-17,Australia,Krishnapatnam,Bauxite,Capesize,29349,76.67,633.23,86.3,37.63,45.12,62.04
2025-09-18,Russia,Visakhapatnam,Iron Ore,Handymax,52822,64.32,648.78,77.64,39.11,60.35,66.85
2025-09-18,Australia,Krishnapatnam,Fertilizer,Panamax,97178,69.72,648.78,77.64,39.11,60.35,66.85
2025-09-18,Brazil,Kakinada,Bauxite,Handymax,56888,66.74,648.78,77.64,39.11,60.35,66.85
2025-09-18,Brazil,Visakhapatnam,Coal,Panamax,73143,70.59,648.78,77.64,39.11,60.35,66.85
2025-09-18,Indonesia,Kakinada,Wheat,Capesize,83468,75.35,648.78,77.64,39.11,60.35,66.85
2025-09-18,Australia,Kakinada,Iron Ore,Handysize,99815,65.97,648.78,77.64,39.11,60.35,66.85
2025-09-18,Indonesia,Krishnapatnam,Fertilizer,Supramax,82391,71.29,648.78,77.64,39.11,60.35,66.85
2025-09-18,Russia,Visakhapatnam,Iron Ore,Panamax,99626,72.94,648.78,77.64,39.11,60.35,66.85
2025-09-19,Brazil,Chennai,Coal,Handymax,79129,61.55,530.62,124.04,28.24,67.94,73.03
2025-09-19,Australia,Krishnapatnam,Fertilizer,Capesize,60345,74.98,530.62,124.04,28.24,67.94,73.03
2025-09-19,Australia,Chennai,Coal,Handymax,21418,62.18,530.62,124.04,28.24,67.94,73.03
2025-09-19,Brazil,Kakinada,Bauxite,Panamax,25650,69.09,530.62,124.04,28.24,67.94,73.03
2025-09-19,South Africa,Chennai,Wheat,Panamax,90667,71.24,530.62,124.04,28.24,67.94,73.03
2025-09-19,Brazil,Paradip,Iron Ore,Handysize,73633,67.98,530.62,124.04,28.24,67.94,73.03
2025-09-19,South Africa,Paradip,Wheat,Panamax,22055,69.17,530.62,124.04,28.24,67.94,73.03
2025-09-19,Indonesia,Visakhapatnam,Coal,Capesize,55708,79.05,530.62,124.04,28.24,67.94,73.03
2025-09-20,Indonesia,Chennai,Fertilizer,Handysize,78353,62.97,696.42,113.5,42.88,62.75,71.66
2025-09-20,South Africa,Chennai,Bauxite,Capesize,90512,79.15,696.42,113.5,42.88,62.75,71.66
2025-09-20,South Africa,Kakinada,Bauxite,Supramax,66689,74.92,696.42,113.5,42.88,62.75,71.66
2025-09-20,Brazil,Krishnapatnam,Coal,Supramax,85961,75.98,696.42,113.5,42.88,62.75,71.66
2025-09-20,Indonesia,Paradip,Wheat,Panamax,93069,76.83,696.42,113.5,42.88,62.75,71.66
2025-09-20,Indonesia,Kakinada,Bauxite,Panamax,25769,76.37,696.42,113.5,42.88,62.75,71.66
2025-09-20,Indonesia,Chennai,Coal,Supramax,91780,71.34,696.42,113.5,42.88,62.75,71.66
2025-09-20,South Africa,Chennai,Coal,Supramax,88094,69.21,696.42,113.5,42.88,62.75,71.66
2025-09-21,South Africa,Visakhapatnam,Coal,Capesize,112677,79.89,795.59,103.21,45.15,58.14,54.55
2025-09-21,South Africa,Krishnapatnam,Iron Ore,Capesize,50513,81.2,795.59,103.21,45.15,58.14,54.55
2025-09-21,Indonesia,Paradip,Iron Ore,Supramax,71965,76.44,795.59,103.21,45.15,58.14,54.55
2025-09-21,Australia,Kakinada,Iron Ore,Panamax,31690,78.44,795.59,103.21,45.15,58.14,54.55
2025-09-21,Australia,Kakinada,Wheat,Handysize,108955,68.15,795.59,103.21,45.15,58.14,54.55
2025-09-21,Indonesia,Visakhapatnam,Coal,Supramax,60211,74.88,795.59,103.21,45.15,58.14,54.55
2025-09-21,Australia,Kakinada,Wheat,Panamax,109617,77.96,795.59,103.21,45.15,58.14,54.55
2025-09-21,Australia,Paradip,Iron Ore,Handymax,23322,73.86,795.59,103.21,45.15,58.14,54.55
2025-09-22,South Africa,Visakhapatnam,Wheat,Handysize,113793,74.33,693.15,136.56,54.48,73.48,48.47
2025-09-22,South Africa,Krishnapatnam,Iron Ore,Supramax,109957,75.69,693.15,136.56,54.48,73.48,48.47
2025-09-22,South Africa,Visakhapatnam,Fertilizer,Capesize,69539,85.07,693.15,136.56,54.48,73.48,48.47
2025-09-22,South Africa,Kakinada,Bauxite,Handymax,106146,75.32,693.15,136.56,54.48,73.48,48.47
2025-09-22,South Africa,Kakinada,Bauxite,Handysize,81331,77.17,693.15,136.56,54.48,73.48,48.47
2025-09-22,Indonesia,Kakinada,Fertilizer,Handysize,92932,75.75,693.15,136.56,54.48,73.48,48.47
2025-09-22,Brazil,Krishnapatnam,Fertilizer,Supramax,82120,78.39,693.15,136.56,54.48,73.48,48.47
2025-09-22,Brazil,Kakinada,Bauxite,Supramax,86410,79.47,693.15,136.56,54.48,73.48,48.47
2025-09-23,Australia,Krishnapatnam,Fertilizer,Panamax,60554,76.14,633.02,107.73,55.12,63.91,74.87
2025-09-23,Indonesia,Krishnapatnam,Fertilizer,Capesize,78967,79.32,633.02,107.73,55.12,63.91,74.87
2025-09-23,Brazil,Visakhapatnam,Fertilizer,Handymax,84385,70.25,633.02,107.73,55.12,63.91,74.87
2025-09-23,Russia,Chennai,Fertilizer,Handymax,33318,68.02,633.02,107.73,55.12,63.91,74.87
2025-09-23,Russia,Kakinada,Bauxite,Supramax,103798,72.7,633.02,107.73,55.12,63.91,74.87
2025-09-23,Indonesia,Paradip,Coal,Supramax,115944,72.56,633.02,107.73,55.12,63.91,74.87
2025-09-23,Indonesia,Krishnapatnam,Iron Ore,Capesize,68718,80.31,633.02,107.73,55.12,63.91,74.87
2025-09-23,Russia,Visakhapatnam,Wheat,Panamax,51619,72.9,633.02,107.73,55.12,63.91,74.87
2025-09-24,Russia,Chennai,Coal,Supramax,74901,80.25,846.33,132.74,36.48,93.5,57.13
2025-09-24,Brazil,Krishnapatnam,Fertilizer,Handymax,117549,82.66,846.33,132.74,36.48,93.5,57.13
2025-09-24,Australia,Krishnapatnam,Coal,Handymax,49300,77.65,846.33,132.74,36.48,93.5,57.13
2025-09-24,South Africa,Kakinada,Coal,Supramax,58786,83.15,846.33,132.74,36.48,93.5,57.13
2025-09-24,Indonesia,Chennai,Fertilizer,Supramax,94189,85.32,846.33,132.74,36.48,93.5,57.13
2025-09-24,Australia,Krishnapatnam,Fertilizer,Supramax,59883,81.22,846.33,132.74,36.48,93.5,57.13
2025-09-24,Australia,Paradip,Wheat,Panamax,109939,83.29,846.33,132.74,36.48,93.5,57.13
2025-09-24,Indonesia,Chennai,Fertilizer,Capesize,89466,89.99,846.33,132.74,36.48,93.5,57.13
2025-09-25,Brazil,Paradip,Bauxite,Supramax,110203,75.76,560.47,139.51,52.08,60.91,75.55
2025-09-25,Brazil,Chennai,Iron Ore,Supramax,79994,72.24,560.47,139.51,52.08,60.91,75.55
2025-09-25,Brazil,Krishnapatnam,Bauxite,Handysize,28226,65.63,560.47,139.51,52.08,60.91,75.55
2025-09-25,Russia,Visakhapatnam,Bauxite,Panamax,68598,77.58,560.47,139.51,52.08,60.91,75.55
2025-09-25,Australia,Krishnapatnam,Bauxite,Handysize,56295,65.75,560.47,139.51,52.08,60.91,75.55
2025-09-25,Russia,Krishnapatnam,Fertilizer,Supramax,56631,69.38,560.47,139.51,52.08,60.91,75.55
2025-09-25,Indonesia,Kakinada,Bauxite,Capesize,77934,79.59,560.47,139.51,52.08,60.91,75.55
2025-09-25,Australia,Paradip,Fertilizer,Handysize,35029,64.07,560.47,139.51,52.08,60.91,75.55
2025-09-26,South Africa,Paradip,Iron Ore,Supramax,89910,78.32,699.81,104.14,66.01,71.71,67.98
2025-09-26,Indonesia,Krishnapatnam,Bauxite,Capesize,52338,82.32,699.81,104.14,66.01,71.71,67.98
2025-09-26,Australia,Kakinada,Bauxite,Handymax,93143,73.87,699.81,104.14,66.01,71.71,67.98
2025-09-26,Australia,Kakinada,Coal,Handysize,37186,66.08,699.81,104.14,66.01,71.71,67.98
2025-09-26,South Africa,Kakinada,Fertilizer,Handysize,34675,68.51,699.81,104.14,66.01,71.71,67.98
2025-09-26,Brazil,Chennai,Wheat,Supramax,21849,72.71,699.81,104.14,66.01,71.71,67.98
2025-09-26,Australia,Chennai,Fertilizer,Handysize,24037,68.14,699.81,104.14,66.01,71.71,67.98
2025-09-26,Australia,Kakinada,Coal,Supramax,74847,77.99,699.81,104.14,66.01,71.71,67.98
2025-09-27,Australia,Visakhapatnam,Bauxite,Handysize,110750,73.21,666.33,174.36,48.58,48.09,42.84
2025-09-27,South Africa,Kakinada,Fertilizer,Handymax,49513,72.41,666.33,174.36,48.58,48.09,42.84
2025-09-27,Brazil,Chennai,Iron Ore,Supramax,36767,80.31,666.33,174.36,48.58,48.09,42.84
2025-09-27,Indonesia,Paradip,Wheat,Handysize,39560,68.42,666.33,174.36,48.58,48.09,42.84
2025-09-27,Indonesia,Visakhapatnam,Fertilizer,Capesize,96863,84.62,666.33,174.36,48.58,48.09,42.84
2025-09-27,Russia,Chennai,Bauxite,Supramax,21557,74.94,666.33,174.36,48.58,48.09,42.84
2025-09-27,Australia,Chennai,Coal,Handymax,96652,72.53,666.33,174.36,48.58,48.09,42.84
2025-09-27,Australia,Chennai,Iron Ore,Handysize,25559,73.39,666.33,174.36,48.58,48.09,42.84
2025-09-28,Russia,Paradip,Coal,Panamax,27747,76.23,663.76,151.28,29.79,74.53,80.72
2025-09-28,Indonesia,Visakhapatnam,Bauxite,Handymax,31149,70.89,663.76,151.28,29.79,74.53,80.72
2025-09-28,Australia,Kakinada,Fertilizer,Handysize,70027,69.23,663.76,151.28,29.79,74.53,80.72
2025-09-28,Australia,Krishnapatnam,Coal,Panamax,50010,75.13,663.76,151.28,29.79,74.53,80.72
2025-09-28,Australia,Krishnapatnam,Bauxite,Handysize,80748,71.57,663.76,151.28,29.79,74.53,80.72
2025-09-28,South Africa,Visakhapatnam,Fertilizer,Handymax,60954,70.12,663.76,151.28,29.79,74.53,80.72
2025-09-28,Indonesia,Paradip,Bauxite,Handysize,94102,74.38,663.76,151.28,29.79,74.53,80.72
2025-09-28,Indonesia,Chennai,Bauxite,Handymax,114525,74.55,663.76,151.28,29.79,74.53,80.72
2025-09-29,South Africa,Kakinada,Wheat,Handysize,100743,67.87,517.98,141.69,40.95,86.32,60.63
2025-09-29,Indonesia,Krishnapatnam,Bauxite,Handymax,48853,71.79,517.98,141.69,40.95,86.32,60.63
2025-09-29,Indonesia,Paradip,Fertilizer,Panamax,107731,75.94,517.98,141.69,40.95,86.32,60.63
2025-09-29,Brazil,Paradip,Fertilizer,Handymax,75221,70.16,517.98,141.69,40.95,86.32,60.63
2025-09-29,Russia,Paradip,Wheat,Handysize,101602,67.78,517.98,141.69,40.95,86.32,60.63
2025-09-29,Russia,Paradip,Coal,Supramax,53977,70.7,517.98,141.69,40.95,86.32,60.63
2025-09-29,Indonesia,Krishnapatnam,Iron Ore,Handysize,118697,77.92,517.98,141.69,40.95,86.32,60.63
2025-09-29,Indonesia,Chennai,Fertilizer,Panamax,114301,76.58,517.98,141.69,40.95,86.32,60.63
2025-09-30,South Africa,Paradip,Bauxite,Handymax,71237,67.99,605.08,131.34,31.48,48.56,70.69
2025-09-30,Australia,Paradip,Bauxite,Supramax,27898,66.6,605.08,131.34,31.48,48.56,70.69
2025-09-30,Brazil,Kakinada,Fertilizer,Panamax,97252,72.37,605.08,131.34,31.48,48.56,70.69
2025-09-30,Indonesia,Kakinada,Bauxite,Handymax,20040,65.57,605.08,131.34,31.48,48.56,70.69
2025-09-30,Brazil,Chennai,Bauxite,Supramax,65264,70.03,605.08,131.34,31.48,48.56,70.69
2025-09-30,South Africa,Krishnapatnam,Fertilizer,Supramax,77726,68.59,605.08,131.34,31.48,48.56,70.69
2025-09-30,South Africa,Paradip,Fertilizer,Supramax,105509,68.0,605.08,131.34,31.48,48.56,70.69
2025-09-30,Indonesia,Chennai,Fertilizer,Capesize,74693,75.59,605.08,131.34,31.48,48.56,70.69
2025-10-01,Australia,Chennai,Iron Ore,Handysize,107055,74.71,721.03,161.0,15.36,77.21,58.37
2025-10-01,Indonesia,Visakhapatnam,Iron Ore,Handysize,105823,74.3,721.03,161.0,15.36,77.21,58.37
2025-10-01,Australia,Visakhapatnam,Fertilizer,Panamax,96876,81.55,721.03,161.0,15.36,77.21,58.37
2025-10-01,Indonesia,Visakhapatnam,Iron Ore,Supramax,54627,78.67,721.03,161.0,15.36,77.21,58.37
2025-10-01,Russia,Chennai,Iron Ore,Handymax,22066,75.11,721.03,161.0,15.36,77.21,58.37
2025-10-01,Russia,Visakhapatnam,Bauxite,Capesize,65330,82.84,721.03,161.0,15.36,77.21,58.37
2025-10-01,South Africa,Kakinada,Bauxite,Supramax,119258,79.1,721.03,161.0,15.36,77.21,58.37
2025-10-01,South Africa,Kakinada,Wheat,Handymax,80421,76.82,721.03,161.0,15.36,77.21,58.37
2025-10-02,South Africa,Visakhapatnam,Coal,Handysize,88157,74.88,779.23,137.46,48.74,51.34,40.59
2025-10-02,Indonesia,Krishnapatnam,Wheat,Panamax,50246,83.39,779.23,137.46,48.74,51.34,40.59
2025-10-02,Australia,Kakinada,Bauxite,Handymax,48250,73.86,779.23,137.46,48.74,51.34,40.59
2025-10-02,Australia,Visakhapatnam,Iron Ore,Supramax,102948,78.84,779.23,137.46,48.74,51.34,40.59
2025-10-02,Australia,Paradip,Wheat,Panamax,38618,74.15,779.23,137.46,48.74,51.34,40.59
2025-10-02,South Africa,Visakhapatnam,Wheat,Capesize,66937,80.96,779.23,137.46,48.74,51.34,40.59
2025-10-02,Indonesia,Visakhapatnam,Coal,Supramax,73539,79.1,779.23,137.46,48.74,51.34,40.59
2025-10-02,Russia,Krishnapatnam,Coal,Handysize,111064,75.14,779.23,137.46,48.74,51.34,40.59
2025-10-03,Russia,Kakinada,Fertilizer,Handysize,79867,70.86,553.18,168.89,24.96,82.13,66.01
2025-10-03,South Africa,Visakhapatnam,Fertilizer,Panamax,75067,76.73,553.18,168.89,24.96,82.13,66.01
2025-10-03,Indonesia,Visakhapatnam,Coal,Handymax,70728,73.26,553.18,168.89,24.96,82.13,66.01
2025-10-03,Brazil,Krishnapatnam,Iron Ore,Handymax,118052,76.05,553.18,168.89,24.96,82.13,66.01
2025-10-03,South Africa,Chennai,Fertilizer,Supramax,64840,75.43,553.18,168.89,24.96,82.13,66.01
2025-10-03,Russia,Kakinada,Coal,Supramax,51751,75.62,553.18,168.89,24.96,82.13,66.01
2025-10-03,Australia,Krishnapatnam,Wheat,Supramax,58023,70.98,553.18,168.89,24.96,82.13,66.01
2025-10-03,Russia,Krishnapatnam,Fertilizer,Handymax,98804,73.85,553.18,168.89,24.96,82.13,66.01
2025-10-04,Australia,Visakhapatnam,Fertilizer,Supramax,81786,71.54,552.27,89.22,47.16,60.82,46.96
2025-10-04,Australia,Krishnapatnam,Wheat,Handymax,50618,64.56,552.27,89.22,47.16,60.82,46.96
2025-10-04,Russia,Kakinada,Bauxite,Capesize,116299,79.19,552.27,89.22,47.16,60.82,46.96
2025-10-04,Russia,Krishnapatnam,Iron Ore,Panamax,45599,75.49,552.27,89.22,47.16,60.82,46.96
2025-10-04,Indonesia,Chennai,Wheat,Handysize,76891,60.85,552.27,89.22,47.16,60.82,46.96
2025-10-04,Indonesia,Paradip,Fertilizer,Capesize,49794,77.65,552.27,89.22,47.16,60.82,46.96
2025-10-04,Australia,Krishnapatnam,Coal,Handysize,95478,62.7,552.27,89.22,47.16,60.82,46.96
2025-10-04,Brazil,Paradip,Iron Ore,Supramax,92213,74.35,552.27,89.22,47.16,60.82,46.96
2025-10-05,South Africa,Paradip,Fertilizer,Handysize,107890,70.97,829.19,78.35,44.78,75.89,73.15
2025-10-05,Indonesia,Krishnapatnam,Iron Ore,Handysize,81158,71.45,829.19,78.35,44.78,75.89,73.15
2025-10-05,Brazil,Chennai,Fertilizer,Supramax,109947,76.08,829.19,78.35,44.78,75.89,73.15
2025-10-05,Australia,Chennai,Wheat,Supramax,21257,72.12,829.19,78.35,44.78,75.89,73.15
2025-10-05,Indonesia,Krishnapatnam,Coal,Capesize,92023,81.01,829.19,78.35,44.78,75.89,73.15
2025-10-05,Indonesia,Chennai,Coal,Capesize,38371,82.39,829.19,78.35,44.78,75.89,73.15
2025-10-05,Australia,Paradip,Coal,Handysize,81954,70.04,829.19,78.35,44.78,75.89,73.15
2025-10-05,South Africa,Visakhapatnam,Iron Ore,Supramax,66536,78.19,829.19,78.35,44.78,75.89,73.15
2025-10-06,South Africa,Kakinada,Fertilizer,Capesize,34995,81.72,625.78,141.86,38.4,55.59,32.72
2025-10-06,Australia,Paradip,Iron Ore,Handysize,30496,73.23,625.78,141.86,38.4,55.59,32.72
2025-10-06,Brazil,Visakhapatnam,Bauxite,Supramax,66739,74.66,625.78,141.86,38.4,55.59,32.72
2025-10-06,Russia,Visakhapatnam,Coal,Supramax,97175,76.92,625.78,141.86,38.4,55.59,32.72
2025-10-06,Australia,Chennai,Wheat,Capesize,50622,83.46,625.78,141.86,38.4,55.59,32.72
2025-10-06,Brazil,Kakinada,Coal,Capesize,38324,80.14,625.78,141.86,38.4,55.59,32.72
2025-10-06,South Africa,Paradip,Coal,Supramax,64511,75.05,625.78,141.86,38.4,55.59,32.72
2025-10-06,Indonesia,Krishnapatnam,Coal,Panamax,46057,78.42,625.78,141.86,38.4,55.59,32.72
2025-10-07,Brazil,Visakhapatnam,Iron Ore,Supramax,86090,79.64,785.63,95.9,64.17,60.0,52.99
2025-10-07,South Africa,Kakinada,Bauxite,Handysize,33818,69.48,785.63,95.9,64.17,60.0,52.99
2025-10-07,Russia,Chennai,Coal,Capesize,115644,85.28,785.63,95.9,64.17,60.0,52.99
2025-10-07,Russia,Kakinada,Fertilizer,Supramax,54411,77.05,785.63,95.9,64.17,60.0,52.99
2025-10-07,South Africa,Chennai,Iron Ore,Capesize,108519,89.9,785.63,95.9,64.17,60.0,52.99
2025-10-07,Indonesia,Krishnapatnam,Iron Ore,Handysize,106409,77.37,785.63,95.9,64.17,60.0,52.99
2025-10-07,Australia,Paradip,Coal,Capesize,83491,86.1,785.63,95.9,64.17,60.0,52.99
2025-10-07,South Africa,Chennai,Wheat,Supramax,48094,76.76,785.63,95.9,64.17,60.0,52.99
2025-10-08,Russia,Krishnapatnam,Fertilizer,Handysize,77853,67.45,700.03,97.84,32.76,84.17,70.35
2025-10-08,Indonesia,Chennai,Iron Ore,Panamax,54792,78.0,700.03,97.84,32.76,84.17,70.35
2025-10-08,Indonesia,Chennai,Iron Ore,Handymax,88285,71.9,700.03,97.84,32.76,84.17,70.35
2025-10-08,Indonesia,Visakhapatnam,Fertilizer,Supramax,119718,76.51,700.03,97.84,32.76,84.17,70.35
2025-10-08,Russia,Visakhapatnam,Coal,Supramax,106670,76.34,700.03,97.84,32.76,84.17,70.35
2025-10-08,Brazil,Kakinada,Coal,Handysize,102653,67.86,700.03,97.84,32.76,84.17,70.35
2025-10-08,Russia,Kakinada,Fertilizer,Panamax,77407,76.1,700.03,97.84,32.76,84.17,70.35
2025-10-08,South Africa,Paradip,Coal,Panamax,25894,74.04,700.03,97.84,32.76,84.17,70.35
2025-10-09,South Africa,Kakinada,Fertilizer,Handysize,45994,73.89,772.67,106.86,59.72,64.04,66.56
2025-10-09,South Africa,Visakhapatnam,Bauxite,Handysize,27825,71.56,772.67,106.86,59.72,64.04,66.56
2025-10-09,South Africa,Chennai,Iron Ore,Handymax,118645,77.43,772.67,106.86,59.72,64.04,66.56
2025-10-09,Brazil,Visakhapatnam,Wheat,Panamax,56848,77.72,772.67,106.86,59.72,64.04,66.56
2025-10-09,Russia,Visakhapatnam,Bauxite,Capesize,29862,83.56,772.67,106.86,59.72,64.04,66.56
2025-10-09,Brazil,Kakinada,Iron Ore,Handysize,40392,70.24,772.67,106.86,59.72,64.04,66.56
2025-10-09,Brazil,Paradip,Fertilizer,Capesize,70251,81.76,772.67,106.86,59.72,64.04,66.56
2025-10-09,Australia,Paradip,Wheat,Panamax,42854,75.29,772.67,106.86,59.72,64.04,66.56
2025-10-10,Indonesia,Kakinada,Bauxite,Supramax,89498,82.47,841.14,90.6,49.48,59.17,75.58
2025-10-10,Indonesia,Visakhapatnam,Wheat,Panamax,60080,75.33,841.14,90.6,49.48,59.17,75.58
2025-10-10,South Africa,Kakinada,Coal,Panamax,26565,77.0,841.14,90.6,49.48,59.17,75.58
2025-10-10,Brazil,Krishnapatnam,Iron Ore,Handysize,39714,72.33,841.14,90.6,49.48,59.17,75.58
2025-10-10,Indonesia,Paradip,Fertilizer,Supramax,46038,73.35,841.14,90.6,49.48,59.17,75.58
2025-10-10,Australia,Kakinada,Coal,Panamax,118813,79.55,841.14,90.6,49.48,59.17,75.58
2025-10-10,Australia,Krishnapatnam,Wheat,Handysize,90642,70.52,841.14,90.6,49.48,59.17,75.58
2025-10-10,South Africa,Paradip,Coal,Panamax,48328,78.93,841.14,90.6,49.48,59.17,75.58
2025-10-11,Brazil,Chennai,Bauxite,Handysize,107129,77.44,722.06,148.8,42.37,61.82,58.68
2025-10-11,Russia,Krishnapatnam,Wheat,Handymax,78710,74.42,722.06,148.8,42.37,61.82,58.68
2025-10-11,South Africa,Chennai,Fertilizer,Supramax,110332,78.06,722.06,148.8,42.37,61.82,58.68
2025-10-11,South Africa,Kakinada,Coal,Handysize,41100,75.46,722.06,148.8,42.37,61.82,58.68
2025-10-11,Indonesia,Visakhapatnam,Fertilizer,Supramax,71794,78.87,722.06,148.8,42.37,61.82,58.68
2025-10-11,South Africa,Chennai,Iron Ore,Supramax,58540,78.58,722.06,148.8,42.37,61.82,58.68
2025-10-11,Indonesia,Chennai,Coal,Handysize,81640,73.53,722.06,148.8,42.37,61.82,58.68
2025-10-11,Brazil,Paradip,Coal,Capesize,55105,82.15,722.06,148.8,42.37,61.82,58.68
2025-10-12,Australia,Visakhapatnam,Bauxite,Handymax,100251,74.57,538.6,111.56,46.02,79.21,52.78
2025-10-12,Australia,Krishnapatnam,Bauxite,Supramax,48874,69.53,538.6,111.56,46.02,79.21,52.78
2025-10-12,Russia,Visakhapatnam,Coal,Handymax,65073,68.58,538.6,111.56,46.02,79.21,52.78
2025-10-12,Brazil,Krishnapatnam,Bauxite,Capesize,62131,80.39,538.6,111.56,46.02,79.21,52.78
2025-10-12,Australia,Krishnapatnam,Coal,Panamax,114872,77.53,538.6,111.56,46.02,79.21,52.78
2025-10-12,Brazil,Krishnapatnam,Bauxite,Panamax,32593,76.38,538.6,111.56,46.02,79.21,52.78
2025-10-12,South Africa,Chennai,Coal,Handymax,104595,72.69,538.6,111.56,46.02,79.21,52.78
2025-10-12,South Africa,Chennai,Bauxite,Capesize,51746,78.11,538.6,111.56,46.02,79.21,52.78
2025-10-13,Russia,Visakhapatnam,Wheat,Panamax,109627,77.92,529.21,89.59,44.6,81.19,37.43
2025-10-13,Australia,Kakinada,Coal,Supramax,69449,76.64,529.21,89.59,44.6,81.19,37.43
2025-10-13,Australia,Kakinada,Coal,Panamax,20208,73.56,529.21,89.59,44.6,81.19,37.43
2025-10-13,Indonesia,Kakinada,Iron Ore,Handymax,78354,73.43,529.21,89.59,44.6,81.19,37.43
2025-10-13,Brazil,Kakinada,Coal,Handysize,49812,68.16,529.21,89.59,44.6,81.19,37.43
2025-10-13,Russia,Chennai,Iron Ore,Handymax,107096,74.05,529.21,89.59,44.6,81.19,37.43
2025-10-13,Australia,Krishnapatnam,Bauxite,Handymax,77754,71.56,529.21,89.59,44.6,81.19,37.43
2025-10-13,South Africa,Kakinada,Coal,Supramax,105027,70.76,529.21,89.59,44.6,81.19,37.43
2025-10-14,South Africa,Krishnapatnam,Iron Ore,Handysize,62680,77.12,642.94,164.36,52.65,63.83,72.17
2025-10-14,Brazil,Paradip,Coal,Handymax,57510,75.54,642.94,164.36,52.65,63.83,72.17
2025-10-14,Russia,Paradip,Iron Ore,Supramax,78477,80.27,642.94,164.36,52.65,63.83,72.17
2025-10-14,Indonesia,Kakinada,Iron Ore,Panamax,76532,81.92,642.94,164.36,52.65,63.83,72.17
2025-10-14,Russia,Paradip,Iron Ore,Supramax,106527,80.89,642.94,164.36,52.65,63.83,72.17
2025-10-14,South Africa,Krishnapatnam,Wheat,Handymax,27474,69.12,642.94,164.36,52.65,63.83,72.17
2025-10-14,Australia,Paradip,Iron Ore,Capesize,98043,82.89,642.94,164.36,52.65,63.83,72.17
2025-10-14,Australia,Visakhapatnam,Coal,Handysize,33528,70.95,642.94,164.36,52.65,63.83,72.17
2025-10-15,South Africa,Visakhapatnam,Wheat,Handymax,84992,77.16,811.39,142.04,65.76,80.25,68.59
2025-10-15,Russia,Krishnapatnam,Fertilizer,Capesize,49452,89.28,811.39,142.04,65.76,80.25,68.59
2025-10-15,Brazil,Krishnapatnam,Iron Ore,Panamax,107129,86.15,811.39,142.04,65.76,80.25,68.59
2025-10-15,South Africa,Paradip,Wheat,Handysize,44104,75.81,811.39,142.04,65.76,80.25,68.59
2025-10-15,Russia,Paradip,Wheat,Handymax,119619,80.57,811.39,142.04,65.76,80.25,68.59
2025-10-15,Russia,Paradip,Fertilizer,Capesize,45986,81.99,811.39,142.04,65.76,80.25,68.59
2025-10-15,South Africa,Chennai,Iron Ore,Capesize,54782,90.4,811.39,142.04,65.76,80.25,68.59
2025-10-15,Russia,Krishnapatnam,Bauxite,Supramax,46457,81.85,811.39,142.04,65.76,80.25,68.59
2025-10-16,Brazil,Kakinada,Fertilizer,Capesize,98159,80.65,531.75,162.36,50.98,45.8,45.11
2025-10-16,Australia,Chennai,Iron Ore,Capesize,76305,80.43,531.75,162.36,50.98,45.8,45.11
2025-10-16,Russia,Chennai,Bauxite,Capesize,100486,82.94,531.75,162.36,50.98,45.8,45.11
2025-10-16,Indonesia,Krishnapatnam,Coal,Supramax,115116,79.18,531.75,162.36,50.98,45.8,45.11
2025-10-16,Russia,Visakhapatnam,Wheat,Capesize,107860,76.84,531.75,162.36,50.98,45.8,45.11
2025-10-16,South Africa,Krishnapatnam,Wheat,Handymax,110958,69.55,531.75,162.36,50.98,45.8,45.11
2025-10-16,Brazil,Visakhapatnam,Coal,Panamax,51804,76.48,531.75,162.36,50.98,45.8,45.11
2025-10-16,Australia,Krishnapatnam,Fertilizer,Handysize,41681,65.24,531.75,162.36,50.98,45.8,45.11
2025-10-17,Russia,Visakhapatnam,Coal,Capesize,52672,82.07,636.52,154.53,41.44,45.45,70.76
2025-10-17,Australia,Krishnapatnam,Coal,Capesize,88520,80.41,636.52,154.53,41.44,45.45,70.76
2025-10-17,Brazil,Kakinada,Iron Ore,Handysize,41171,72.96,636.52,154.53,41.44,45.45,70.76
2025-10-17,South Africa,Kakinada,Coal,Supramax,106545,73.32,636.52,154.53,41.44,45.45,70.76
2025-10-17,Russia,Kakinada,Coal,Handymax,87745,70.45,636.52,154.53,41.44,45.45,70.76
2025-10-17,Brazil,Paradip,Bauxite,Capesize,111282,84.03,636.52,154.53,41.44,45.45,70.76
2025-10-17,South Africa,Chennai,Bauxite,Handymax,82557,69.92,636.52,154.53,41.44,45.45,70.76
2025-10-17,Australia,Paradip,Coal,Supramax,76436,73.69,636.52,154.53,41.44,45.45,70.76
2025-10-18,Russia,Paradip,Fertilizer,Capesize,85613,84.8,620.46,163.17,42.02,74.16,75.16
2025-10-18,Australia,Chennai,Fertilizer,Capesize,52223,78.71,620.46,163.17,42.02,74.16,75.16
2025-10-18,South Africa,Kakinada,Fertilizer,Handysize,103258,72.96,620.46,163.17,42.02,74.16,75.16
2025-10-18,Russia,Paradip,Iron Ore,Supramax,88716,79.49,620.46,163.17,42.02,74.16,75.16
2025-10-18,South Africa,Paradip,Bauxite,Capesize,38745,81.71,620.46,163.17,42.02,74.16,75.16
2025-10-18,Australia,Paradip,Iron Ore,Handymax,110765,76.84,620.46,163.17,42.02,74.16,75.16
2025-10-18,Australia,Visakhapatnam,Wheat,Handysize,37276,68.13,620.46,163.17,42.02,74.16,75.16
2025-10-18,Indonesia,Chennai,Bauxite,Capesize,21767,83.31,620.46,163.17,42.02,74.16,75.16
2025-10-19,Brazil,Paradip,Bauxite,Handysize,87848,64.71,621.05,129.84,38.82,58.64,56.46
2025-10-19,South Africa,Chennai,Wheat,Supramax,47908,71.43,621.05,129.84,38.82,58.64,56.46
2025-10-19,Indonesia,Krishnapatnam,Iron Ore,Supramax,107949,77.15,621.05,129.84,38.82,58.64,56.46
2025-10-19,Brazil,Paradip,Fertilizer,Handymax,69141,67.51,621.05,129.84,38.82,58.64,56.46
2025-10-19,Australia,Visakhapatnam,Fertilizer,Handymax,58819,66.21,621.05,129.84,38.82,58.64,56.46
2025-10-19,South Africa,Krishnapatnam,Coal,Handymax,98590,71.45,621.05,129.84,38.82,58.64,56.46
2025-10-19,South Africa,Chennai,Coal,Supramax,21098,71.01,621.05,129.84,38.82,58.64,56.46
2025-10-19,Russia,Kakinada,Bauxite,Supramax,105886,73.44,621.05,129.84,38.82,58.64,56.46
2025-10-20,Brazil,Paradip,Iron Ore,Capesize,86458,84.4,778.21,104.03,44.19,54.26,64.17
2025-10-20,Russia,Paradip,Fertilizer,Panamax,32183,79.59,778.21,104.03,44.19,54.26,64.17
2025-10-20,Russia,Visakhapatnam,Bauxite,Handymax,59253,72.46,778.21,104.03,44.19,54.26,64.17
2025-10-20,Indonesia,Krishnapatnam,Wheat,Supramax,46242,71.92,778.21,104.03,44.19,54.26,64.17
2025-10-20,South Africa,Visakhapatnam,Bauxite,Panamax,32297,80.7,778.21,104.03,44.19,54.26,64.17
2025-10-20,Brazil,Chennai,Wheat,Handymax,92740,68.89,778.21,104.03,44.19,54.26,64.17
2025-10-20,Indonesia,Krishnapatnam,Bauxite,Capesize,23510,84.36,778.21,104.03,44.19,54.26,64.17
2025-10-20,South Africa,Krishnapatnam,Iron Ore,Supramax,94787,76.66,778.21,104.03,44.19,54.26,64.17
2025-10-21,South Africa,Krishnapatnam,Wheat,Supramax,35147,76.54,664.08,165.31,25.67,71.89,50.93
2025-10-21,Australia,Paradip,Coal,Supramax,110150,80.67,664.08,165.31,25.67,71.89,50.93
2025-10-21,Indonesia,Kakinada,Bauxite,Handymax,105161,79.28,664.08,165.31,25.67,71.89,50.93
2025-10-21,Australia,Kakinada,Fertilizer,Handysize,103365,70.74,664.08,165.31,25.67,71.89,50.93
2025-10-21,Brazil,Chennai,Fertilizer,Capesize,77408,84.93,664.08,165.31,25.67,71.89,50.93
2025-10-21,South Africa,Krishnapatnam,Coal,Handymax,31392,75.39,664.08,165.31,25.67,71.89,50.93
2025-10-21,Indonesia,Visakhapatnam,Coal,Capesize,36854,84.58,664.08,165.31,25.67,71.89,50.93
2025-10-21,Indonesia,Chennai,Bauxite,Handysize,104182,73.05,664.08,165.31,25.67,71.89,50.93
2025-10-22,Russia,Visakhapatnam,Iron Ore,Supramax,84195,73.79,758.08,127.11,9.24,44.92,40.74
2025-10-22,Russia,Kakinada,Wheat,Supramax,20764,69.18,758.08,127.11,9.24,44.92,40.74
2025-10-22,Australia,Krishnapatnam,Coal,Handysize,29374,69.37,758.08,127.11,9.24,44.92,40.74
2025-10-22,Indonesia,Visakhapatnam,Coal,Supramax,63264,70.98,758.08,127.11,9.24,44.92,40.74
2025-10-22,Australia,Kakinada,Bauxite,Handysize,35312,70.24,758.08,127.11,9.24,44.92,40.74
2025-10-22,Indonesia,Krishnapatnam,Wheat,Capesize,117481,80.4,758.08,127.11,9.24,44.92,40.74
2025-10-22,Indonesia,Krishnapatnam,Iron Ore,Supramax,38451,75.78,758.08,127.11,9.24,44.92,40.74
2025-10-22,Indonesia,Chennai,Iron Ore,Handysize,33748,66.34,758.08,127.11,9.24,44.92,40.74
2025-10-23,Australia,Kakinada,Fertilizer,Panamax,20849,80.79,802.19,121.92,79.4,59.86,67.87
2025-10-23,South Africa,Paradip,Wheat,Supramax,60912,79.7,802.19,121.92,79.4,59.86,67.87
2025-10-23,Russia,Chennai,Iron Ore,Capesize,61719,90.8,802.19,121.92,79.4,59.86,67.87
2025-10-23,South Africa,Kakinada,Bauxite,Handymax,21806,79.81,802.19,121.92,79.4,59.86,67.87
2025-10-23,Australia,Krishnapatnam,Iron Ore,Supramax,88012,82.32,802.19,121.92,79.4,59.86,67.87
2025-10-23,Brazil,Visakhapatnam,Iron Ore,Capesize,86212,90.11,802.19,121.92,79.4,59.86,67.87
2025-10-23,Australia,Visakhapatnam,Wheat,Capesize,93744,87.35,802.19,121.92,79.4,59.86,67.87
2025-10-23,Indonesia,Krishnapatnam,Iron Ore,Supramax,23813,80.12,802.19,121.92,79.4,59.86,67.87
2025-10-24,Indonesia,Chennai,Iron Ore,Panamax,27619,85.8,730.68,124.5,72.74,84.2,66.72
2025-10-24,Russia,Krishnapatnam,Fertilizer,Capesize,51636,87.03,730.68,124.5,72.74,84.2,66.72
2025-10-24,South Africa,Chennai,Bauxite,Supramax,70657,82.37,730.68,124.5,72.74,84.2,66.72
2025-10-24,South Africa,Chennai,Fertilizer,Handysize,103620,74.08,730.68,124.5,72.74,84.2,66.72
2025-10-24,Indonesia,Paradip,Iron Ore,Handysize,115523,77.28,730.68,124.5,72.74,84.2,66.72
2025-10-24,Brazil,Visakhapatnam,Bauxite,Capesize,111836,90.71,730.68,124.5,72.74,84.2,66.72
2025-10-24,Russia,Visakhapatnam,Coal,Capesize,96767,90.64,730.68,124.5,72.74,84.2,66.72
2025-10-24,Australia,Kakinada,Iron Ore,Handysize,104067,82.54,730.68,124.5,72.74,84.2,66.72
2025-10-25,Indonesia,Paradip,Bauxite,Capesize,113062,79.32,575.09,145.28,25.88,73.31,70.87
2025-10-25,South Africa,Chennai,Fertilizer,Handymax,103963,71.25,575.09,145.28,25.88,73.31,70.87
2025-10-25,South Africa,Kakinada,Fertilizer,Handysize,88339,69.67,575.09,145.28,25.88,73.31,70.87
2025-10-25,Brazil,Krishnapatnam,Bauxite,Panamax,119965,84.59,575.09,145.28,25.88,73.31,70.87
2025-10-25,Indonesia,Chennai,Coal,Handymax,34911,66.5,575.09,145.28,25.88,73.31,70.87
2025-10-25,Russia,Kakinada,Wheat,Panamax,54574,74.65,575.09,145.28,25.88,73.31,70.87
2025-10-25,Australia,Paradip,Coal,Handymax,57558,72.06,575.09,145.28,25.88,73.31,70.87
2025-10-25,Russia,Paradip,Iron Ore,Panamax,114362,79.8,575.09,145.28,25.88,73.31,70.87
2025-10-26,Indonesia,Kakinada,Bauxite,Capesize,75119,83.39,570.8,167.38,56.07,60.69,45.56
2025-10-26,Brazil,Paradip,Iron Ore,Supramax,44484,75.65,570.8,167.38,56.07,60.69,45.56
2025-10-26,Australia,Krishnapatnam,Fertilizer,Capesize,32958,80.35,570.8,167.38,56.07,60.69,45.56
2025-10-26,Indonesia,Visakhapatnam,Bauxite,Handysize,108051,76.37,570.8,167.38,56.07,60.69,45.56
2025-10-26,Indonesia,Krishnapatnam,Bauxite,Handysize,28064,72.71,570.8,167.38,56.07,60.69,45.56
2025-10-26,Indonesia,Paradip,Wheat,Panamax,74920,78.74,570.8,167.38,56.07,60.69,45.56
2025-10-26,Brazil,Chennai,Bauxite,Panamax,50472,80.69,570.8,167.38,56.07,60.69,45.56
2025-10-26,Russia,Krishnapatnam,Bauxite,Supramax,83986,77.03,570.8,167.38,56.07,60.69,45.56
2025-10-27,Indonesia,Chennai,Wheat,Handysize,65433,62.53,577.35,108.94,46.15,78.44,90.06
2025-10-27,Russia,Kakinada,Wheat,Capesize,37731,74.28,577.35,108.94,46.15,78.44,90.06
2025-10-27,Indonesia,Paradip,Coal,Handymax,40637,64.63,577.35,108.94,46.15,78.44,90.06
2025-10-27,Australia,Chennai,Bauxite,Handysize,58488,66.94,577.35,108.94,46.15,78.44,90.06
2025-10-27,South Africa,Kakinada,Wheat,Handysize,115611,66.63,577.35,108.94,46.15,78.44,90.06
2025-10-27,Russia,Krishnapatnam,Iron Ore,Capesize,51131,78.91,577.35,108.94,46.15,78.44,90.06
2025-10-27,Russia,Chennai,Fertilizer,Panamax,42468,71.9,577.35,108.94,46.15,78.44,90.06
2025-10-27,Russia,Paradip,Bauxite,Handymax,111633,69.74,577.35,108.94,46.15,78.44,90.06
2025-10-28,Brazil,Visakhapatnam,Coal,Capesize,42624,82.94,583.8,112.58,44.73,67.72,57.5
2025-10-28,Australia,Krishnapatnam,Iron Ore,Handymax,28127,69.5,583.8,112.58,44.73,67.72,57.5
2025-10-28,Australia,Kakinada,Wheat,Handysize,33375,63.82,583.8,112.58,44.73,67.72,57.5
2025-10-28,Australia,Krishnapatnam,Iron Ore,Capesize,73497,80.02,583.8,112.58,44.73,67.72,57.5
2025-10-28,Australia,Kakinada,Coal,Panamax,57850,76.66,583.8,112.58,44.73,67.72,57.5
2025-10-28,South Africa,Krishnapatnam,Fertilizer,Panamax,47125,68.19,583.8,112.58,44.73,67.72,57.5
2025-10-28,Australia,Paradip,Coal,Panamax,32864,76.83,583.8,112.58,44.73,67.72,57.5
2025-10-28,Russia,Visakhapatnam,Coal,Handymax,100802,70.73,583.8,112.58,44.73,67.72,57.5
2025-10-29,Russia,Chennai,Fertilizer,Capesize,22793,74.19,538.33,142.45,56.4,58.39,75.52
2025-10-29,Indonesia,Visakhapatnam,Bauxite,Handymax,42108,67.53,538.33,142.45,56.4,58.39,75.52
2025-10-29,South Africa,Krishnapatnam,Wheat,Handymax,40312,63.11,538.33,142.45,56.4,58.39,75.52
2025-10-29,Indonesia,Krishnapatnam,Coal,Capesize,30006,77.02,538.33,142.45,56.4,58.39,75.52
2025-10-29,Australia,Paradip,Coal,Capesize,76418,80.03,538.33,142.45,56.4,58.39,75.52
2025-10-29,Indonesia,Chennai,Iron Ore,Capesize,82233,81.91,538.33,142.45,56.4,58.39,75.52
2025-10-29,South Africa,Paradip,Bauxite,Handysize,77554,67.37,538.33,142.45,56.4,58.39,75.52
2025-10-29,Brazil,Kakinada,Fertilizer,Capesize,54951,82.04,538.33,142.45,56.4,58.39,75.52
2025-10-30,Russia,Chennai,Wheat,Capesize,27342,75.1,699.65,95.01,30.03,57.63,57.54
2025-10-30,Australia,Krishnapatnam,Wheat,Panamax,36034,67.81,699.65,95.01,30.03,57.63,57.54
2025-10-30,South Africa,Paradip,Iron Ore,Handysize,115440,70.66,699.65,95.01,30.03,57.63,57.54
2025-10-30,Australia,Visakhapatnam,Iron Ore,Panamax,29458,75.96,699.65,95.01,30.03,57.63,57.54
2025-10-30,Australia,Krishnapatnam,Iron Ore,Handysize,31220,69.99,699.65,95.01,30.03,57.63,57.54
2025-10-30,Brazil,Krishnapatnam,Iron Ore,Panamax,116988,80.64,699.65,95.01,30.03,57.63,57.54
2025-10-30,Russia,Paradip,Bauxite,Handysize,32785,68.55,699.65,95.01,30.03,57.63,57.54
2025-10-30,South Africa,Paradip,Fertilizer,Handymax,107020,66.21,699.65,95.01,30.03,57.63,57.54
2025-10-31,Australia,Visakhapatnam,Iron Ore,Handymax,43881,71.21,538.46,127.95,50.13,54.94,66.43
2025-10-31,Russia,Paradip,Fertilizer,Panamax,59734,74.01,538.46,127.95,50.13,54.94,66.43
2025-10-31,Indonesia,Kakinada,Fertilizer,Handymax,37441,64.03,538.46,127.95,50.13,54.94,66.43
2025-10-31,Australia,Visakhapatnam,Iron Ore,Handymax,59528,68.7,538.46,127.95,50.13,54.94,66.43
2025-10-31,South Africa,Kakinada,Iron Ore,Supramax,110085,72.73,538.46,127.95,50.13,54.94,66.43
2025-10-31,Australia,Kakinada,Iron Ore,Supramax,92282,70.98,538.46,127.95,50.13,54.94,66.43
2025-10-31,Brazil,Krishnapatnam,Wheat,Capesize,73397,76.45,538.46,127.95,50.13,54.94,66.43
2025-10-31,Russia,Chennai,Fertilizer,Capesize,65751,76.74,538.46,127.95,50.13,54.94,66.43
2025-11-01,Australia,Kakinada,Iron Ore,Handymax,40341,62.65,514.82,84.88,32.49,80.26,100.0
2025-11-01,Australia,Paradip,Fertilizer,Handysize,50280,65.15,514.82,84.88,32.49,80.26,100.0
2025-11-01,Russia,Paradip,Wheat,Handymax,91818,61.73,514.82,84.88,32.49,80.26,100.0
2025-11-01,Australia,Chennai,Iron Ore,Capesize,95500,76.13,514.82,84.88,32.49,80.26,100.0
2025-11-01,Brazil,Chennai,Coal,Panamax,90350,69.03,514.82,84.88,32.49,80.26,100.0
2025-11-01,Brazil,Kakinada,Iron Ore,Handymax,115306,69.05,514.82,84.88,32.49,80.26,100.0
2025-11-01,Australia,Chennai,Coal,Capesize,61704,71.48,514.82,84.88,32.49,80.26,100.0
2025-11-01,Brazil,Chennai,Coal,Handymax,51993,63.31,514.82,84.88,32.49,80.26,100.0
2025-11-02,Indonesia,Visakhapatnam,Iron Ore,Panamax,85115,84.7,647.79,171.58,46.85,51.06,68.35
2025-11-02,Indonesia,Kakinada,Wheat,Capesize,73890,83.34,647.79,171.58,46.85,51.06,68.35
2025-11-02,Indonesia,Kakinada,Coal,Capesize,106920,85.06,647.79,171.58,46.85,51.06,68.35
2025-11-02,Russia,Krishnapatnam,Iron Ore,Supramax,25325,81.52,647.79,171.58,46.85,51.06,68.35
2025-11-02,Indonesia,Krishnapatnam,Wheat,Supramax,66584,74.28,647.79,171.58,46.85,51.06,68.35
2025-11-02,Australia,Paradip,Fertilizer,Capesize,86511,85.2,647.79,171.58,46.85,51.06,68.35
2025-11-02,Brazil,Kakinada,Iron Ore,Supramax,113805,82.74,647.79,171.58,46.85,51.06,68.35
2025-11-02,Indonesia,Chennai,Bauxite,Handymax,103872,78.46,647.79,171.58,46.85,51.06,68.35
2025-11-03,Russia,Krishnapatnam,Coal,Panamax,70413,85.05,757.16,153.06,43.79,70.9,44.19
2025-11-03,Australia,Visakhapatnam,Bauxite,Handymax,43294,77.52,757.16,153.06,43.79,70.9,44.19
2025-11-03,Russia,Chennai,Bauxite,Supramax,21940,80.53,757.16,153.06,43.79,70.9,44.19
2025-11-03,Russia,Paradip,Bauxite,Handymax,95137,80.13,757.16,153.06,43.79,70.9,44.19
2025-11-03,Russia,Krishnapatnam,Bauxite,Panamax,37455,85.17,757.16,153.06,43.79,70.9,44.19
2025-11-03,Australia,Chennai,Fertilizer,Handysize,119530,78.88,757.16,153.06,43.79,70.9,44.19
2025-11-03,South Africa,Visakhapatnam,Wheat,Panamax,98262,84.43,757.16,153.06,43.79,70.9,44.19
2025-11-03,Russia,Krishnapatnam,Iron Ore,Panamax,71306,89.29,757.16,153.06,43.79,70.9,44.19
2025-11-04,Indonesia,Chennai,Fertilizer,Capesize,113144,82.79,768.07,89.32,54.8,68.75,68.07
2025-11-04,Australia,Visakhapatnam,Coal,Panamax,117675,81.13,768.07,89.32,54.8,68.75,68.07
2025-11-04,Brazil,Krishnapatnam,Fertilizer,Handymax,50487,70.01,768.07,89.32,54.8,68.75,68.07
2025-11-04,Brazil,Visakhapatnam,Iron Ore,Capesize,93931,86.66,768.07,89.32,54.8,68.75,68.07
2025-11-04,South Africa,Visakhapatnam,Coal,Panamax,76212,81.22,768.07,89.32,54.8,68.75,68.07
2025-11-04,Indonesia,Chennai,Bauxite,Handysize,90017,74.67,768.07,89.32,54.8,68.75,68.07
2025-11-04,Russia,Krishnapatnam,Bauxite,Panamax,39120,79.71,768.07,89.32,54.8,68.75,68.07
2025-11-04,Brazil,Paradip,Iron Ore,Supramax,40964,80.28,768.07,89.32,54.8,68.75,68.07
2025-11-05,Brazil,Krishnapatnam,Wheat,Supramax,49954,74.55,656.94,157.28,34.55,68.38,71.94
2025-11-05,Russia,Visakhapatnam,Iron Ore,Panamax,25125,82.59,656.94,157.28,34.55,68.38,71.94
2025-11-05,Australia,Visakhapatnam,Bauxite,Handysize,70486,77.07,656.94,157.28,34.55,68.38,71.94
2025-11-05,Brazil,Chennai,Fertilizer,Handysize,119680,74.82,656.94,157.28,34.55,68.38,71.94
2025-11-05,Indonesia,Krishnapatnam,Wheat,Supramax,106905,77.62,656.94,157.28,34.55,68.38,71.94
2025-11-05,South Africa,Visakhapatnam,Wheat,Supramax,87830,74.98,656.94,157.28,34.55,68.38,71.94
2025-11-05,Australia,Paradip,Coal,Supramax,25177,77.11,656.94,157.28,34.55,68.38,71.94
2025-11-05,South Africa,Paradip,Wheat,Handysize,22916,69.13,656.94,157.28,34.55,68.38,71.94
2025-11-06,South Africa,Chennai,Iron Ore,Supramax,103698,82.46,802.27,150.01,26.19,47.72,37.13
2025-11-06,South Africa,Visakhapatnam,Bauxite,Handysize,77283,74.65,802.27,150.01,26.19,47.72,37.13
2025-11-06,Russia,Kakinada,Coal,Capesize,74932,86.28,802.27,150.01,26.19,47.72,37.13
2025-11-06,South Africa,Chennai,Bauxite,Supramax,118550,83.79,802.27,150.01,26.19,47.72,37.13
2025-11-06,Australia,Kakinada,Wheat,Capesize,44502,86.54,802.27,150.01,26.19,47.72,37.13
2025-11-06,South Africa,Chennai,Bauxite,Panamax,68560,84.05,802.27,150.01,26.19,47.72,37.13
2025-11-06,South Africa,Visakhapatnam,Wheat,Handymax,58286,78.03,802.27,150.01,26.19,47.72,37.13
2025-11-06,Russia,Chennai,Coal,Handymax,82735,80.01,802.27,150.01,26.19,47.72,37.13
2025-11-07,Australia,Kakinada,Iron Ore,Capesize,101212,85.79,745.57,151.3,35.95,49.71,81.2
2025-11-07,South Africa,Paradip,Iron Ore,Handymax,75480,79.46,745.57,151.3,35.95,49.71,81.2
2025-11-07,Australia,Paradip,Fertilizer,Capesize,110639,84.07,745.57,151.3,35.95,49.71,81.2
2025-11-07,Australia,Kakinada,Bauxite,Handymax,21727,75.57,745.57,151.3,35.95,49.71,81.2
2025-11-07,South Africa,Krishnapatnam,Bauxite,Panamax,23098,78.64,745.57,151.3,35.95,49.71,81.2
2025-11-07,Russia,Visakhapatnam,Fertilizer,Handymax,88678,70.02,745.57,151.3,35.95,49.71,81.2
2025-11-07,South Africa,Paradip,Fertilizer,Capesize,92810,81.77,745.57,151.3,35.95,49.71,81.2
2025-11-07,Australia,Krishnapatnam,Iron Ore,Handysize,70773,73.27,745.57,151.3,35.95,49.71,81.2
2025-11-08,Indonesia,Chennai,Bauxite,Handysize,115873,77.29,805.51,80.11,62.73,73.81,60.31
2025-11-08,Australia,Paradip,Bauxite,Supramax,92022,80.01,805.51,80.11,62.73,73.81,60.31
2025-11-08,Brazil,Visakhapatnam,Fertilizer,Supramax,104252,76.9,805.51,80.11,62.73,73.81,60.31
2025-11-08,Russia,Chennai,Coal,Handymax,39421,75.64,805.51,80.11,62.73,73.81,60.31
2025-11-08,South Africa,Kakinada,Bauxite,Supramax,38284,77.64,805.51,80.11,62.73,73.81,60.31
2025-11-08,Brazil,Visakhapatnam,Wheat,Panamax,39279,81.95,805.51,80.11,62.73,73.81,60.31
2025-11-08,Russia,Krishnapatnam,Fertilizer,Supramax,23765,77.28,805.51,80.11,62.73,73.81,60.31
2025-11-08,Russia,Kakinada,Fertilizer,Panamax,26572,81.41,805.51,80.11,62.73,73.81,60.31
2025-11-09,Brazil,Chennai,Fertilizer,Panamax,68121,83.3,630.66,151.55,63.17,62.34,50.67
2025-11-09,Indonesia,Krishnapatnam,Wheat,Panamax,24839,79.85,630.66,151.55,63.17,62.34,50.67
2025-11-09,South Africa,Chennai,Bauxite,Supramax,73576,77.8,630.66,151.55,63.17,62.34,50.67
2025-11-09,South Africa,Chennai,Coal,Handysize,105030,77.04,630.66,151.55,63.17,62.34,50.67
2025-11-09,Indonesia,Krishnapatnam,Coal,Capesize,27570,89.14,630.66,151.55,63.17,62.34,50.67
2025-11-09,Brazil,Chennai,Fertilizer,Handymax,67493,72.4,630.66,151.55,63.17,62.34,50.67
2025-11-09,Indonesia,Krishnapatnam,Fertilizer,Capesize,54216,83.61,630.66,151.55,63.17,62.34,50.67
2025-11-09,Russia,Krishnapatnam,Iron Ore,Capesize,58157,91.27,630.66,151.55,63.17,62.34,50.67
2025-11-10,Russia,Kakinada,Fertilizer,Handysize,114970,72.91,798.62,137.06,30.03,66.73,59.12
2025-11-10,Brazil,Krishnapatnam,Bauxite,Handymax,108043,77.98,798.62,137.06,30.03,66.73,59.12
2025-11-10,Russia,Kakinada,Iron Ore,Handysize,109320,77.84,798.62,137.06,30.03,66.73,59.12
2025-11-10,South Africa,Visakhapatnam,Iron Ore,Capesize,50891,90.11,798.62,137.06,30.03,66.73,59.12
2025-11-10,South Africa,Paradip,Bauxite,Handysize,45008,73.38,798.62,137.06,30.03,66.73,59.12
2025-11-10,South Africa,Chennai,Iron Ore,Panamax,74096,82.57,798.62,137.06,30.03,66.73,59.12
2025-11-10,Indonesia,Visakhapatnam,Bauxite,Panamax,93947,83.25,798.62,137.06,30.03,66.73,59.12
2025-11-10,South Africa,Paradip,Iron Ore,Supramax,75891,78.76,798.62,137.06,30.03,66.73,59.12
2025-11-11,Australia,Krishnapatnam,Coal,Panamax,36251,80.05,558.89,165.59,29.53,84.84,62.39
2025-11-11,Brazil,Visakhapatnam,Bauxite,Panamax,32130,80.29,558.89,165.59,29.53,84.84,62.39
2025-11-11,Indonesia,Chennai,Wheat,Panamax,106722,82.84,558.89,165.59,29.53,84.84,62.39
2025-11-11,Russia,Paradip,Coal,Capesize,58083,85.24,558.89,165.59,29.53,84.84,62.39
2025-11-11,Indonesia,Kakinada,Iron Ore,Capesize,72027,86.78,558.89,165.59,29.53,84.84,62.39
2025-11-11,Indonesia,Paradip,Iron Ore,Panamax,42167,82.4,558.89,165.59,29.53,84.84,62.39
2025-11-11,Brazil,Krishnapatnam,Iron Ore,Handysize,34245,75.3,558.89,165.59,29.53,84.84,62.39
2025-11-11,South Africa,Paradip,Bauxite,Handysize,86873,74.0,558.89,165.59,29.53,84.84,62.39
2025-11-12,Brazil,Krishnapatnam,Iron Ore,Handymax,44977,69.38,765.91,100.74,18.65,55.85,47.76
2025-11-12,Russia,Krishnapatnam,Wheat,Capesize,118062,86.98,765.91,100.74,18.65,55.85,47.76
2025-11-12,Brazil,Visakhapatnam,Iron Ore,Panamax,30812,80.03,765.91,100.74,18.65,55.85,47.76
2025-11-12,South Africa,Kakinada,Bauxite,Panamax,108379,74.85,765.91,100.74,18.65,55.85,47.76
2025-11-12,South Africa,Paradip,Coal,Handysize,96442,72.62,765.91,100.74,18.65,55.85,47.76
2025-11-12,Brazil,Paradip,Bauxite,Supramax,93953,74.19,765.91,100.74,18.65,55.85,47.76
2025-11-12,Australia,Kakinada,Fertilizer,Handysize,117347,67.77,765.91,100.74,18.65,55.85,47.76
2025-11-12,Australia,Visakhapatnam,Wheat,Handysize,62278,65.87,765.91,100.74,18.65,55.85,47.76
2025-11-13,Indonesia,Kakinada,Fertilizer,Panamax,33734,82.6,582.75,153.93,16.85,91.1,44.18
2025-11-13,Brazil,Chennai,Iron Ore,Capesize,47200,84.24,582.75,153.93,16.85,91.1,44.18
2025-11-13,Indonesia,Visakhapatnam,Wheat,Handymax,45196,68.72,582.75,153.93,16.85,91.1,44.18
2025-11-13,Brazil,Chennai,Iron Ore,Handysize,115523,77.71,582.75,153.93,16.85,91.1,44.18
2025-11-13,Brazil,Kakinada,Iron Ore,Handymax,54031,77.32,582.75,153.93,16.85,91.1,44.18
2025-11-13,Australia,Krishnapatnam,Wheat,Handysize,111904,76.08,582.75,153.93,16.85,91.1,44.18
2025-11-13,Australia,Visakhapatnam,Bauxite,Supramax,79051,80.51,582.75,153.93,16.85,91.1,44.18
2025-11-13,Brazil,Visakhapatnam,Iron Ore,Capesize,31593,86.86,582.75,153.93,16.85,91.1,44.18
2025-11-14,Australia,Kakinada,Fertilizer,Handymax,91405,65.32,543.4,86.43,41.36,68.53,50.61
2025-11-14,Brazil,Visakhapatnam,Bauxite,Handymax,117942,70.83,543.4,86.43,41.36,68.53,50.61
2025-11-14,Brazil,Kakinada,Bauxite,Supramax,56940,69.48,543.4,86.43,41.36,68.53,50.61
2025-11-14,Australia,Chennai,Bauxite,Panamax,87384,78.97,543.4,86.43,41.36,68.53,50.61
2025-11-14,Indonesia,Kakinada,Bauxite,Handymax,40264,69.21,543.4,86.43,41.36,68.53,50.61
2025-11-14,Australia,Visakhapatnam,Wheat,Handymax,101625,67.63,543.4,86.43,41.36,68.53,50.61
2025-11-14,Russia,Krishnapatnam,Coal,Handysize,33008,61.88,543.4,86.43,41.36,68.53,50.61
2025-11-14,Brazil,Krishnapatnam,Fertilizer,Capesize,115883,77.89,543.4,86.43,41.36,68.53,50.61
2025-11-15,South Africa,Kakinada,Wheat,Capesize,114015,85.54,766.17,134.45,18.49,90.97,43.63
2025-11-15,South Africa,Kakinada,Coal,Panamax,76292,86.89,766.17,134.45,18.49,90.97,43.63
2025-11-15,South Africa,Chennai,Coal,Capesize,81516,89.36,766.17,134.45,18.49,90.97,43.63
2025-11-15,Indonesia,Paradip,Iron Ore,Panamax,45596,85.55,766.17,134.45,18.49,90.97,43.63
2025-11-15,Brazil,Chennai,Wheat,Handysize,93718,77.21,766.17,134.45,18.49,90.97,43.63
2025-11-15,South Africa,Visakhapatnam,Fertilizer,Handymax,55284,77.94,766.17,134.45,18.49,90.97,43.63
2025-11-15,South Africa,Kakinada,Wheat,Panamax,114138,86.38,766.17,134.45,18.49,90.97,43.63
2025-11-15,Indonesia,Krishnapatnam,Iron Ore,Handymax,67669,82.97,766.17,134.45,18.49,90.97,43.63
2025-11-16,Russia,Krishnapatnam,Coal,Capesize,48442,92.48,803.83,175.13,61.52,60.52,58.78
2025-11-16,South Africa,Chennai,Fertilizer,Capesize,117888,92.79,803.83,175.13,61.52,60.52,58.78
2025-11-16,South Africa,Krishnapatnam,Bauxite,Handymax,84604,83.19,803.83,175.13,61.52,60.52,58.78
2025-11-16,Australia,Visakhapatnam,Iron Ore,Supramax,80824,90.65,803.83,175.13,61.52,60.52,58.78
2025-11-16,Indonesia,Kakinada,Iron Ore,Capesize,25416,90.69,803.83,175.13,61.52,60.52,58.78
2025-11-16,Indonesia,Paradip,Bauxite,Panamax,68142,90.66,803.83,175.13,61.52,60.52,58.78
2025-11-16,Brazil,Chennai,Bauxite,Supramax,35433,87.67,803.83,175.13,61.52,60.52,58.78
2025-11-16,South Africa,Paradip,Wheat,Handysize,53884,78.09,803.83,175.13,61.52,60.52,58.78
2025-11-17,Australia,Visakhapatnam,Wheat,Supramax,60224,72.04,795.0,79.19,21.33,69.03,38.42
2025-11-17,Brazil,Kakinada,Bauxite,Handymax,22337,70.66,795.0,79.19,21.33,69.03,38.42
2025-11-17,Russia,Krishnapatnam,Fertilizer,Supramax,45832,75.33,795.0,79.19,21.33,69.03,38.42
2025-11-17,South Africa,Paradip,Iron Ore,Supramax,23969,76.29,795.0,79.19,21.33,69.03,38.42
2025-11-17,Brazil,Visakhapatnam,Fertilizer,Panamax,66131,74.31,795.0,79.19,21.33,69.03,38.42
2025-11-17,South Africa,Chennai,Wheat,Handymax,54384,70.66,795.0,79.19,21.33,69.03,38.42
2025-11-17,South Africa,Kakinada,Wheat,Capesize,45872,77.76,795.0,79.19,21.33,69.03,38.42
2025-11-17,Australia,Paradip,Wheat,Panamax,65283,75.27,795.0,79.19,21.33,69.03,38.42
2025-11-18,Russia,Chennai,Wheat,Capesize,83925,89.63,811.2,165.18,23.13,100.0,84.12
2025-11-18,Indonesia,Krishnapatnam,Iron Ore,Handysize,23485,76.49,811.2,165.18,23.13,100.0,84.12
2025-11-18,Indonesia,Krishnapatnam,Bauxite,Capesize,33477,91.62,811.2,165.18,23.13,100.0,84.12
2025-11-18,Russia,Visakhapatnam,Fertilizer,Panamax,30353,84.27,811.2,165.18,23.13,100.0,84.12
2025-11-18,Brazil,Chennai,Fertilizer,Handymax,101322,83.16,811.2,165.18,23.13,100.0,84.12
2025-11-18,Brazil,Krishnapatnam,Fertilizer,Capesize,53256,88.84,811.2,165.18,23.13,100.0,84.12
2025-11-18,Brazil,Kakinada,Fertilizer,Panamax,76469,82.76,811.2,165.18,23.13,100.0,84.12
2025-11-18,South Africa,Krishnapatnam,Coal,Handysize,92995,74.18,811.2,165.18,23.13,100.0,84.12
2025-11-19,Australia,Visakhapatnam,Iron Ore,Supramax,68063,88.63,806.18,125.12,56.42,78.84,24.12
2025-11-19,Indonesia,Paradip,Wheat,Panamax,81259,85.9,806.18,125.12,56.42,78.84,24.12
2025-11-19,Russia,Chennai,Fertilizer,Supramax,55773,84.26,806.18,125.12,56.42,78.84,24.12
2025-11-19,Brazil,Visakhapatnam,Coal,Panamax,47952,88.16,806.18,125.12,56.42,78.84,24.12
2025-11-19,Australia,Krishnapatnam,Iron Ore,Handymax,106022,89.36,806.18,125.12,56.42,78.84,24.12
2025-11-19,Russia,Krishnapatnam,Bauxite,Handysize,99047,82.48,806.18,125.12,56.42,78.84,24.12
2025-11-19,Indonesia,Kakinada,Fertilizer,Panamax,103090,89.19,806.18,125.12,56.42,78.84,24.12
2025-11-19,South Africa,Visakhapatnam,Wheat,Supramax,61844,84.8,806.18,125.12,56.42,78.84,24.12
2025-11-20,South Africa,Chennai,Coal,Panamax,37356,81.96,635.62,97.1,62.5,98.88,35.66
2025-11-20,Australia,Krishnapatnam,Wheat,Capesize,115153,87.51,635.62,97.1,62.5,98.88,35.66
2025-11-20,Brazil,Kakinada,Fertilizer,Capesize,44050,87.46,635.62,97.1,62.5,98.88,35.66
2025-11-20,Australia,Paradip,Bauxite,Panamax,111798,88.34,635.62,97.1,62.5,98.88,35.66
2025-11-20,South Africa,Kakinada,Iron Ore,Panamax,71476,86.35,635.62,97.1,62.5,98.88,35.66
2025-11-20,South Africa,Visakhapatnam,Iron Ore,Capesize,98720,92.17,635.62,97.1,62.5,98.88,35.66
2025-11-20,South Africa,Krishnapatnam,Wheat,Handysize,64401,74.65,635.62,97.1,62.5,98.88,35.66
2025-11-20,South Africa,Kakinada,Coal,Supramax,63553,79.85,635.62,97.1,62.5,98.88,35.66
2025-11-21,Russia,Krishnapatnam,Iron Ore,Supramax,83610,86.01,786.94,156.77,49.77,99.42,60.71
2025-11-21,Russia,Visakhapatnam,Wheat,Handysize,73463,83.63,786.94,156.77,49.77,99.42,60.71
2025-11-21,Russia,Paradip,Iron Ore,Supramax,47616,88.05,786.94,156.77,49.77,99.42,60.71
2025-11-21,Indonesia,Kakinada,Iron Ore,Handymax,28287,80.93,786.94,156.77,49.77,99.42,60.71
2025-11-21,Australia,Paradip,Fertilizer,Capesize,51523,93.14,786.94,156.77,49.77,99.42,60.71
2025-11-21,South Africa,Visakhapatnam,Coal,Handymax,104524,84.25,786.94,156.77,49.77,99.42,60.71
2025-11-21,Indonesia,Kakinada,Wheat,Panamax,96031,86.77,786.94,156.77,49.77,99.42,60.71
2025-11-21,Russia,Krishnapatnam,Coal,Capesize,63397,96.37,786.94,156.77,49.77,99.42,60.71
2025-11-22,Australia,Krishnapatnam,Wheat,Handymax,90775,69.5,541.37,90.58,71.27,66.92,51.08
2025-11-22,Russia,Kakinada,Iron Ore,Handymax,53385,71.42,541.37,90.58,71.27,66.92,51.08
2025-11-22,Australia,Paradip,Fertilizer,Handymax,115807,69.74,541.37,90.58,71.27,66.92,51.08
2025-11-22,Australia,Chennai,Coal,Handymax,30945,67.73,541.37,90.58,71.27,66.92,51.08
2025-11-22,Indonesia,Chennai,Wheat,Capesize,97461,77.85,541.37,90.58,71.27,66.92,51.08
2025-11-22,Brazil,Kakinada,Iron Ore,Handymax,32611,68.83,541.37,90.58,71.27,66.92,51.08
2025-11-22,Australia,Kakinada,Fertilizer,Capesize,90495,85.12,541.37,90.58,71.27,66.92,51.08
2025-11-22,Australia,Paradip,Iron Ore,Handysize,20001,72.51,541.37,90.58,71.27,66.92,51.08
2025-11-23,Indonesia,Chennai,Wheat,Handysize,118510,68.91,636.95,98.87,37.77,97.28,84.34
2025-11-23,Russia,Paradip,Iron Ore,Handymax,54912,77.48,636.95,98.87,37.77,97.28,84.34
2025-11-23,Indonesia,Paradip,Coal,Capesize,86653,82.41,636.95,98.87,37.77,97.28,84.34
2025-11-23,Russia,Paradip,Bauxite,Handymax,78195,71.3,636.95,98.87,37.77,97.28,84.34
2025-11-23,South Africa,Paradip,Iron Ore,Handymax,22346,73.81,636.95,98.87,37.77,97.28,84.34
2025-11-23,Brazil,Krishnapatnam,Coal,Supramax,93991,76.32,636.95,98.87,37.77,97.28,84.34
2025-11-23,Russia,Krishnapatnam,Iron Ore,Handysize,76362,69.65,636.95,98.87,37.77,97.28,84.34
2025-11-23,Indonesia,Chennai,Wheat,Handymax,57396,67.73,636.95,98.87,37.77,97.28,84.34
2025-11-24,Brazil,Visakhapatnam,Bauxite,Panamax,105056,88.91,664.47,151.64,41.32,78.42,55.35
2025-11-24,South Africa,Paradip,Iron Ore,Handymax,91795,77.16,664.47,151.64,41.32,78.42,55.35
2025-11-24,South Africa,Paradip,Wheat,Panamax,96879,82.25,664.47,151.64,41.32,78.42,55.35
2025-11-24,Indonesia,Krishnapatnam,Wheat,Handysize,58602,77.12,664.47,151.64,41.32,78.42,55.35
2025-11-24,Russia,Visakhapatnam,Iron Ore,Panamax,38358,85.17,664.47,151.64,41.32,78.42,55.35
2025-11-24,Brazil,Paradip,Bauxite,Handysize,82617,73.39,664.47,151.64,41.32,78.42,55.35
2025-11-24,Australia,Chennai,Fertilizer,Capesize,100085,87.55,664.47,151.64,41.32,78.42,55.35
2025-11-24,South Africa,Kakinada,Bauxite,Panamax,52388,86.85,664.47,151.64,41.32,78.42,55.35
2025-11-25,Brazil,Chennai,Fertilizer,Capesize,96016,91.96,745.11,141.61,49.87,74.88,47.01
2025-11-25,South Africa,Krishnapatnam,Coal,Capesize,112397,91.78,745.11,141.61,49.87,74.88,47.01
2025-11-25,South Africa,Visakhapatnam,Wheat,Handymax,55547,74.78,745.11,141.61,49.87,74.88,47.01
2025-11-25,Indonesia,Visakhapatnam,Wheat,Panamax,39202,79.91,745.11,141.61,49.87,74.88,47.01
2025-11-25,Australia,Kakinada,Iron Ore,Supramax,112966,91.32,745.11,141.61,49.87,74.88,47.01
2025-11-25,South Africa,Chennai,Bauxite,Handysize,34027,77.5,745.11,141.61,49.87,74.88,47.01
2025-11-25,South Africa,Chennai,Fertilizer,Supramax,43645,80.22,745.11,141.61,49.87,74.88,47.01
2025-11-25,Brazil,Visakhapatnam,Coal,Handysize,106448,80.53,745.11,141.61,49.87,74.88,47.01
2025-11-26,Australia,Chennai,Fertilizer,Handymax,22131,68.09,697.81,133.89,47.45,60.23,75.48
2025-11-26,Indonesia,Chennai,Fertilizer,Supramax,106352,75.99,697.81,133.89,47.45,60.23,75.48
2025-11-26,Russia,Krishnapatnam,Fertilizer,Capesize,66511,83.13,697.81,133.89,47.45,60.23,75.48
2025-11-26,Brazil,Krishnapatnam,Fertilizer,Capesize,88872,83.54,697.81,133.89,47.45,60.23,75.48
2025-11-26,Russia,Visakhapatnam,Wheat,Supramax,97556,74.02,697.81,133.89,47.45,60.23,75.48
2025-11-26,Australia,Krishnapatnam,Coal,Panamax,52472,76.74,697.81,133.89,47.45,60.23,75.48
2025-11-26,South Africa,Visakhapatnam,Wheat,Supramax,69252,73.88,697.81,133.89,47.45,60.23,75.48
2025-11-26,Brazil,Kakinada,Bauxite,Handysize,72801,71.86,697.81,133.89,47.45,60.23,75.48
2025-11-27,South Africa,Visakhapatnam,Bauxite,Handysize,102253,70.94,706.92,151.19,31.17,53.0,70.58
2025-11-27,South Africa,Krishnapatnam,Iron Ore,Capesize,71092,84.91,706.92,151.19,31.17,53.0,70.58
2025-11-27,South Africa,Kakinada,Bauxite,Supramax,54723,76.6,706.92,151.19,31.17,53.0,70.58
2025-11-27,South Africa,Chennai,Coal,Supramax,40417,73.56,706.92,151.19,31.17,53.0,70.58
2025-11-27,South Africa,Kakinada,Coal,Handysize,74941,68.95,706.92,151.19,31.17,53.0,70.58
2025-11-27,South Africa,Paradip,Iron Ore,Panamax,29156,80.91,706.92,151.19,31.17,53.0,70.58
2025-11-27,Australia,Chennai,Coal,Handysize,69796,71.67,706.92,151.19,31.17,53.0,70.58
2025-11-27,Indonesia,Chennai,Wheat,Supramax,102179,78.79,706.92,151.19,31.17,53.0,70.58
2025-11-28,Australia,Chennai,Fertilizer,Supramax,32452,74.99,521.95,116.82,64.71,75.59,52.71
2025-11-28,Russia,Visakhapatnam,Wheat,Handysize,38343,67.11,521.95,116.82,64.71,75.59,52.71
2025-11-28,Brazil,Krishnapatnam,Iron Ore,Handymax,40314,73.78,521.95,116.82,64.71,75.59,52.71
2025-11-28,Australia,Chennai,Coal,Panamax,35941,78.08,521.95,116.82,64.71,75.59,52.71
2025-11-28,South Africa,Chennai,Iron Ore,Handysize,87420,76.97,521.95,116.82,64.71,75.59,52.71
2025-11-28,Australia,Krishnapatnam,Iron Ore,Supramax,30887,77.82,521.95,116.82,64.71,75.59,52.71
2025-11-28,Indonesia,Visakhapatnam,Fertilizer,Handysize,40440,70.63,521.95,116.82,64.71,75.59,52.71
2025-11-28,Australia,Krishnapatnam,Coal,Panamax,79850,80.0,521.95,116.82,64.71,75.59,52.71
2025-11-29,South Africa,Krishnapatnam,Iron Ore,Supramax,107717,90.91,720.34,173.77,65.6,58.33,24.22
2025-11-29,Australia,Visakhapatnam,Iron Ore,Supramax,35414,87.66,720.34,173.77,65.6,58.33,24.22
2025-11-29,Russia,Chennai,Bauxite,Capesize,100274,96.34,720.34,173.77,65.6,58.33,24.22
2025-11-29,Brazil,Kakinada,Bauxite,Capesize,116155,95.06,720.34,173.77,65.6,58.33,24.22
2025-11-29,Russia,Visakhapatnam,Bauxite,Panamax,111366,94.44,720.34,173.77,65.6,58.33,24.22
2025-11-29,Australia,Krishnapatnam,Coal,Handymax,90457,83.32,720.34,173.77,65.6,58.33,24.22
2025-11-29,Russia,Visakhapatnam,Fertilizer,Handysize,60593,79.74,720.34,173.77,65.6,58.33,24.22
2025-11-29,Indonesia,Krishnapatnam,Coal,Panamax,82405,91.95,720.34,173.77,65.6,58.33,24.22
2025-11-30,Indonesia,Visakhapatnam,Bauxite,Handymax,116197,75.89,712.23,159.7,30.88,75.85,65.95
2025-11-30,Australia,Krishnapatnam,Fertilizer,Handysize,33651,72.97,712.23,159.7,30.88,75.85,65.95
2025-11-30,Indonesia,Visakhapatnam,Bauxite,Handysize,102656,77.3,712.23,159.7,30.88,75.85,65.95
2025-11-30,South Africa,Kakinada,Iron Ore,Panamax,60293,88.63,712.23,159.7,30.88,75.85,65.95
2025-11-30,South Africa,Krishnapatnam,Iron Ore,Handymax,88383,80.06,712.23,159.7,30.88,75.85,65.95
2025-11-30,South Africa,Visakhapatnam,Iron Ore,Capesize,60887,87.33,712.23,159.7,30.88,75.85,65.95
2025-11-30,Brazil,Paradip,Wheat,Panamax,57772,79.68,712.23,159.7,30.88,75.85,65.95
2025-11-30,Australia,Visakhapatnam,Coal,Supramax,107972,82.11,712.23,159.7,30.88,75.85,65.95
2025-12-01,Indonesia,Visakhapatnam,Fertilizer,Supramax,38131,74.22,641.85,111.11,50.43,87.35,74.46
2025-12-01,Russia,Chennai,Wheat,Handysize,79322,71.61,641.85,111.11,50.43,87.35,74.46
2025-12-01,South Africa,Chennai,Iron Ore,Panamax,34199,86.63,641.85,111.11,50.43,87.35,74.46
2025-12-01,Russia,Paradip,Wheat,Panamax,23065,80.1,641.85,111.11,50.43,87.35,74.46
2025-12-01,Russia,Chennai,Wheat,Handymax,107071,75.22,641.85,111.11,50.43,87.35,74.46
2025-12-01,Russia,Kakinada,Iron Ore,Handysize,73502,78.65,641.85,111.11,50.43,87.35,74.46
2025-12-01,Brazil,Chennai,Coal,Handysize,100174,72.53,641.85,111.11,50.43,87.35,74.46
2025-12-01,South Africa,Visakhapatnam,Bauxite,Capesize,115248,87.14,641.85,111.11,50.43,87.35,74.46
2025-12-02,Australia,Chennai,Bauxite,Supramax,118133,85.13,593.22,160.87,52.67,75.8,51.27
2025-12-02,Australia,Kakinada,Wheat,Capesize,61677,89.0,593.22,160.87,52.67,75.8,51.27
2025-12-02,Brazil,Kakinada,Fertilizer,Panamax,91673,85.37,593.22,160.87,52.67,75.8,51.27
2025-12-02,Brazil,Chennai,Iron Ore,Panamax,113574,90.03,593.22,160.87,52.67,75.8,51.27
2025-12-02,Brazil,Paradip,Wheat,Handysize,36097,76.59,593.22,160.87,52.67,75.8,51.27
2025-12-02,Australia,Chennai,Fertilizer,Capesize,98751,92.85,593.22,160.87,52.67,75.8,51.27
2025-12-02,Brazil,Paradip,Fertilizer,Supramax,36248,83.2,593.22,160.87,52.67,75.8,51.27
2025-12-02,Indonesia,Visakhapatnam,Bauxite,Supramax,47199,84.43,593.22,160.87,52.67,75.8,51.27
2025-12-03,Russia,Chennai,Bauxite,Capesize,59065,87.94,527.97,99.03,46.14,95.67,57.91
2025-12-03,Indonesia,Krishnapatnam,Iron Ore,Capesize,104325,88.11,527.97,99.03,46.14,95.67,57.91
2025-12-03,South Africa,Krishnapatnam,Iron Ore,Handysize,35453,71.12,527.97,99.03,46.14,95.67,57.91
2025-12-03,South Africa,Kakinada,Wheat,Handymax,44816,72.78,527.97,99.03,46.14,95.67,57.91
2025-12-03,Indonesia,Krishnapatnam,Bauxite,Handymax,80730,75.66,527.97,99.03,46.14,95.67,57.91
2025-12-03,Brazil,Kakinada,Iron Ore,Panamax,90914,80.09,527.97,99.03,46.14,95.67,57.91
2025-12-03,Australia,Paradip,Wheat,Handysize,58991,76.36,527.97,99.03,46.14,95.67,57.91
2025-12-03,Indonesia,Krishnapatnam,Wheat,Handysize,46981,69.43,527.97,99.03,46.14,95.67,57.91
2025-12-04,South Africa,Paradip,Iron Ore,Handymax,112963,72.52,520.55,125.42,51.78,53.07,58.79
2025-12-04,Indonesia,Visakhapatnam,Bauxite,Capesize,99248,84.28,520.55,125.42,51.78,53.07,58.79
2025-12-04,Indonesia,Paradip,Wheat,Handysize,59793,68.27,520.55,125.42,51.78,53.07,58.79
2025-12-04,South Africa,Visakhapatnam,Coal,Handysize,27754,69.93,520.55,125.42,51.78,53.07,58.79
2025-12-04,South Africa,Chennai,Wheat,Handymax,24914,67.24,520.55,125.42,51.78,53.07,58.79
2025-12-04,Russia,Paradip,Coal,Supramax,40835,74.67,520.55,125.42,51.78,53.07,58.79
2025-12-04,Australia,Chennai,Bauxite,Supramax,52597,74.1,520.55,125.42,51.78,53.07,58.79
2025-12-04,Brazil,Kakinada,Iron Ore,Supramax,116493,79.51,520.55,125.42,51.78,53.07,58.79
2025-12-05,Russia,Visakhapatnam,Iron Ore,Panamax,37258,85.54,627.74,120.39,52.87,72.48,67.69
2025-12-05,Brazil,Paradip,Fertilizer,Handysize,61808,70.91,627.74,120.39,52.87,72.48,67.69
2025-12-05,Russia,Krishnapatnam,Fertilizer,Handymax,78330,71.24,627.74,120.39,52.87,72.48,67.69
2025-12-05,Indonesia,Kakinada,Bauxite,Panamax,86103,84.78,627.74,120.39,52.87,72.48,67.69
2025-12-05,Indonesia,Paradip,Iron Ore,Handymax,59277,74.39,627.74,120.39,52.87,72.48,67.69
2025-12-05,Brazil,Visakhapatnam,Iron Ore,Handymax,106693,80.7,627.74,120.39,52.87,72.48,67.69
2025-12-05,South Africa,Visakhapatnam,Iron Ore,Handysize,119197,74.67,627.74,120.39,52.87,72.48,67.69
2025-12-05,South Africa,Visakhapatnam,Iron Ore,Supramax,107107,82.78,627.74,120.39,52.87,72.48,67.69
2025-12-06,Australia,Krishnapatnam,Coal,Handysize,86196,66.75,738.9,81.05,47.63,40.6,78.62
2025-12-06,South Africa,Visakhapatnam,Iron Ore,Handysize,86514,72.76,738.9,81.05,47.63,40.6,78.62
2025-12-06,Russia,Krishnapatnam,Wheat,Capesize,98789,79.02,738.9,81.05,47.63,40.6,78.62
2025-12-06,Brazil,Krishnapatnam,Iron Ore,Capesize,116324,81.1,738.9,81.05,47.63,40.6,78.62
2025-12-06,Indonesia,Kakinada,Wheat,Handymax,107801,68.82,738.9,81.05,47.63,40.6,78.62
2025-12-06,Australia,Visakhapatnam,Wheat,Handysize,72242,65.9,738.9,81.05,47.63,40.6,78.62
2025-12-06,Indonesia,Kakinada,Coal,Handymax,68530,70.98,738.9,81.05,47.63,40.6,78.62
2025-12-06,South Africa,Chennai,Bauxite,Supramax,116187,76.64,738.9,81.05,47.63,40.6,78.62
2025-12-07,Australia,Chennai,Iron Ore,Handymax,61382,73.48,579.14,151.84,22.11,58.4,86.55
2025-12-07,Brazil,Chennai,Wheat,Handymax,96977,66.73,579.14,151.84,22.11,58.4,86.55
2025-12-07,Australia,Krishnapatnam,Coal,Supramax,42989,73.03,579.14,151.84,22.11,58.4,86.55
2025-12-07,Russia,Paradip,Coal,Capesize,70738,79.44,579.14,151.84,22.11,58.4,86.55
2025-12-07,Indonesia,Visakhapatnam,Iron Ore,Panamax,98567,83.05,579.14,151.84,22.11,58.4,86.55
2025-12-07,Brazil,Paradip,Bauxite,Handysize,74644,75.05,579.14,151.84,22.11,58.4,86.55
2025-12-07,Australia,Krishnapatnam,Coal,Supramax,39233,72.87,579.14,151.84,22.11,58.4,86.55
2025-12-07,South Africa,Chennai,Iron Ore,Handymax,21821,69.63,579.14,151.84,22.11,58.4,86.55
2025-12-08,Russia,Visakhapatnam,Iron Ore,Capesize,117555,94.89,762.15,132.1,23.88,69.62,51.89
2025-12-08,South Africa,Kakinada,Iron Ore,Supramax,38870,82.28,762.15,132.1,23.88,69.62,51.89
2025-12-08,Russia,Visakhapatnam,Fertilizer,Supramax,49669,80.4,762.15,132.1,23.88,69.62,51.89
2025-12-08,Russia,Chennai,Bauxite,Capesize,112211,87.39,762.15,132.1,23.88,69.62,51.89
2025-12-08,Brazil,Chennai,Coal,Handymax,95367,80.95,762.15,132.1,23.88,69.62,51.89
2025-12-08,Russia,Paradip,Fertilizer,Handysize,60601,74.35,762.15,132.1,23.88,69.62,51.89
2025-12-08,Indonesia,Paradip,Wheat,Capesize,57020,84.46,762.15,132.1,23.88,69.62,51.89
2025-12-08,South Africa,Kakinada,Wheat,Handymax,85079,75.49,762.15,132.1,23.88,69.62,51.89
2025-12-09,Russia,Chennai,Coal,Capesize,55189,93.5,738.39,150.07,15.26,100.0,54.98
2025-12-09,South Africa,Kakinada,Bauxite,Capesize,60025,92.94,738.39,150.07,15.26,100.0,54.98
2025-12-09,Brazil,Krishnapatnam,Iron Ore,Handysize,98105,81.07,738.39,150.07,15.26,100.0,54.98
2025-12-09,Brazil,Kakinada,Bauxite,Capesize,28742,88.17,738.39,150.07,15.26,100.0,54.98
2025-12-09,Brazil,Visakhapatnam,Coal,Capesize,38157,90.97,738.39,150.07,15.26,100.0,54.98
2025-12-09,Brazil,Chennai,Wheat,Handysize,79716,77.34,738.39,150.07,15.26,100.0,54.98
2025-12-09,Brazil,Paradip,Fertilizer,Supramax,66892,83.63,738.39,150.07,15.26,100.0,54.98
2025-12-09,Russia,Paradip,Wheat,Handymax,76325,79.83,738.39,150.07,15.26,100.0,54.98
2025-12-10,Australia,Krishnapatnam,Wheat,Handysize,87999,64.84,647.76,94.53,35.4,57.15,60.29
2025-12-10,Australia,Visakhapatnam,Bauxite,Panamax,21777,77.6,647.76,94.53,35.4,57.15,60.29
2025-12-10,Russia,Visakhapatnam,Wheat,Supramax,67198,68.41,647.76,94.53,35.4,57.15,60.29
2025-12-10,Brazil,Krishnapatnam,Iron Ore,Handysize,96994,67.77,647.76,94.53,35.4,57.15,60.29
2025-12-10,Russia,Chennai,Fertilizer,Supramax,46642,73.06,647.76,94.53,35.4,57.15,60.29
2025-12-10,Brazil,Krishnapatnam,Wheat,Supramax,110965,71.36,647.76,94.53,35.4,57.15,60.29
2025-12-10,Brazil,Paradip,Coal,Capesize,61784,77.73,647.76,94.53,35.4,57.15,60.29
2025-12-10,Russia,Paradip,Iron Ore,Supramax,102981,76.25,647.76,94.53,35.4,57.15,60.29
2025-12-11,Brazil,Kakinada,Coal,Handymax,60800,75.92,569.45,100.19,46.65,77.3,44.86
2025-12-11,Indonesia,Paradip,Fertilizer,Handysize,32291,70.94,569.45,100.19,46.65,77.3,44.86
2025-12-11,Brazil,Kakinada,Wheat,Panamax,87639,79.35,569.45,100.19,46.65,77.3,44.86
2025-12-11,Indonesia,Paradip,Fertilizer,Panamax,31419,76.08,569.45,100.19,46.65,77.3,44.86
2025-12-11,South Africa,Krishnapatnam,Coal,Panamax,51349,80.71,569.45,100.19,46.65,77.3,44.86
2025-12-11,South Africa,Paradip,Bauxite,Handysize,81476,70.79,569.45,100.19,46.65,77.3,44.86
2025-12-11,Indonesia,Chennai,Wheat,Supramax,110919,79.84,569.45,100.19,46.65,77.3,44.86
2025-12-11,Australia,Visakhapatnam,Fertilizer,Handymax,83690,75.09,569.45,100.19,46.65,77.3,44.86
2025-12-12,Russia,Paradip,Wheat,Panamax,88536,84.55,717.91,135.66,47.73,64.15,54.44
2025-12-12,Brazil,Visakhapatnam,Bauxite,Supramax,59139,81.75,717.91,135.66,47.73,64.15,54.44
2025-12-12,Russia,Visakhapatnam,Fertilizer,Supramax,40247,77.55,717.91,135.66,47.73,64.15,54.44
2025-12-12,Brazil,Visakhapatnam,Fertilizer,Handymax,75139,80.95,717.91,135.66,47.73,64.15,54.44
2025-12-12,South Africa,Chennai,Bauxite,Handysize,54314,76.32,717.91,135.66,47.73,64.15,54.44
2025-12-12,Russia,Kakinada,Bauxite,Capesize,88415,89.71,717.91,135.66,47.73,64.15,54.44
2025-12-12,Russia,Paradip,Wheat,Capesize,27719,88.74,717.91,135.66,47.73,64.15,54.44
2025-12-12,Brazil,Chennai,Iron Ore,Panamax,73301,83.15,717.91,135.66,47.73,64.15,54.44
2025-12-13,South Africa,Paradip,Wheat,Supramax,116782,74.15,642.59,87.04,39.51,58.51,66.99
2025-12-13,Russia,Paradip,Coal,Handysize,30269,66.79,642.59,87.04,39.51,58.51,66.99
2025-12-13,South Africa,Chennai,Wheat,Panamax,22224,72.67,642.59,87.04,39.51,58.51,66.99
2025-12-13,Australia,Krishnapatnam,Coal,Supramax,71647,71.62,642.59,87.04,39.51,58.51,66.99
2025-12-13,Russia,Krishnapatnam,Fertilizer,Handymax,32052,66.24,642.59,87.04,39.51,58.51,66.99
2025-12-13,Indonesia,Krishnapatnam,Bauxite,Panamax,58596,73.69,642.59,87.04,39.51,58.51,66.99
2025-12-13,South Africa,Visakhapatnam,Wheat,Supramax,93769,73.84,642.59,87.04,39.51,58.51,66.99
2025-12-13,Indonesia,Paradip,Iron Ore,Supramax,50161,77.78,642.59,87.04,39.51,58.51,66.99
2025-12-14,Brazil,Kakinada,Fertilizer,Supramax,99926,82.36,763.11,175.45,21.14,68.39,72.83
2025-12-14,South Africa,Paradip,Iron Ore,Panamax,83762,90.0,763.11,175.45,21.14,68.39,72.83
2025-12-14,Russia,Kakinada,Bauxite,Panamax,108209,92.44,763.11,175.45,21.14,68.39,72.83
2025-12-14,Brazil,Krishnapatnam,Wheat,Handymax,80078,79.96,763.11,175.45,21.14,68.39,72.83
2025-12-14,South Africa,Paradip,Bauxite,Handymax,61426,80.66,763.11,175.45,21.14,68.39,72.83
2025-12-14,South Africa,Chennai,Iron Ore,Handymax,110675,79.82,763.11,175.45,21.14,68.39,72.83
2025-12-14,Russia,Kakinada,Bauxite,Capesize,89346,92.69,763.11,175.45,21.14,68.39,72.83
2025-12-14,Brazil,Krishnapatnam,Coal,Capesize,22027,87.31,763.11,175.45,21.14,68.39,72.83
2025-12-15,Russia,Kakinada,Bauxite,Capesize,62479,80.53,571.01,81.9,35.86,54.96,48.95
2025-12-15,Indonesia,Paradip,Fertilizer,Handymax,45456,63.53,571.01,81.9,35.86,54.96,48.95
2025-12-15,Brazil,Kakinada,Coal,Panamax,44412,76.88,571.01,81.9,35.86,54.96,48.95
2025-12-15,Brazil,Paradip,Bauxite,Capesize,42891,77.57,571.01,81.9,35.86,54.96,48.95
2025-12-15,South Africa,Paradip,Coal,Handymax,74172,71.31,571.01,81.9,35.86,54.96,48.95
2025-12-15,Australia,Chennai,Wheat,Supramax,48321,66.31,571.01,81.9,35.86,54.96,48.95
2025-12-15,South Africa,Visakhapatnam,Coal,Handysize,96333,65.85,571.01,81.9,35.86,54.96,48.95
2025-12-15,Indonesia,Kakinada,Fertilizer,Handymax,68177,71.38,571.01,81.9,35.86,54.96,48.95
2025-12-16,Australia,Paradip,Bauxite,Capesize,95128,90.42,675.57,143.61,49.6,65.99,55.6
2025-12-16,Indonesia,Paradip,Bauxite,Handysize,109678,78.84,675.57,143.61,49.6,65.99,55.6
2025-12-16,Russia,Kakinada,Iron Ore,Supramax,119875,87.63,675.57,143.61,49.6,65.99,55.6
2025-12-16,Indonesia,Krishnapatnam,Bauxite,Capesize,74663,90.39,675.57,143.61,49.6,65.99,55.6
2025-12-16,Indonesia,Visakhapatnam,Fertilizer,Handysize,105693,78.47,675.57,143.61,49.6,65.99,55.6
2025-12-16,Brazil,Chennai,Fertilizer,Handymax,111554,79.96,675.57,143.61,49.6,65.99,55.6
2025-12-16,Brazil,Krishnapatnam,Fertilizer,Handysize,103848,79.33,675.57,143.61,49.6,65.99,55.6
2025-12-16,Indonesia,Paradip,Bauxite,Handymax,92397,76.08,675.57,143.61,49.6,65.99,55.6
2025-12-17,South Africa,Paradip,Coal,Panamax,62844,85.76,670.05,112.19,80.97,69.74,58.34
2025-12-17,Brazil,Paradip,Iron Ore,Handysize,103400,84.53,670.05,112.19,80.97,69.74,58.34
2025-12-17,Australia,Paradip,Fertilizer,Capesize,102419,90.4,670.05,112.19,80.97,69.74,58.34
2025-12-17,Australia,Paradip,Wheat,Handymax,107242,78.5,670.05,112.19,80.97,69.74,58.34
2025-12-17,Russia,Krishnapatnam,Iron Ore,Supramax,38698,82.75,670.05,112.19,80.97,69.74,58.34
2025-12-17,Indonesia,Kakinada,Coal,Panamax,61096,86.45,670.05,112.19,80.97,69.74,58.34
2025-12-17,Brazil,Krishnapatnam,Iron Ore,Handysize,81937,83.17,670.05,112.19,80.97,69.74,58.34
2025-12-17,South Africa,Chennai,Iron Ore,Supramax,30948,86.03,670.05,112.19,80.97,69.74,58.34
2025-12-18,Australia,Chennai,Coal,Handymax,47945,79.36,723.08,146.37,38.51,88.82,77.58
2025-12-18,Australia,Visakhapatnam,Bauxite,Handysize,96544,81.97,723.08,146.37,38.51,88.82,77.58
2025-12-18,Russia,Chennai,Coal,Handymax,101993,80.68,723.08,146.37,38.51,88.82,77.58
2025-12-18,Indonesia,Visakhapatnam,Bauxite,Handymax,20815,81.42,723.08,146.37,38.51,88.82,77.58
2025-12-18,Russia,Paradip,Iron Ore,Handymax,93421,84.95,723.08,146.37,38.51,88.82,77.58
2025-12-18,Russia,Chennai,Wheat,Supramax,119361,83.04,723.08,146.37,38.51,88.82,77.58
2025-12-18,Australia,Krishnapatnam,Wheat,Capesize,65486,87.68,723.08,146.37,38.51,88.82,77.58
2025-12-18,Russia,Kakinada,Iron Ore,Handysize,63423,77.56,723.08,146.37,38.51,88.82,77.58
2025-12-19,Indonesia,Kakinada,Iron Ore,Capesize,21167,86.24,716.53,85.51,25.1,81.34,40.2
2025-12-19,Brazil,Krishnapatnam,Bauxite,Panamax,22674,80.88,716.53,85.51,25.1,81.34,40.2
2025-12-19,Brazil,Kakinada,Wheat,Panamax,29004,77.6,716.53,85.51,25.1,81.34,40.2
2025-12-19,Indonesia,Chennai,Coal,Panamax,108343,80.08,716.53,85.51,25.1,81.34,40.2
2025-12-19,Russia,Paradip,Coal,Handysize,29668,73.8,716.53,85.51,25.1,81.34,40.2
2025-12-19,Indonesia,Kakinada,Coal,Supramax,78450,75.65,716.53,85.51,25.1,81.34,40.2
2025-12-19,Russia,Chennai,Fertilizer,Supramax,45492,76.95,716.53,85.51,25.1,81.34,40.2
2025-12-19,Indonesia,Paradip,Wheat,Capesize,105654,86.13,716.53,85.51,25.1,81.34,40.2
2025-12-20,Brazil,Chennai,Iron Ore,Supramax,114807,81.36,842.75,120.07,19.71,72.34,78.86
2025-12-20,Russia,Paradip,Wheat,Panamax,47045,81.43,842.75,120.07,19.71,72.34,78.86
2025-12-20,Indonesia,Chennai,Wheat,Panamax,56538,81.14,842.75,120.07,19.71,72.34,78.86
2025-12-20,Russia,Paradip,Wheat,Panamax,54329,82.5,842.75,120.07,19.71,72.34,78.86
2025-12-20,South Africa,Visakhapatnam,Iron Ore,Capesize,32438,88.58,842.75,120.07,19.71,72.34,78.86
2025-12-20,Indonesia,Chennai,Bauxite,Panamax,55626,84.01,842.75,120.07,19.71,72.34,78.86
2025-12-20,Indonesia,Kakinada,Coal,Panamax,60187,83.75,842.75,120.07,19.71,72.34,78.86
2025-12-20,Brazil,Paradip,Fertilizer,Capesize,34754,83.71,842.75,120.07,19.71,72.34,78.86
2025-12-21,Brazil,Paradip,Wheat,Handymax,23602,76.44,575.66,146.94,64.9,76.54,39.82
2025-12-21,Indonesia,Chennai,Wheat,Handysize,111468,75.0,575.66,146.94,64.9,76.54,39.82
2025-12-21,Russia,Visakhapatnam,Iron Ore,Supramax,53298,86.24,575.66,146.94,64.9,76.54,39.82
2025-12-21,Indonesia,Paradip,Coal,Supramax,118679,86.25,575.66,146.94,64.9,76.54,39.82
2025-12-21,Russia,Kakinada,Wheat,Panamax,70652,82.18,575.66,146.94,64.9,76.54,39.82
2025-12-21,Brazil,Visakhapatnam,Coal,Handymax,116063,78.89,575.66,146.94,64.9,76.54,39.82
2025-12-21,Australia,Paradip,Wheat,Handysize,116282,76.52,575.66,146.94,64.9,76.54,39.82
2025-12-21,Russia,Kakinada,Bauxite,Handysize,91391,83.17,575.66,146.94,64.9,76.54,39.82
2025-12-22,Indonesia,Krishnapatnam,Fertilizer,Handymax,24923,71.63,522.68,152.0,45.44,73.26,48.79
2025-12-22,South Africa,Krishnapatnam,Fertilizer,Handysize,22229,71.57,522.68,152.0,45.44,73.26,48.79
2025-12-22,Australia,Krishnapatnam,Iron Ore,Capesize,33887,84.5,522.68,152.0,45.44,73.26,48.79
2025-12-22,Russia,Chennai,Iron Ore,Supramax,71447,81.95,522.68,152.0,45.44,73.26,48.79
2025-12-22,Russia,Chennai,Fertilizer,Handysize,98162,72.59,522.68,152.0,45.44,73.26,48.79
2025-12-22,Indonesia,Visakhapatnam,Iron Ore,Capesize,23852,88.42,522.68,152.0,45.44,73.26,48.79
2025-12-22,Australia,Paradip,Wheat,Handymax,71586,72.93,522.68,152.0,45.44,73.26,48.79
2025-12-22,Australia,Krishnapatnam,Wheat,Panamax,98100,80.71,522.68,152.0,45.44,73.26,48.79
2025-12-23,Indonesia,Krishnapatnam,Wheat,Capesize,49172,78.39,693.32,84.74,39.0,75.56,58.8
2025-12-23,Australia,Visakhapatnam,Wheat,Panamax,100607,78.24,693.32,84.74,39.0,75.56,58.8
2025-12-23,Indonesia,Chennai,Coal,Handymax,94713,76.45,693.32,84.74,39.0,75.56,58.8
2025-12-23,Brazil,Krishnapatnam,Bauxite,Handymax,77808,76.9,693.32,84.74,39.0,75.56,58.8
2025-12-23,Brazil,Paradip,Iron Ore,Handymax,54670,77.12,693.32,84.74,39.0,75.56,58.8
2025-12-23,Russia,Krishnapatnam,Bauxite,Handysize,70010,72.03,693.32,84.74,39.0,75.56,58.8
2025-12-23,Indonesia,Paradip,Wheat,Supramax,20013,80.57,693.32,84.74,39.0,75.56,58.8
2025-12-23,South Africa,Visakhapatnam,Fertilizer,Handysize,86663,69.67,693.32,84.74,39.0,75.56,58.8
2025-12-24,South Africa,Paradip,Iron Ore,Panamax,58429,88.65,828.96,179.39,47.09,74.21,91.4
2025-12-24,Indonesia,Krishnapatnam,Bauxite,Panamax,79150,90.28,828.96,179.39,47.09,74.21,91.4
2025-12-24,South Africa,Chennai,Bauxite,Handymax,38597,85.69,828.96,179.39,47.09,74.21,91.4
2025-12-24,South Africa,Kakinada,Bauxite,Capesize,91064,94.52,828.96,179.39,47.09,74.21,91.4
2025-12-24,Australia,Paradip,Wheat,Panamax,21286,87.23,828.96,179.39,47.09,74.21,91.4
2025-12-24,Australia,Krishnapatnam,Wheat,Supramax,48301,81.32,828.96,179.39,47.09,74.21,91.4
2025-12-24,Brazil,Paradip,Wheat,Panamax,24057,89.47,828.96,179.39,47.09,74.21,91.4
2025-12-24,South Africa,Kakinada,Bauxite,Capesize,34493,92.04,828.96,179.39,47.09,74.21,91.4
2025-12-25,Indonesia,Paradip,Iron Ore,Capesize,84738,83.34,585.1,159.17,33.58,33.86,63.29
2025-12-25,Indonesia,Chennai,Iron Ore,Handysize,66555,69.72,585.1,159.17,33.58,33.86,63.29
2025-12-25,Indonesia,Kakinada,Iron Ore,Capesize,80151,81.11,585.1,159.17,33.58,33.86,63.29
2025-12-25,Indonesia,Kakinada,Bauxite,Panamax,66388,79.13,585.1,159.17,33.58,33.86,63.29
2025-12-25,Russia,Chennai,Fertilizer,Panamax,107017,78.96,585.1,159.17,33.58,33.86,63.29
2025-12-25,Australia,Krishnapatnam,Coal,Panamax,79604,80.98,585.1,159.17,33.58,33.86,63.29
2025-12-25,Russia,Chennai,Fertilizer,Capesize,112003,80.28,585.1,159.17,33.58,33.86,63.29
2025-12-25,Brazil,Chennai,Iron Ore,Handymax,76574,73.26,585.1,159.17,33.58,33.86,63.29
2025-12-26,Russia,Kakinada,Wheat,Handymax,71126,77.6,645.64,112.49,69.11,79.16,38.73
2025-12-26,Brazil,Krishnapatnam,Fertilizer,Capesize,92498,87.16,645.64,112.49,69.11,79.16,38.73
2025-12-26,Brazil,Krishnapatnam,Fertilizer,Handymax,48219,80.04,645.64,112.49,69.11,79.16,38.73
2025-12-26,Australia,Chennai,Iron Ore,Handymax,82887,82.96,645.64,112.49,69.11,79.16,38.73
2025-12-26,South Africa,Kakinada,Coal,Capesize,36012,89.43,645.64,112.49,69.11,79.16,38.73
2025-12-26,Indonesia,Visakhapatnam,Wheat,Handymax,68767,77.61,645.64,112.49,69.11,79.16,38.73
2025-12-26,Brazil,Paradip,Wheat,Panamax,37855,83.81,645.64,112.49,69.11,79.16,38.73
2025-12-26,Russia,Paradip,Fertilizer,Handysize,84277,77.52,645.64,112.49,69.11,79.16,38.73
2025-12-27,Indonesia,Visakhapatnam,Wheat,Handysize,41778,69.94,524.44,106.35,62.9,72.14,74.49
2025-12-27,Brazil,Kakinada,Fertilizer,Panamax,39044,77.49,524.44,106.35,62.9,72.14,74.49
2025-12-27,Brazil,Krishnapatnam,Bauxite,Supramax,23297,76.93,524.44,106.35,62.9,72.14,74.49
2025-12-27,Russia,Chennai,Coal,Panamax,112961,76.36,524.44,106.35,62.9,72.14,74.49
2025-12-27,Australia,Krishnapatnam,Bauxite,Supramax,78604,77.28,524.44,106.35,62.9,72.14,74.49
2025-12-27,Russia,Paradip,Fertilizer,Capesize,25057,82.74,524.44,106.35,62.9,72.14,74.49
2025-12-27,Australia,Paradip,Fertilizer,Handysize,96501,68.89,524.44,106.35,62.9,72.14,74.49
2025-12-27,Australia,Krishnapatnam,Iron Ore,Supramax,43160,75.71,524.44,106.35,62.9,72.14,74.49
2025-12-28,South Africa,Paradip,Bauxite,Capesize,108577,85.81,718.72,93.48,25.25,61.6,52.02
2025-12-28,Brazil,Chennai,Coal,Handysize,82597,72.22,718.72,93.48,25.25,61.6,52.02
2025-12-28,Russia,Paradip,Iron Ore,Handymax,99123,76.44,718.72,93.48,25.25,61.6,52.02
2025-12-28,Australia,Paradip,Bauxite,Handysize,95859,72.54,718.72,93.48,25.25,61.6,52.02
2025-12-28,Brazil,Kakinada,Wheat,Handymax,87260,69.44,718.72,93.48,25.25,61.6,52.02
2025-12-28,Brazil,Chennai,Fertilizer,Panamax,119281,76.74,718.72,93.48,25.25,61.6,52.02
2025-12-28,Indonesia,Paradip,Fertilizer,Handymax,28038,74.62,718.72,93.48,25.25,61.6,52.02
2025-12-28,Indonesia,Krishnapatnam,Bauxite,Handysize,109456,72.31,718.72,93.48,25.25,61.6,52.02
2025-12-29,Russia,Chennai,Iron Ore,Handysize,70276,80.85,671.89,138.8,77.9,83.09,73.85
2025-12-29,South Africa,Kakinada,Coal,Handymax,45376,78.9,671.89,138.8,77.9,83.09,73.85
2025-12-29,Australia,Paradip,Iron Ore,Supramax,75442,87.61,671.89,138.8,77.9,83.09,73.85
2025-12-29,Brazil,Paradip,Bauxite,Panamax,114556,94.19,671.89,138.8,77.9,83.09,73.85
2025-12-29,South Africa,Chennai,Coal,Panamax,108340,87.87,671.89,138.8,77.9,83.09,73.85
2025-12-29,Brazil,Visakhapatnam,Bauxite,Handymax,67684,81.81,671.89,138.8,77.9,83.09,73.85
2025-12-29,Australia,Kakinada,Iron Ore,Capesize,61523,93.2,671.89,138.8,77.9,83.09,73.85
2025-12-29,Brazil,Paradip,Iron Ore,Capesize,29075,94.54,671.89,138.8,77.9,83.09,73.85
2025-12-30,Australia,Chennai,Bauxite,Supramax,34939,82.32,682.63,127.48,56.19,51.53,41.4
2025-12-30,South Africa,Chennai,Coal,Capesize,106164,86.68,682.63,127.48,56.19,51.53,41.4
2025-12-30,South Africa,Kakinada,Bauxite,Panamax,96218,85.98,682.63,127.48,56.19,51.53,41.4
2025-12-30,Brazil,Visakhapatnam,Coal,Capesize,65262,89.81,682.63,127.48,56.19,51.53,41.4
2025-12-30,Australia,Visakhapatnam,Bauxite,Capesize,81839,91.6,682.63,127.48,56.19,51.53,41.4
2025-12-30,Indonesia,Kakinada,Fertilizer,Panamax,82272,81.98,682.63,127.48,56.19,51.53,41.4
2025-12-30,Indonesia,Krishnapatnam,Wheat,Supramax,77371,80.67,682.63,127.48,56.19,51.53,41.4
2025-12-30,South Africa,Chennai,Fertilizer,Supramax,49310,80.32,682.63,127.48,56.19,51.53,41.4
2025-12-31,Australia,Kakinada,Coal,Capesize,113462,88.99,548.71,141.57,55.22,77.36,50.71
2025-12-31,South Africa,Kakinada,Bauxite,Panamax,93134,87.57,548.71,141.57,55.22,77.36,50.71
2025-12-31,South Africa,Chennai,Coal,Handymax,112861,78.87,548.71,141.57,55.22,77.36,50.71
2025-12-31,Australia,Chennai,Wheat,Panamax,40537,80.99,548.71,141.57,55.22,77.36,50.71
2025-12-31,Indonesia,Paradip,Fertilizer,Supramax,38958,77.92,548.71,141.57,55.22,77.36,50.71
2025-12-31,Russia,Krishnapatnam,Wheat,Supramax,60701,79.14,548.71,141.57,55.22,77.36,50.71
2025-12-31,Russia,Chennai,Wheat,Panamax,86699,82.38,548.71,141.57,55.22,77.36,50.71
2025-12-31,Indonesia,Visakhapatnam,Wheat,Capesize,118234,89.36,548.71,141.57,55.22,77.36,50.71
